Timestamp,Query,Chunking,Method,K,Num_Chunks,Doc_IDs,Source_Paths,Chunks_Preview,Generated_Answer
12/31/2025 20:23,"How many Chinese military aircraft were reported near Taiwan on May 15, 2024, according to the National Defense Ministry report?",fixed_660,bm25,3,3,"uk_2024-05-22.txt, uk_2025-10-15.txt","chunks_660_output\uk_2024-05-22.txt_chunks\uk_2024-05-22_chunk_1.txt, chunks_660_output\uk_2024-05-22.txt_chunks\uk_2024-05-22_chunk_2.txt, chunks_660_output\uk_2025-10-15.txt_chunks\uk_2025-10-15_chunk_3.txt","[uk_2024-05-22.txt | uk_2024-05-22_chunk_1] ?Title: CELEBRATING THE 150TH ANNIVERSARY OF NAPERVILLE FIRE DEPARTMENT; Congressional Record Vol. 170, No. 89  From the Congressional Record Online through the Government Publishing Office [<a href='https://www.gpo.gov'>www.gpo.gov</a>]  CELEBRATING THE 150TH ANNIVERSARY OF NAPERVILLE FIRE DEPARTME
[uk_2024-05-22.txt | uk_2024-05-22_chunk_2] On May 15,  2024, Taiwan's National Defense Ministry reported 45 Chinese military  aircraft around the island, in just one day. With these growing  tensions, the pressure on President Lai to balance security risks with  promises of protecting the independence of Taiwan are high. Though the United St
[uk_2025-10-15.txt | uk_2025-10-15_chunk_3] OCTOBER 22  9:30 a.m.  Committee on Foreign Relations  Business meeting to consider S. 2960, to develop economic  tools to deter aggression by the People's Republic of  China against Taiwan, S. 2130, to make improvements to  the AUKUS partnership, S. 2424, to require a report of,  and a strategy to","Taiwan's National Defense Ministry reported 45 Chinese military aircraft around the island on May 15, 2024 (uk_2024-05-22.txt)."
12/31/2025 20:23,"How many Chinese military aircraft were reported near Taiwan on May 15, 2024, according to the National Defense Ministry report?",fixed_660,bm25,5,5,"uk_2024-05-22.txt, uk_2025-10-15.txt, us_2023-07-18.txt","chunks_660_output\uk_2024-05-22.txt_chunks\uk_2024-05-22_chunk_1.txt, chunks_660_output\uk_2024-05-22.txt_chunks\uk_2024-05-22_chunk_2.txt, chunks_660_output\uk_2025-10-15.txt_chunks\uk_2025-10-15_chunk_2.txt, chunks_660_output\uk_2025-10-15.txt_chunks\uk_2025-10-15_chunk_3.txt, chunks_660_output\us_2023-07-18.txt_chunks\us_2023-07-18_chunk_6.txt","[uk_2024-05-22.txt | uk_2024-05-22_chunk_1] ?Title: CELEBRATING THE 150TH ANNIVERSARY OF NAPERVILLE FIRE DEPARTMENT; Congressional Record Vol. 170, No. 89  From the Congressional Record Online through the Government Publishing Office [<a href='https://www.gpo.gov'>www.gpo.gov</a>]  CELEBRATING THE 150TH ANNIVERSARY OF NAPERVILLE FIRE DEPARTME
[uk_2024-05-22.txt | uk_2024-05-22_chunk_2] On May 15,  2024, Taiwan's National Defense Ministry reported 45 Chinese military  aircraft around the island, in just one day. With these growing  tensions, the pressure on President Lai to balance security risks with  promises of protecting the independence of Taiwan are high. Though the United St
[uk_2025-10-15.txt | uk_2025-10-15_chunk_3] OCTOBER 22  9:30 a.m.  Committee on Foreign Relations  Business meeting to consider S. 2960, to develop economic  tools to deter aggression by the People's Republic of  China against Taiwan, S. 2130, to make improvements to  the AUKUS partnership, S. 2424, to require a report of,  and a strategy to
[uk_2025-10-15.txt | uk_2025-10-15_chunk_2] MEETINGS SCHEDULED  OCTOBER 21  9:30 a.m.  Committee on Armed Services  To receive a closed briefing on the Joint Interagency  Task Force 401. 10 a.m.  Committee on Banking, Housing, and Urban Affairs  Subcommittee on Housing, Transportation, and Community  Development  To hold hearings to examine i
[us_2023-07-18.txt | us_2023-07-18_chunk_6] 330, H.R. 813--Global Investment in American Jobs Act of 2023, as amended. ____________________ PROVIDING FOR CONSIDERATION OF H.R. 2670, NATIONAL DEFENSE AUTHORIZATION ACT FOR FISCAL YEAR 2024; Congressional Record Vol. 169, No. 123    Date: 2023-07-18 Volume: 169, Issue: 123 Pages: E693 - E694 ===","Taiwan's National Defense Ministry reported 45 Chinese military aircraft around the island on May 15, 2024 (uk_2024-05-22.txt)."
12/31/2025 20:23,"How many Chinese military aircraft were reported near Taiwan on May 15, 2024, according to the National Defense Ministry report?",fixed_660,bm25,10,10,"uk_2024-05-22.txt, uk_2025-07-10.txt, uk_2025-10-06.txt, uk_2025-10-08.txt, uk_2025-10-15.txt, uk_2025-10-20.txt, us_2023-07-18.txt","chunks_660_output\uk_2024-05-22.txt_chunks\uk_2024-05-22_chunk_1.txt, chunks_660_output\uk_2024-05-22.txt_chunks\uk_2024-05-22_chunk_2.txt, chunks_660_output\uk_2025-07-10.txt_chunks\uk_2025-07-10_chunk_3.txt, chunks_660_output\uk_2025-10-06.txt_chunks\uk_2025-10-06_chunk_11.txt, chunks_660_output\uk_2025-10-08.txt_chunks\uk_2025-10-08_chunk_8.txt, chunks_660_output\uk_2025-10-15.txt_chunks\uk_2025-10-15_chunk_2.txt, chunks_660_output\uk_2025-10-15.txt_chunks\uk_2025-10-15_chunk_3.txt, chunks_660_output\uk_2025-10-20.txt_chunks\uk_2025-10-20_chunk_2.txt, chunks_660_output\us_2023-07-18.txt_chunks\us_2023-07-18_chunk_4.txt, chunks_660_output\us_2023-07-18.txt_chunks\us_2023-07-18_chunk_6.txt","[uk_2024-05-22.txt | uk_2024-05-22_chunk_1] ?Title: CELEBRATING THE 150TH ANNIVERSARY OF NAPERVILLE FIRE DEPARTMENT; Congressional Record Vol. 170, No. 89  From the Congressional Record Online through the Government Publishing Office [<a href='https://www.gpo.gov'>www.gpo.gov</a>]  CELEBRATING THE 150TH ANNIVERSARY OF NAPERVILLE FIRE DEPARTME
[uk_2024-05-22.txt | uk_2024-05-22_chunk_2] On May 15,  2024, Taiwan's National Defense Ministry reported 45 Chinese military  aircraft around the island, in just one day. With these growing  tensions, the pressure on President Lai to balance security risks with  promises of protecting the independence of Taiwan are high. Though the United St
[uk_2025-10-15.txt | uk_2025-10-15_chunk_3] OCTOBER 22  9:30 a.m.  Committee on Foreign Relations  Business meeting to consider S. 2960, to develop economic  tools to deter aggression by the People's Republic of  China against Taiwan, S. 2130, to make improvements to  the AUKUS partnership, S. 2424, to require a report of,  and a strategy to
[uk_2025-10-15.txt | uk_2025-10-15_chunk_2] MEETINGS SCHEDULED  OCTOBER 21  9:30 a.m.  Committee on Armed Services  To receive a closed briefing on the Joint Interagency  Task Force 401. 10 a.m.  Committee on Banking, Housing, and Urban Affairs  Subcommittee on Housing, Transportation, and Community  Development  To hold hearings to examine i
[us_2023-07-18.txt | us_2023-07-18_chunk_6] 330, H.R. 813--Global Investment in American Jobs Act of 2023, as amended. ____________________ PROVIDING FOR CONSIDERATION OF H.R. 2670, NATIONAL DEFENSE AUTHORIZATION ACT FOR FISCAL YEAR 2024; Congressional Record Vol. 169, No. 123    Date: 2023-07-18 Volume: 169, Issue: 123 Pages: E693 - E694 ===
[uk_2025-10-20.txt | uk_2025-10-20_chunk_2] Meetings scheduled for Tuesday, October 21, 2025 may be found in the  Daily Digest of today's Record. MEETINGS SCHEDULED  OCTOBER 22  Time to be announced  Committee on Veterans' Affairs  Business meeting to consider the nomination of John  Bartrum, of Indiana, to be Under Secretary of Veterans  Aff
[us_2023-07-18.txt | us_2023-07-18_chunk_4] While I am grateful that one of my amendments was made in order, the Jackson Lee Amendment No. 1075 (No. 136 as reported in the Rule) and included in the En Bloc package No. 3, it is beyond disappointing and disgraceful that my additional 19 amendments were not made in order-- and particularly ones
[uk_2025-10-08.txt | uk_2025-10-08_chunk_8] This  title requires all such committees to notify the Office of the Senate  Daily Digest--designated by the Rules Committee--of the time, place and  purpose of the meetings, when scheduled and any cancellations or  changes in the meetings as they occur. As an additional procedure along with the com
[uk_2025-07-10.txt | uk_2025-07-10_chunk_3] According to her, by the time she was in high school, she was truly  addicted to learning as much as she could about what was going on in  the world around her. So, it was no great surprise when she graduated  from Bob Jones University in Greenville, South Carolina, with a  Bachelors degree in TV Ne
[uk_2025-10-06.txt | uk_2025-10-06_chunk_11] OCTOBER 22  9:30 a.m.  Committee on Foreign Relations  Business meeting to consider S. 2130, to make  improvements to the AUKUS partnership, S. 2424, to  require a report of, and a strategy to combat, arms  sales of the Government of the People's Republic of  China, S. 1744, to amend the Arms Export","Taiwan's National Defense Ministry reported 45 Chinese military aircraft around the island on May 15, 2024 (uk_2024-05-22.txt)."
12/31/2025 20:23,"How many Chinese military aircraft were reported near Taiwan on May 15, 2024, according to the National Defense Ministry report?",fixed_660,dense,3,3,"uk_2024-05-22.txt, uk_2025-10-15.txt, us_2023-09-14.txt","chunks_660_output\uk_2024-05-22.txt_chunks\uk_2024-05-22_chunk_2.txt, chunks_660_output\uk_2025-10-15.txt_chunks\uk_2025-10-15_chunk_3.txt, chunks_660_output\us_2023-09-14.txt_chunks\us_2023-09-14_chunk_7.txt","[uk_2024-05-22.txt | uk_2024-05-22_chunk_2] On May 15,  2024, Taiwan's National Defense Ministry reported 45 Chinese military  aircraft around the island, in just one day. With these growing  tensions, the pressure on President Lai to balance security risks with  promises of protecting the independence of Taiwan are high. Though the United St
[us_2023-09-14.txt | us_2023-09-14_chunk_7] We need strength--not payoffs and appeasement--to deter future hostility from this rogue regime. ____________________ RECOGNIZING THE 112TH NATIONAL DAY OF THE REPUBLIC OF CHINA (TAIWAN); Congressional Record Vol. 169, No. 149    Date: 2023-09-14 Volume: 169, Issue: 149 Pages: E850 - E850 ==========
[uk_2025-10-15.txt | uk_2025-10-15_chunk_3] OCTOBER 22  9:30 a.m.  Committee on Foreign Relations  Business meeting to consider S. 2960, to develop economic  tools to deter aggression by the People's Republic of  China against Taiwan, S. 2130, to make improvements to  the AUKUS partnership, S. 2424, to require a report of,  and a strategy to","According to Taiwan's National Defense Ministry, 45 Chinese military aircraft were reported around the island on May 15, 2024 (uk_2024-05-22.txt)."
12/31/2025 20:23,"How many Chinese military aircraft were reported near Taiwan on May 15, 2024, according to the National Defense Ministry report?",fixed_660,dense,5,5,"uk_2024-05-22.txt, uk_2025-10-08.txt, uk_2025-10-15.txt, uk_2025-10-20.txt, us_2023-09-14.txt","chunks_660_output\uk_2024-05-22.txt_chunks\uk_2024-05-22_chunk_2.txt, chunks_660_output\uk_2025-10-08.txt_chunks\uk_2025-10-08_chunk_8.txt, chunks_660_output\uk_2025-10-15.txt_chunks\uk_2025-10-15_chunk_3.txt, chunks_660_output\uk_2025-10-20.txt_chunks\uk_2025-10-20_chunk_2.txt, chunks_660_output\us_2023-09-14.txt_chunks\us_2023-09-14_chunk_7.txt","[uk_2024-05-22.txt | uk_2024-05-22_chunk_2] On May 15,  2024, Taiwan's National Defense Ministry reported 45 Chinese military  aircraft around the island, in just one day. With these growing  tensions, the pressure on President Lai to balance security risks with  promises of protecting the independence of Taiwan are high. Though the United St
[us_2023-09-14.txt | us_2023-09-14_chunk_7] We need strength--not payoffs and appeasement--to deter future hostility from this rogue regime. ____________________ RECOGNIZING THE 112TH NATIONAL DAY OF THE REPUBLIC OF CHINA (TAIWAN); Congressional Record Vol. 169, No. 149    Date: 2023-09-14 Volume: 169, Issue: 149 Pages: E850 - E850 ==========
[uk_2025-10-15.txt | uk_2025-10-15_chunk_3] OCTOBER 22  9:30 a.m.  Committee on Foreign Relations  Business meeting to consider S. 2960, to develop economic  tools to deter aggression by the People's Republic of  China against Taiwan, S. 2130, to make improvements to  the AUKUS partnership, S. 2424, to require a report of,  and a strategy to
[uk_2025-10-20.txt | uk_2025-10-20_chunk_2] Meetings scheduled for Tuesday, October 21, 2025 may be found in the  Daily Digest of today's Record. MEETINGS SCHEDULED  OCTOBER 22  Time to be announced  Committee on Veterans' Affairs  Business meeting to consider the nomination of John  Bartrum, of Indiana, to be Under Secretary of Veterans  Aff
[uk_2025-10-08.txt | uk_2025-10-08_chunk_8] This  title requires all such committees to notify the Office of the Senate  Daily Digest--designated by the Rules Committee--of the time, place and  purpose of the meetings, when scheduled and any cancellations or  changes in the meetings as they occur. As an additional procedure along with the com","According to Taiwan's National Defense Ministry, 45 Chinese military aircraft were reported around the island on May 15, 2024, in just one day (uk_2024-05-22.txt)."
12/31/2025 20:23,"How many Chinese military aircraft were reported near Taiwan on May 15, 2024, according to the National Defense Ministry report?",fixed_660,dense,10,10,"uk_2024-05-22.txt, uk_2024-09-12.txt, uk_2024-09-23.txt, uk_2025-10-06.txt, uk_2025-10-08.txt, uk_2025-10-15.txt, uk_2025-10-20.txt, us_2023-07-18.txt, us_2023-09-14.txt, us_2023-12-15.txt","chunks_660_output\uk_2024-05-22.txt_chunks\uk_2024-05-22_chunk_2.txt, chunks_660_output\uk_2024-09-12.txt_chunks\uk_2024-09-12_chunk_5.txt, chunks_660_output\uk_2024-09-23.txt_chunks\uk_2024-09-23_chunk_7.txt, chunks_660_output\uk_2025-10-06.txt_chunks\uk_2025-10-06_chunk_11.txt, chunks_660_output\uk_2025-10-08.txt_chunks\uk_2025-10-08_chunk_8.txt, chunks_660_output\uk_2025-10-15.txt_chunks\uk_2025-10-15_chunk_3.txt, chunks_660_output\uk_2025-10-20.txt_chunks\uk_2025-10-20_chunk_2.txt, chunks_660_output\us_2023-07-18.txt_chunks\us_2023-07-18_chunk_6.txt, chunks_660_output\us_2023-09-14.txt_chunks\us_2023-09-14_chunk_7.txt, chunks_660_output\us_2023-12-15.txt_chunks\us_2023-12-15_chunk_1.txt","[uk_2024-05-22.txt | uk_2024-05-22_chunk_2] On May 15,  2024, Taiwan's National Defense Ministry reported 45 Chinese military  aircraft around the island, in just one day. With these growing  tensions, the pressure on President Lai to balance security risks with  promises of protecting the independence of Taiwan are high. Though the United St
[us_2023-09-14.txt | us_2023-09-14_chunk_7] We need strength--not payoffs and appeasement--to deter future hostility from this rogue regime. ____________________ RECOGNIZING THE 112TH NATIONAL DAY OF THE REPUBLIC OF CHINA (TAIWAN); Congressional Record Vol. 169, No. 149    Date: 2023-09-14 Volume: 169, Issue: 149 Pages: E850 - E850 ==========
[uk_2025-10-15.txt | uk_2025-10-15_chunk_3] OCTOBER 22  9:30 a.m.  Committee on Foreign Relations  Business meeting to consider S. 2960, to develop economic  tools to deter aggression by the People's Republic of  China against Taiwan, S. 2130, to make improvements to  the AUKUS partnership, S. 2424, to require a report of,  and a strategy to
[uk_2025-10-20.txt | uk_2025-10-20_chunk_2] Meetings scheduled for Tuesday, October 21, 2025 may be found in the  Daily Digest of today's Record. MEETINGS SCHEDULED  OCTOBER 22  Time to be announced  Committee on Veterans' Affairs  Business meeting to consider the nomination of John  Bartrum, of Indiana, to be Under Secretary of Veterans  Aff
[uk_2025-10-08.txt | uk_2025-10-08_chunk_8] This  title requires all such committees to notify the Office of the Senate  Daily Digest--designated by the Rules Committee--of the time, place and  purpose of the meetings, when scheduled and any cancellations or  changes in the meetings as they occur. As an additional procedure along with the com
[uk_2024-09-12.txt | uk_2024-09-12_chunk_5] As the primary liaison between Members  of Congress, our staffs, committees, and U.S. Transportation Command,  Colonel Foy communicated the commander's legislative priorities and  ensured appropriations for three sealift vessels valued at $300 million  into the Ready Reserve Force and enrollment of
[uk_2025-10-06.txt | uk_2025-10-06_chunk_11] OCTOBER 22  9:30 a.m.  Committee on Foreign Relations  Business meeting to consider S. 2130, to make  improvements to the AUKUS partnership, S. 2424, to  require a report of, and a strategy to combat, arms  sales of the Government of the People's Republic of  China, S. 1744, to amend the Arms Export
[us_2023-07-18.txt | us_2023-07-18_chunk_6] 330, H.R. 813--Global Investment in American Jobs Act of 2023, as amended. ____________________ PROVIDING FOR CONSIDERATION OF H.R. 2670, NATIONAL DEFENSE AUTHORIZATION ACT FOR FISCAL YEAR 2024; Congressional Record Vol. 169, No. 123    Date: 2023-07-18 Volume: 169, Issue: 123 Pages: E693 - E694 ===
[uk_2024-09-23.txt | uk_2024-09-23_chunk_7] Humberto A. Sanchez, 22, from Logansport,  Indiana  Marine Corps Lance Cpl. David L. Espinoza, 20, from Rio  Bravo, Texas  Marine Corps Lance Cpl. Jared M. Schmitz, 20, from St.  Charles, Missouri  Marine Corps Lance Cpl. Rylee J. McCollum, 20, from  Jackson, Wyoming  Marine Corps Lance Cpl. Dylan R
[us_2023-12-15.txt | us_2023-12-15_chunk_1] CONFERENCE REPORT ON H.R. 2670, NATIONAL DEFENSE AUTHORIZATION ACT FOR FISCAL YEAR 2024; Congressional Record Vol. 169, No. 207    Date: 2023-12-15 Volume: 169, Issue: 207 Pages: E1242 - E1242 ================================================================================ [Extensions of Remarks] Fr","Taiwan's National Defense Ministry reported 45 Chinese military aircraft around the island on May 15, 2024 (uk_2024-05-22.txt)."
12/31/2025 20:24,"How many Chinese military aircraft were reported near Taiwan on May 15, 2024, according to the National Defense Ministry report?",hierarchical,bm25,3,3,"us_2024-05-22.txt, us_2024-10-15.txt","hierarchical_chunks\us_2024-05-22.txt_chunks\us_2024-05-22_chunk_4.txt, hierarchical_chunks\us_2024-05-22.txt_chunks\us_2024-05-22_chunk_5.txt, hierarchical_chunks\us_2024-10-15.txt_chunks\us_2024-10-15_chunk_22.txt","[us_2024-05-22.txt | us_2024-05-22_chunk_5] into Taiwanese airspace, the largest breach in history. On May 15, 2024, Taiwan's National Defense Ministry reported 45 Chinese military aircraft around the island, in just one day. With these growing tensions, the pressure on President Lai to balance security risks with promises of protecting the i
[us_2024-05-22.txt | us_2024-05-22_chunk_4] Mr. WILSON. Mr. Speaker, the American people extend congratulations to the Honorable Lai Ching-te on being sworn in as President of Taiwan on Monday, May 20, 2024. His successful 28-year career in politics as Vice President and Premier under President Tsai Ing-wen, Chairman of the Democratic Progres
[us_2024-10-15.txt | us_2024-10-15_chunk_22] Mr. BURGESS. Mr. Speaker, I rise today to honor the life and sacrifice of U.S. Marine Corps Captain Ronald W. Forrester. CAPT Forrester was reported missing in action during a combat mission during the Vietnam War. His remains were identified and accounted for on December 4, 2023, and he was buried","According to Taiwan's National Defense Ministry, 45 Chinese military aircraft were reported around the island on May 15, 2024 (us_2024-05-22.txt)."
12/31/2025 20:24,"How many Chinese military aircraft were reported near Taiwan on May 15, 2024, according to the National Defense Ministry report?",hierarchical,bm25,5,5,"us_2024-05-22.txt, us_2024-06-27.txt, us_2024-09-23.txt, us_2024-10-15.txt","hierarchical_chunks\us_2024-05-22.txt_chunks\us_2024-05-22_chunk_4.txt, hierarchical_chunks\us_2024-05-22.txt_chunks\us_2024-05-22_chunk_5.txt, hierarchical_chunks\us_2024-06-27.txt_chunks\us_2024-06-27_chunk_11.txt, hierarchical_chunks\us_2024-09-23.txt_chunks\us_2024-09-23_chunk_27.txt, hierarchical_chunks\us_2024-10-15.txt_chunks\us_2024-10-15_chunk_22.txt","[us_2024-05-22.txt | us_2024-05-22_chunk_5] into Taiwanese airspace, the largest breach in history. On May 15, 2024, Taiwan's National Defense Ministry reported 45 Chinese military aircraft around the island, in just one day. With these growing tensions, the pressure on President Lai to balance security risks with promises of protecting the i
[us_2024-05-22.txt | us_2024-05-22_chunk_4] Mr. WILSON. Mr. Speaker, the American people extend congratulations to the Honorable Lai Ching-te on being sworn in as President of Taiwan on Monday, May 20, 2024. His successful 28-year career in politics as Vice President and Premier under President Tsai Ing-wen, Chairman of the Democratic Progres
[us_2024-10-15.txt | us_2024-10-15_chunk_22] Mr. BURGESS. Mr. Speaker, I rise today to honor the life and sacrifice of U.S. Marine Corps Captain Ronald W. Forrester. CAPT Forrester was reported missing in action during a combat mission during the Vietnam War. His remains were identified and accounted for on December 4, 2023, and he was buried
[us_2024-09-23.txt | us_2024-09-23_chunk_27] The Chinese Communist Party (CCP) represents the greatest threat to American values and national security in our lifetime, and we must counter the CCP's efforts to gain leverage over our nation and beyond. President Xi Jinping has gone so far as to say that he will do whatever it takes to bring Taiw
[us_2024-06-27.txt | us_2024-06-27_chunk_11] Mr. WILSON. Mr. Speaker, Collin Lee Teem, of Lexington, South Carolina, was Killed in Action in Ukraine on May 11, 2024. I am greatly saddened by his death and humbled by his sacrifice. Collin is a true American hero, who sacrificed his life fighting for freedom and democracy in the Global War on Te","Taiwan's National Defense Ministry reported 45 Chinese military aircraft around the island on May 15, 2024 (us_2024-05-22.txt)."
12/31/2025 20:24,"How many Chinese military aircraft were reported near Taiwan on May 15, 2024, according to the National Defense Ministry report?",hierarchical,bm25,10,10,"us_2023-07-18.txt, us_2024-05-22.txt, us_2024-06-27.txt, us_2024-07-02.txt, us_2024-09-23.txt, us_2024-10-15.txt, us_2025-06-11.txt, us_2025-10-15.txt, us_2025-10-20.txt","hierarchical_chunks\us_2023-07-18.txt_chunks\us_2023-07-18_chunk_23.txt, hierarchical_chunks\us_2024-05-22.txt_chunks\us_2024-05-22_chunk_4.txt, hierarchical_chunks\us_2024-05-22.txt_chunks\us_2024-05-22_chunk_5.txt, hierarchical_chunks\us_2024-06-27.txt_chunks\us_2024-06-27_chunk_11.txt, hierarchical_chunks\us_2024-07-02.txt_chunks\us_2024-07-02_chunk_25.txt, hierarchical_chunks\us_2024-09-23.txt_chunks\us_2024-09-23_chunk_27.txt, hierarchical_chunks\us_2024-10-15.txt_chunks\us_2024-10-15_chunk_22.txt, hierarchical_chunks\us_2025-06-11.txt_chunks\us_2025-06-11_chunk_23.txt, hierarchical_chunks\us_2025-10-15.txt_chunks\us_2025-10-15_chunk_4.txt, hierarchical_chunks\us_2025-10-20.txt_chunks\us_2025-10-20_chunk_3.txt","[us_2024-05-22.txt | us_2024-05-22_chunk_5] into Taiwanese airspace, the largest breach in history. On May 15, 2024, Taiwan's National Defense Ministry reported 45 Chinese military aircraft around the island, in just one day. With these growing tensions, the pressure on President Lai to balance security risks with promises of protecting the i
[us_2024-05-22.txt | us_2024-05-22_chunk_4] Mr. WILSON. Mr. Speaker, the American people extend congratulations to the Honorable Lai Ching-te on being sworn in as President of Taiwan on Monday, May 20, 2024. His successful 28-year career in politics as Vice President and Premier under President Tsai Ing-wen, Chairman of the Democratic Progres
[us_2024-10-15.txt | us_2024-10-15_chunk_22] Mr. BURGESS. Mr. Speaker, I rise today to honor the life and sacrifice of U.S. Marine Corps Captain Ronald W. Forrester. CAPT Forrester was reported missing in action during a combat mission during the Vietnam War. His remains were identified and accounted for on December 4, 2023, and he was buried
[us_2024-09-23.txt | us_2024-09-23_chunk_27] The Chinese Communist Party (CCP) represents the greatest threat to American values and national security in our lifetime, and we must counter the CCP's efforts to gain leverage over our nation and beyond. President Xi Jinping has gone so far as to say that he will do whatever it takes to bring Taiw
[us_2024-06-27.txt | us_2024-06-27_chunk_11] Mr. WILSON. Mr. Speaker, Collin Lee Teem, of Lexington, South Carolina, was Killed in Action in Ukraine on May 11, 2024. I am greatly saddened by his death and humbled by his sacrifice. Collin is a true American hero, who sacrificed his life fighting for freedom and democracy in the Global War on Te
[us_2025-10-15.txt | us_2025-10-15_chunk_4] 9:30 a.m. Committee on Foreign Relations Business meeting to consider S. 2960, to develop economic tools to deter aggression by the People's Republic of China against Taiwan, S. 2130, to make improvements to the AUKUS partnership, S. 2424, to require a report of, and a strategy to combat, arms sales
[us_2025-06-11.txt | us_2025-06-11_chunk_23] JUNE 17 10:15 a.m. Committee on the Judiciary To hold hearings to examine scammers exposed, focusing on protecting older Americans from transnational crime networks. SD-226 10:30 a.m. Committee on Appropriations Subcommittee on Department of Defense To hold closed hearings to examine proposed budget
[us_2023-07-18.txt | us_2023-07-18_chunk_23] political provisions are struck, thereby affirming the value of diversity and equality of opportunity throughout our military. Jackson Lee Amendment No. 1406 requires a report be provided to the House and Senate Armed Services committee on the extent that readiness relies on electricity availability
[us_2024-07-02.txt | us_2024-07-02_chunk_25] Dear Friend: The United States is facing unprecedented threats from those who want to do us harm, so the House is prioritizing policies that strengthen our nation's security and borders. The House recently passed H.R. 8070, the Servicemembers Quality of Life Improvement and National Defense Authoriz
[us_2025-10-20.txt | us_2025-10-20_chunk_3] Time to be announced Committee on Veterans' Affairs Business meeting to consider the nomination of John Bartrum, of Indiana, to be Under Secretary of Veterans Affairs for Health. S-216 9:30 a.m. Committee on Foreign Relations Business meeting to consider S. 2960, to develop economic tools to deter a","Taiwan's National Defense Ministry reported 45 Chinese military aircraft around the island on May 15, 2024 (us_2024-05-22.txt)."
12/31/2025 20:24,"How many Chinese military aircraft were reported near Taiwan on May 15, 2024, according to the National Defense Ministry report?",hierarchical,dense,3,3,"us_2024-05-22.txt, us_2025-10-08.txt","hierarchical_chunks\us_2024-05-22.txt_chunks\us_2024-05-22_chunk_4.txt, hierarchical_chunks\us_2024-05-22.txt_chunks\us_2024-05-22_chunk_5.txt, hierarchical_chunks\us_2025-10-08.txt_chunks\us_2025-10-08_chunk_42.txt","[us_2024-05-22.txt | us_2024-05-22_chunk_5] into Taiwanese airspace, the largest breach in history. On May 15, 2024, Taiwan's National Defense Ministry reported 45 Chinese military aircraft around the island, in just one day. With these growing tensions, the pressure on President Lai to balance security risks with promises of protecting the i
[us_2025-10-08.txt | us_2025-10-08_chunk_42] 9:30 a.m. Committee on Foreign Relations Business meeting to consider S. 2960, to develop economic tools to deter aggression by the People's Republic of China against Taiwan, S. 2130, to make improvements to the AUKUS partnership, S. 2424, to require a report of, and a strategy to combat, arms sales
[us_2024-05-22.txt | us_2024-05-22_chunk_4] Mr. WILSON. Mr. Speaker, the American people extend congratulations to the Honorable Lai Ching-te on being sworn in as President of Taiwan on Monday, May 20, 2024. His successful 28-year career in politics as Vice President and Premier under President Tsai Ing-wen, Chairman of the Democratic Progres","Taiwan's National Defense Ministry reported 45 Chinese military aircraft around the island on May 15, 2024 (us_2024-05-22.txt)."
12/31/2025 20:24,"How many Chinese military aircraft were reported near Taiwan on May 15, 2024, according to the National Defense Ministry report?",hierarchical,dense,5,5,"UK_debates2025-06-25.txt, us_2024-05-22.txt, us_2025-10-08.txt, us_2025-10-15.txt","hierarchical_chunks\UK_debates2025-06-25.txt_chunks\UK_debates2025-06-25_chunk_32.txt, hierarchical_chunks\us_2024-05-22.txt_chunks\us_2024-05-22_chunk_4.txt, hierarchical_chunks\us_2024-05-22.txt_chunks\us_2024-05-22_chunk_5.txt, hierarchical_chunks\us_2025-10-08.txt_chunks\us_2025-10-08_chunk_42.txt, hierarchical_chunks\us_2025-10-15.txt_chunks\us_2025-10-15_chunk_4.txt","[us_2024-05-22.txt | us_2024-05-22_chunk_5] into Taiwanese airspace, the largest breach in history. On May 15, 2024, Taiwan's National Defense Ministry reported 45 Chinese military aircraft around the island, in just one day. With these growing tensions, the pressure on President Lai to balance security risks with promises of protecting the i
[us_2025-10-08.txt | us_2025-10-08_chunk_42] 9:30 a.m. Committee on Foreign Relations Business meeting to consider S. 2960, to develop economic tools to deter aggression by the People's Republic of China against Taiwan, S. 2130, to make improvements to the AUKUS partnership, S. 2424, to require a report of, and a strategy to combat, arms sales
[us_2024-05-22.txt | us_2024-05-22_chunk_4] Mr. WILSON. Mr. Speaker, the American people extend congratulations to the Honorable Lai Ching-te on being sworn in as President of Taiwan on Monday, May 20, 2024. His successful 28-year career in politics as Vice President and Premier under President Tsai Ing-wen, Chairman of the Democratic Progres
[us_2025-10-15.txt | us_2025-10-15_chunk_4] 9:30 a.m. Committee on Foreign Relations Business meeting to consider S. 2960, to develop economic tools to deter aggression by the People's Republic of China against Taiwan, S. 2130, to make improvements to the AUKUS partnership, S. 2424, to require a report of, and a strategy to combat, arms sales
[UK_debates2025-06-25.txt | UK_debates2025-06-25_chunk_32] The Minister is well aware of my interest in the F-35 programme. Lockheed Martin manufactures around 150 jets a year, and there are nearly 600 on order by everyone from Switzerland to Singapore. On top of that, there are 1,200 still to be delivered to the US air force, so whereabouts are we in the q","Taiwan's National Defense Ministry reported 45 Chinese military aircraft around the island on May 15, 2024 (us_2024-05-22.txt)."
12/31/2025 20:24,"How many Chinese military aircraft were reported near Taiwan on May 15, 2024, according to the National Defense Ministry report?",hierarchical,dense,10,10,"UK_debates2024-02-26.txt, UK_debates2024-05-20.txt, UK_debates2024-10-22.txt, UK_debates2025-06-25.txt, us_2024-05-22.txt, us_2025-10-06.txt, us_2025-10-08.txt, us_2025-10-15.txt","hierarchical_chunks\UK_debates2024-02-26.txt_chunks\UK_debates2024-02-26_chunk_37.txt, hierarchical_chunks\UK_debates2024-05-20.txt_chunks\UK_debates2024-05-20_chunk_22.txt, hierarchical_chunks\UK_debates2024-10-22.txt_chunks\UK_debates2024-10-22_chunk_52.txt, hierarchical_chunks\UK_debates2025-06-25.txt_chunks\UK_debates2025-06-25_chunk_32.txt, hierarchical_chunks\UK_debates2025-06-25.txt_chunks\UK_debates2025-06-25_chunk_49.txt, hierarchical_chunks\us_2024-05-22.txt_chunks\us_2024-05-22_chunk_4.txt, hierarchical_chunks\us_2024-05-22.txt_chunks\us_2024-05-22_chunk_5.txt, hierarchical_chunks\us_2025-10-06.txt_chunks\us_2025-10-06_chunk_39.txt, hierarchical_chunks\us_2025-10-08.txt_chunks\us_2025-10-08_chunk_42.txt, hierarchical_chunks\us_2025-10-15.txt_chunks\us_2025-10-15_chunk_4.txt","[us_2024-05-22.txt | us_2024-05-22_chunk_5] into Taiwanese airspace, the largest breach in history. On May 15, 2024, Taiwan's National Defense Ministry reported 45 Chinese military aircraft around the island, in just one day. With these growing tensions, the pressure on President Lai to balance security risks with promises of protecting the i
[us_2025-10-08.txt | us_2025-10-08_chunk_42] 9:30 a.m. Committee on Foreign Relations Business meeting to consider S. 2960, to develop economic tools to deter aggression by the People's Republic of China against Taiwan, S. 2130, to make improvements to the AUKUS partnership, S. 2424, to require a report of, and a strategy to combat, arms sales
[us_2024-05-22.txt | us_2024-05-22_chunk_4] Mr. WILSON. Mr. Speaker, the American people extend congratulations to the Honorable Lai Ching-te on being sworn in as President of Taiwan on Monday, May 20, 2024. His successful 28-year career in politics as Vice President and Premier under President Tsai Ing-wen, Chairman of the Democratic Progres
[us_2025-10-15.txt | us_2025-10-15_chunk_4] 9:30 a.m. Committee on Foreign Relations Business meeting to consider S. 2960, to develop economic tools to deter aggression by the People's Republic of China against Taiwan, S. 2130, to make improvements to the AUKUS partnership, S. 2424, to require a report of, and a strategy to combat, arms sales
[UK_debates2025-06-25.txt | UK_debates2025-06-25_chunk_32] The Minister is well aware of my interest in the F-35 programme. Lockheed Martin manufactures around 150 jets a year, and there are nearly 600 on order by everyone from Switzerland to Singapore. On top of that, there are 1,200 still to be delivered to the US air force, so whereabouts are we in the q
[UK_debates2024-05-20.txt | UK_debates2024-05-20_chunk_22] I am sorry, Mr Speaker, I was thinking of an even better question— Stick to the main one. Indeed. As you know, Mr Speaker, my family comes from a military background, although I am not a military expert. Time and again, my constituents say they have heard about a shortage of shells, ammunition and o
[UK_debates2025-06-25.txt | UK_debates2025-06-25_chunk_49] For clarity, I did not say that this order was in addition to our already committed tranche of F-35s. I said that we were substituting what would have been 12 F-35Bs with 12 F-35As, so it is not in addition. We already have 39, and we have already purchased 48, not all of which have been delivered.
[us_2025-10-06.txt | us_2025-10-06_chunk_39] 9:30 a.m. Committee on Foreign Relations Business meeting to consider S. 2130, to make improvements to the AUKUS partnership, S. 2424, to require a report of, and a strategy to combat, arms sales of the Government of the People's Republic of China, S. 1744, to amend the Arms Export Control Act to in
[UK_debates2024-10-22.txt | UK_debates2024-10-22_chunk_52] I can absolutely assure the hon. Member that it is increasing. I have already spoken about the production of short-range air defence missiles—the LMMs—which is increasing to meet what the Ukrainians need. The Ukrainians are clear that air defence systems and long-range drones are the things that mat
[UK_debates2024-02-26.txt | UK_debates2024-02-26_chunk_37] The Secretary of State knows that my last question regarding this issue was on the position of the People’s Republic of China. Until recently, exports between Europe and China were in excess of £400 billion a year, and there is no doubt that they will suffer as a result of the extended time that it","Taiwan's National Defense Ministry reported 45 Chinese military aircraft around the island on May 15, 2024 (us_2024-05-22.txt)."
12/31/2025 20:24,"Who is the anti-knife-crime campaigner mentioned in the Redditch constituency, and how is he educating young people in schools?",fixed_660,bm25,3,3,"uk_2024-04-16.txt, uk_2024-04-30.txt, us_2024-04-30.txt","chunks_660_output\uk_2024-04-16.txt_chunks\uk_2024-04-16_chunk_5.txt, chunks_660_output\uk_2024-04-30.txt_chunks\uk_2024-04-30_chunk_7.txt, chunks_660_output\us_2024-04-30.txt_chunks\us_2024-04-30_chunk_7.txt","[uk_2024-04-30.txt | uk_2024-04-30_chunk_7] 154. From the Congressional Record Online through the Government Publishing Office [<a href='https://www.gpo.gov'>www.gpo.gov</a>]  RECOGNIZING AISYSS AMAYA  HON. BRITTANY PETTERSEN  Ms. PETTERSEN. Mr. Speaker, I rise today to recognize Aisyss Amaya  for earning the Arvada Wheat Ridge Service Ambass
[uk_2024-04-16.txt | uk_2024-04-16_chunk_5] 123, I would have voted NO. ========================= END NOTE =========================  From the Congressional Record Online through the Government Publishing Office [<a href='https://www.gpo.gov'>www.gpo.gov</a>]  RECOGNIZING DAVID GONZALEZ  HON. GUS M. BILIRAKIS  Mr. BILIRAKIS. Mr. Speaker, I ri
[us_2024-04-30.txt | us_2024-04-30_chunk_7] May their union be blessed with love, laughter, and a lifetime of happiness. As they begin their shared future, let us celebrate the love that has brought them together. Congratulations to Aman and Udhay. May their story inspire all, and their lives together be filled with joy and fulfillment. _____",I cannot answer this question based on the provided documents.
12/31/2025 20:24,"Who is the anti-knife-crime campaigner mentioned in the Redditch constituency, and how is he educating young people in schools?",fixed_660,bm25,5,5,"uk_2024-04-16.txt, uk_2024-04-30.txt, uk_2024-05-24.txt, us_2024-04-16.txt, us_2024-04-30.txt","chunks_660_output\uk_2024-04-16.txt_chunks\uk_2024-04-16_chunk_5.txt, chunks_660_output\uk_2024-04-30.txt_chunks\uk_2024-04-30_chunk_7.txt, chunks_660_output\uk_2024-05-24.txt_chunks\uk_2024-05-24_chunk_3.txt, chunks_660_output\us_2024-04-16.txt_chunks\us_2024-04-16_chunk_5.txt, chunks_660_output\us_2024-04-30.txt_chunks\us_2024-04-30_chunk_7.txt","[uk_2024-04-30.txt | uk_2024-04-30_chunk_7] 154. From the Congressional Record Online through the Government Publishing Office [<a href='https://www.gpo.gov'>www.gpo.gov</a>]  RECOGNIZING AISYSS AMAYA  HON. BRITTANY PETTERSEN  Ms. PETTERSEN. Mr. Speaker, I rise today to recognize Aisyss Amaya  for earning the Arvada Wheat Ridge Service Ambass
[uk_2024-04-16.txt | uk_2024-04-16_chunk_5] 123, I would have voted NO. ========================= END NOTE =========================  From the Congressional Record Online through the Government Publishing Office [<a href='https://www.gpo.gov'>www.gpo.gov</a>]  RECOGNIZING DAVID GONZALEZ  HON. GUS M. BILIRAKIS  Mr. BILIRAKIS. Mr. Speaker, I ri
[us_2024-04-30.txt | us_2024-04-30_chunk_7] May their union be blessed with love, laughter, and a lifetime of happiness. As they begin their shared future, let us celebrate the love that has brought them together. Congratulations to Aman and Udhay. May their story inspire all, and their lives together be filled with joy and fulfillment. _____
[us_2024-04-16.txt | us_2024-04-16_chunk_5] ========================= END NOTE ========================= ____________________    RECOGNIZING DAVID GONZALEZ; Congressional Record Vol. 170, No. 66    Date: 2024-04-16 Volume: 170, Issue: 66 Pages: E356 - E357 ================================================================================ [Exten
[uk_2024-05-24.txt | uk_2024-05-24_chunk_3] The president recently announced he would stop military aid  to Israel at a time when this aid is needed to target Hamas  terrorists and avoid more civilian casualties in what  looks like an attempt to appease the growing pro-Hamas  sentiment among the left. In light of this administration's misguid",I cannot answer this question based on the provided documents.
12/31/2025 20:24,"Who is the anti-knife-crime campaigner mentioned in the Redditch constituency, and how is he educating young people in schools?",fixed_660,bm25,10,10,"uk_2023-10-20.txt, uk_2024-03-20.txt, uk_2024-04-16.txt, uk_2024-04-30.txt, uk_2024-05-24.txt, uk_2025-08-29.txt, us_2023-07-12.txt, us_2023-09-01.txt, us_2024-04-16.txt, us_2024-04-30.txt","chunks_660_output\uk_2023-10-20.txt_chunks\uk_2023-10-20_chunk_3.txt, chunks_660_output\uk_2024-03-20.txt_chunks\uk_2024-03-20_chunk_3.txt, chunks_660_output\uk_2024-04-16.txt_chunks\uk_2024-04-16_chunk_5.txt, chunks_660_output\uk_2024-04-30.txt_chunks\uk_2024-04-30_chunk_7.txt, chunks_660_output\uk_2024-05-24.txt_chunks\uk_2024-05-24_chunk_3.txt, chunks_660_output\uk_2025-08-29.txt_chunks\uk_2025-08-29_chunk_6.txt, chunks_660_output\us_2023-07-12.txt_chunks\us_2023-07-12_chunk_7.txt, chunks_660_output\us_2023-09-01.txt_chunks\us_2023-09-01_chunk_2.txt, chunks_660_output\us_2024-04-16.txt_chunks\us_2024-04-16_chunk_5.txt, chunks_660_output\us_2024-04-30.txt_chunks\us_2024-04-30_chunk_7.txt","[uk_2024-04-30.txt | uk_2024-04-30_chunk_7] 154. From the Congressional Record Online through the Government Publishing Office [<a href='https://www.gpo.gov'>www.gpo.gov</a>]  RECOGNIZING AISYSS AMAYA  HON. BRITTANY PETTERSEN  Ms. PETTERSEN. Mr. Speaker, I rise today to recognize Aisyss Amaya  for earning the Arvada Wheat Ridge Service Ambass
[uk_2024-04-16.txt | uk_2024-04-16_chunk_5] 123, I would have voted NO. ========================= END NOTE =========================  From the Congressional Record Online through the Government Publishing Office [<a href='https://www.gpo.gov'>www.gpo.gov</a>]  RECOGNIZING DAVID GONZALEZ  HON. GUS M. BILIRAKIS  Mr. BILIRAKIS. Mr. Speaker, I ri
[us_2024-04-30.txt | us_2024-04-30_chunk_7] May their union be blessed with love, laughter, and a lifetime of happiness. As they begin their shared future, let us celebrate the love that has brought them together. Congratulations to Aman and Udhay. May their story inspire all, and their lives together be filled with joy and fulfillment. _____
[us_2024-04-16.txt | us_2024-04-16_chunk_5] ========================= END NOTE ========================= ____________________    RECOGNIZING DAVID GONZALEZ; Congressional Record Vol. 170, No. 66    Date: 2024-04-16 Volume: 170, Issue: 66 Pages: E356 - E357 ================================================================================ [Exten
[uk_2024-05-24.txt | uk_2024-05-24_chunk_3] The president recently announced he would stop military aid  to Israel at a time when this aid is needed to target Hamas  terrorists and avoid more civilian casualties in what  looks like an attempt to appease the growing pro-Hamas  sentiment among the left. In light of this administration's misguid
[us_2023-09-01.txt | us_2023-09-01_chunk_2] Chief O'Dell received his Bachelor of Arts in Criminal Justice Administration from Columbia College. He also completed the University of Louisville Southern Police Institute Command Officers Development Course. Chief O'Dell graduated from the Police Academy in February 1986. He worked in various ass
[us_2023-07-12.txt | us_2023-07-12_chunk_7] Eighth-grade algebra is the policy in high-performing foreign countries whose inhabitants will compete with America's children in the future--and that eighth-grade goal was expressly part of the 1999 and 2006 California math frameworks. This current framework recommends ninth grade as when almost al
[uk_2023-10-20.txt | uk_2023-10-20_chunk_3] Northwestern University, for example, said it had no plans to ``put  out a statement officially stating a University position.'' Imagine  that: a university that cannot be bothered to take a position on a  pogrom against Jews. Have we learned nothing from the long and ugly  history of Anti-Semitism?
[uk_2025-08-29.txt | uk_2025-08-29_chunk_6] Kazakhstan's decision to close the Semipalatinsk test site in 1991  and to relinquish its nuclear arsenal was an act of profound global  importance. By ratifying the Strategic Arms Reduction Treaty (START I),  joining the International Atomic Energy Agency, acceding to the Treaty  on the Non-Prolife
[uk_2024-03-20.txt | uk_2024-03-20_chunk_3] He enlisted in the U.S.  Army Reserve, where he honorably served for 6 years. Chief Kelley began his career in public safety when he was hired by  his hometown police department on January 29, 1996. His diligent work  resulted in a cascade of training awards and frequent promotions. He  excelled in",I cannot answer this question based on the provided documents.
12/31/2025 20:24,"Who is the anti-knife-crime campaigner mentioned in the Redditch constituency, and how is he educating young people in schools?",fixed_660,dense,3,3,"uk_2023-10-26.txt, uk_2024-08-06.txt, us_2023-10-26.txt","chunks_660_output\uk_2023-10-26.txt_chunks\uk_2023-10-26_chunk_3.txt, chunks_660_output\uk_2024-08-06.txt_chunks\uk_2024-08-06_chunk_6.txt, chunks_660_output\us_2023-10-26.txt_chunks\us_2023-10-26_chunk_3.txt","[uk_2023-10-26.txt | uk_2023-10-26_chunk_3] He most recently appeared in FLAMIN' HOT, an ode to the  invention of Hot Cheetos--a beloved snack. A former resident of Panorama City, Fabian balances acting with his  love for skateboarding. He supports the sport and kids interested in it  by donating skateboards so they can get involved in and im
[us_2023-10-26.txt | us_2023-10-26_chunk_3] A former resident of Panorama City, Fabian balances acting with his love for skateboarding. He supports the sport and kids interested in it by donating skateboards so they can get involved in and improve at skateboarding. Over four years ago, Fabian became involved with the Anti-Recidivism Coalition
[uk_2024-08-06.txt | uk_2024-08-06_chunk_6] She has worked on issues of great importance to our district with a  portfolio that includes transportation, infrastructure, and flooding  policy. It is fitting then that her work here has inspired her to  pursue a career in urban planning. Throughout her more than 5 years serving our district, Came",I cannot answer this question based on the provided documents.
12/31/2025 20:24,"Who is the anti-knife-crime campaigner mentioned in the Redditch constituency, and how is he educating young people in schools?",fixed_660,dense,5,5,"uk_2023-10-26.txt, uk_2024-04-30.txt, uk_2024-08-06.txt, us_2023-10-26.txt, us_2023-11-21.txt","chunks_660_output\uk_2023-10-26.txt_chunks\uk_2023-10-26_chunk_3.txt, chunks_660_output\uk_2024-04-30.txt_chunks\uk_2024-04-30_chunk_7.txt, chunks_660_output\uk_2024-08-06.txt_chunks\uk_2024-08-06_chunk_6.txt, chunks_660_output\us_2023-10-26.txt_chunks\us_2023-10-26_chunk_3.txt, chunks_660_output\us_2023-11-21.txt_chunks\us_2023-11-21_chunk_7.txt","[uk_2023-10-26.txt | uk_2023-10-26_chunk_3] He most recently appeared in FLAMIN' HOT, an ode to the  invention of Hot Cheetos--a beloved snack. A former resident of Panorama City, Fabian balances acting with his  love for skateboarding. He supports the sport and kids interested in it  by donating skateboards so they can get involved in and im
[us_2023-10-26.txt | us_2023-10-26_chunk_3] A former resident of Panorama City, Fabian balances acting with his love for skateboarding. He supports the sport and kids interested in it by donating skateboards so they can get involved in and improve at skateboarding. Over four years ago, Fabian became involved with the Anti-Recidivism Coalition
[uk_2024-08-06.txt | uk_2024-08-06_chunk_6] She has worked on issues of great importance to our district with a  portfolio that includes transportation, infrastructure, and flooding  policy. It is fitting then that her work here has inspired her to  pursue a career in urban planning. Throughout her more than 5 years serving our district, Came
[uk_2024-04-30.txt | uk_2024-04-30_chunk_7] 154. From the Congressional Record Online through the Government Publishing Office [<a href='https://www.gpo.gov'>www.gpo.gov</a>]  RECOGNIZING AISYSS AMAYA  HON. BRITTANY PETTERSEN  Ms. PETTERSEN. Mr. Speaker, I rise today to recognize Aisyss Amaya  for earning the Arvada Wheat Ridge Service Ambass
[us_2023-11-21.txt | us_2023-11-21_chunk_7] Mr. Speaker, I rise today to recognize Ray Muscat for his public service and commitment to our Dearborn Heights community. He is a lifelong resident of Dearborn Heights and served on City Council for years. Since 1969, Councilman Muscat has been an active and engaged resident. He was drawn to public",I cannot answer this question based on the provided documents.
12/31/2025 20:25,"Who is the anti-knife-crime campaigner mentioned in the Redditch constituency, and how is he educating young people in schools?",fixed_660,dense,10,10,"uk_2023-10-26.txt, uk_2023-12-19.txt, uk_2024-04-30.txt, uk_2024-05-31.txt, uk_2024-08-06.txt, us_2023-07-12.txt, us_2023-10-10.txt, us_2023-10-26.txt, us_2023-11-21.txt, us_2023-12-19.txt","chunks_660_output\uk_2023-10-26.txt_chunks\uk_2023-10-26_chunk_3.txt, chunks_660_output\uk_2023-12-19.txt_chunks\uk_2023-12-19_chunk_4.txt, chunks_660_output\uk_2024-04-30.txt_chunks\uk_2024-04-30_chunk_7.txt, chunks_660_output\uk_2024-05-31.txt_chunks\uk_2024-05-31_chunk_8.txt, chunks_660_output\uk_2024-08-06.txt_chunks\uk_2024-08-06_chunk_6.txt, chunks_660_output\us_2023-07-12.txt_chunks\us_2023-07-12_chunk_3.txt, chunks_660_output\us_2023-10-10.txt_chunks\us_2023-10-10_chunk_5.txt, chunks_660_output\us_2023-10-26.txt_chunks\us_2023-10-26_chunk_3.txt, chunks_660_output\us_2023-11-21.txt_chunks\us_2023-11-21_chunk_7.txt, chunks_660_output\us_2023-12-19.txt_chunks\us_2023-12-19_chunk_3.txt","[uk_2023-10-26.txt | uk_2023-10-26_chunk_3] He most recently appeared in FLAMIN' HOT, an ode to the  invention of Hot Cheetos--a beloved snack. A former resident of Panorama City, Fabian balances acting with his  love for skateboarding. He supports the sport and kids interested in it  by donating skateboards so they can get involved in and im
[us_2023-10-26.txt | us_2023-10-26_chunk_3] A former resident of Panorama City, Fabian balances acting with his love for skateboarding. He supports the sport and kids interested in it by donating skateboards so they can get involved in and improve at skateboarding. Over four years ago, Fabian became involved with the Anti-Recidivism Coalition
[uk_2024-08-06.txt | uk_2024-08-06_chunk_6] She has worked on issues of great importance to our district with a  portfolio that includes transportation, infrastructure, and flooding  policy. It is fitting then that her work here has inspired her to  pursue a career in urban planning. Throughout her more than 5 years serving our district, Came
[uk_2024-04-30.txt | uk_2024-04-30_chunk_7] 154. From the Congressional Record Online through the Government Publishing Office [<a href='https://www.gpo.gov'>www.gpo.gov</a>]  RECOGNIZING AISYSS AMAYA  HON. BRITTANY PETTERSEN  Ms. PETTERSEN. Mr. Speaker, I rise today to recognize Aisyss Amaya  for earning the Arvada Wheat Ridge Service Ambass
[us_2023-11-21.txt | us_2023-11-21_chunk_7] Mr. Speaker, I rise today to recognize Ray Muscat for his public service and commitment to our Dearborn Heights community. He is a lifelong resident of Dearborn Heights and served on City Council for years. Since 1969, Councilman Muscat has been an active and engaged resident. He was drawn to public
[uk_2023-12-19.txt | uk_2023-12-19_chunk_4] Mr. Speaker, I rise to thank Mr. Thomas Branin,  Supervisor for the Three Chopt Magisterial District on the Henrico  County Board of Supervisors, for his years of service to Henrico. Mr. Branin, known to everyone in the community as Tommy, has  represented thousands of community members--including m
[uk_2024-05-31.txt | uk_2024-05-31_chunk_8] Her leadership role in her high school's Marketing  Academy and her commendable performance in DECA competitions, where she  secured the 5th position in the state for Marketing Communications,  demonstrate her commitment to her community. Her aspiration to pursue a  degree in public relations to bec
[us_2023-10-10.txt | us_2023-10-10_chunk_5] Mr. Speaker pro tempore, I rise today to recognize the contributions of Mayor Catherine Moy as she is honored as one of California's 8th Congressional District's Women of the Year. Cat is a dedicated public servant who has offered years of service to her community. A Fairfield native, she stepped up
[us_2023-12-19.txt | us_2023-12-19_chunk_3] 169, No. 209    Date: 2023-12-19 Volume: 169, Issue: 209 Pages: E1253 - E1253 ================================================================================ [Extensions of Remarks] From the Congressional Record Online through the Government Publishing Office [ www.gpo.gov ] HONORING THOMAS BRANIN
[us_2023-07-12.txt | us_2023-07-12_chunk_3] Additionally, Nick is the founder of Creativity Kitchen, a nonprofit aimed at providing nutrition education, exposure to farm-to-table practices, and access to flavorful, healthy meals and culinary experiences for young, public-school students and their families (Jackson, MS). Most recently, Creativ",I cannot answer this question based on the provided documents.
12/31/2025 20:25,"Who is the anti-knife-crime campaigner mentioned in the Redditch constituency, and how is he educating young people in schools?",hierarchical,bm25,3,3,"UK_debates2024-02-26.txt, UK_debates2025-06-02.txt","hierarchical_chunks\UK_debates2024-02-26.txt_chunks\UK_debates2024-02-26_chunk_23.txt, hierarchical_chunks\UK_debates2025-06-02.txt_chunks\UK_debates2025-06-02_chunk_18.txt, hierarchical_chunks\UK_debates2025-06-02.txt_chunks\UK_debates2025-06-02_chunk_19.txt","[UK_debates2025-06-02.txt | UK_debates2025-06-02_chunk_18] I thank the Secretary of State for her answer, and for the seriousness with which this Government are tackling the scourge of knife crime in constituencies like mine. In Redditch, the anti-knife-crime campaigner Pete Martin is making a real difference by educating young people in schools about the d
[UK_debates2025-06-02.txt | UK_debates2025-06-02_chunk_19] Can I pass on my thanks, through my hon. Friend, to the team who are doing such good work in his community? We are certainly keen to know more about that, because he is right about local work preventing young people from being drawn into knife crime. That is why we are setting up the Young Futures p
[UK_debates2024-02-26.txt | UK_debates2024-02-26_chunk_23] Last week, Tell MAMA reported that anti-Muslim hate incidents have trebled. That follows recent reports that antisemitic incidents have hit a record high. We all must challenge all forms of threat, prejudice, racism and hate. Having heard the words from the former deputy chair of the Conservative pa","The anti-knife-crime campaigner mentioned in the Redditch constituency is Pete Martin (UK_debates2025-06-02.txt).

He is educating young people in schools about the dangers of knife crime (UK_debates2025-06-02.txt)."
12/31/2025 20:25,"Who is the anti-knife-crime campaigner mentioned in the Redditch constituency, and how is he educating young people in schools?",hierarchical,bm25,5,5,"UK_debates2024-02-26.txt, UK_debates2024-12-19.txt, UK_debates2025-01-13.txt, UK_debates2025-06-02.txt","hierarchical_chunks\UK_debates2024-02-26.txt_chunks\UK_debates2024-02-26_chunk_23.txt, hierarchical_chunks\UK_debates2024-12-19.txt_chunks\UK_debates2024-12-19_chunk_31.txt, hierarchical_chunks\UK_debates2025-01-13.txt_chunks\UK_debates2025-01-13_chunk_23.txt, hierarchical_chunks\UK_debates2025-06-02.txt_chunks\UK_debates2025-06-02_chunk_18.txt, hierarchical_chunks\UK_debates2025-06-02.txt_chunks\UK_debates2025-06-02_chunk_19.txt","[UK_debates2025-06-02.txt | UK_debates2025-06-02_chunk_18] I thank the Secretary of State for her answer, and for the seriousness with which this Government are tackling the scourge of knife crime in constituencies like mine. In Redditch, the anti-knife-crime campaigner Pete Martin is making a real difference by educating young people in schools about the d
[UK_debates2025-06-02.txt | UK_debates2025-06-02_chunk_19] Can I pass on my thanks, through my hon. Friend, to the team who are doing such good work in his community? We are certainly keen to know more about that, because he is right about local work preventing young people from being drawn into knife crime. That is why we are setting up the Young Futures p
[UK_debates2024-02-26.txt | UK_debates2024-02-26_chunk_23] Last week, Tell MAMA reported that anti-Muslim hate incidents have trebled. That follows recent reports that antisemitic incidents have hit a record high. We all must challenge all forms of threat, prejudice, racism and hate. Having heard the words from the former deputy chair of the Conservative pa
[UK_debates2024-12-19.txt | UK_debates2024-12-19_chunk_31] Merry Christmas, Mr Speaker. I have had reports of people carrying machetes in Livingstone Walk, an area in Grovehill, Hemel Hempstead, with the Dacorum local crime unit investigating one incident of alleged robbery at knifepoint. Knife crime is not our only issue in Hemel; we have the highest rate
[UK_debates2025-01-13.txt | UK_debates2025-01-13_chunk_23] My hon. Friend is right to say that the Scottish Government have a significant increase in funding, so they can take action to improve public services. This Government have made it a mission to halve knife crime over the next decade, including taking action to get dangerous weapons, such as zombie k","The anti-knife-crime campaigner mentioned in the Redditch constituency is Pete Martin (UK_debates2025-06-02.txt).

He is making a difference by educating young people in schools about the dangers of knife crime (UK_debates2025-06-02.txt)."
12/31/2025 20:25,"Who is the anti-knife-crime campaigner mentioned in the Redditch constituency, and how is he educating young people in schools?",hierarchical,bm25,10,10,"UK_debates2024-02-06.txt, UK_debates2024-02-26.txt, UK_debates2024-12-19.txt, UK_debates2025-01-13.txt, UK_debates2025-03-06.txt, UK_debates2025-06-02.txt","hierarchical_chunks\UK_debates2024-02-06.txt_chunks\UK_debates2024-02-06_chunk_25.txt, hierarchical_chunks\UK_debates2024-02-26.txt_chunks\UK_debates2024-02-26_chunk_12.txt, hierarchical_chunks\UK_debates2024-02-26.txt_chunks\UK_debates2024-02-26_chunk_2.txt, hierarchical_chunks\UK_debates2024-02-26.txt_chunks\UK_debates2024-02-26_chunk_23.txt, hierarchical_chunks\UK_debates2024-12-19.txt_chunks\UK_debates2024-12-19_chunk_31.txt, hierarchical_chunks\UK_debates2025-01-13.txt_chunks\UK_debates2025-01-13_chunk_23.txt, hierarchical_chunks\UK_debates2025-01-13.txt_chunks\UK_debates2025-01-13_chunk_30.txt, hierarchical_chunks\UK_debates2025-03-06.txt_chunks\UK_debates2025-03-06_chunk_45.txt, hierarchical_chunks\UK_debates2025-06-02.txt_chunks\UK_debates2025-06-02_chunk_18.txt, hierarchical_chunks\UK_debates2025-06-02.txt_chunks\UK_debates2025-06-02_chunk_19.txt","[UK_debates2025-06-02.txt | UK_debates2025-06-02_chunk_18] I thank the Secretary of State for her answer, and for the seriousness with which this Government are tackling the scourge of knife crime in constituencies like mine. In Redditch, the anti-knife-crime campaigner Pete Martin is making a real difference by educating young people in schools about the d
[UK_debates2025-06-02.txt | UK_debates2025-06-02_chunk_19] Can I pass on my thanks, through my hon. Friend, to the team who are doing such good work in his community? We are certainly keen to know more about that, because he is right about local work preventing young people from being drawn into knife crime. That is why we are setting up the Young Futures p
[UK_debates2024-02-26.txt | UK_debates2024-02-26_chunk_23] Last week, Tell MAMA reported that anti-Muslim hate incidents have trebled. That follows recent reports that antisemitic incidents have hit a record high. We all must challenge all forms of threat, prejudice, racism and hate. Having heard the words from the former deputy chair of the Conservative pa
[UK_debates2024-12-19.txt | UK_debates2024-12-19_chunk_31] Merry Christmas, Mr Speaker. I have had reports of people carrying machetes in Livingstone Walk, an area in Grovehill, Hemel Hempstead, with the Dacorum local crime unit investigating one incident of alleged robbery at knifepoint. Knife crime is not our only issue in Hemel; we have the highest rate
[UK_debates2025-01-13.txt | UK_debates2025-01-13_chunk_23] My hon. Friend is right to say that the Scottish Government have a significant increase in funding, so they can take action to improve public services. This Government have made it a mission to halve knife crime over the next decade, including taking action to get dangerous weapons, such as zombie k
[UK_debates2024-02-06.txt | UK_debates2024-02-06_chunk_25] 12.47 pm I beg to move, That this House condemns the Government for overseeing a 77 per cent increase in knife crime since 2015; recognises the devastating impact that knife crime has on victims, their families and the wider community; acknowledges that the Government recently announced measures to
[UK_debates2024-02-26.txt | UK_debates2024-02-26_chunk_2] The Secretary of State was asked— What steps he is taking to tackle knife crime in Greater Manchester. What steps he is taking to tackle knife crime in Bournemouth. As we have said often in debates this House, knife crime is a terrible crime; it tears families apart and all too often takes young peo
[UK_debates2025-03-06.txt | UK_debates2025-03-06_chunk_45] The B23 postcode in my constituency has experienced a troubling surge in knife-related offences. The west midlands violence reduction unit has been instrumental in addressing the issue, engaging with over 8,000 young people and contributing to a 18% reduction in youth violence involving knives betwe
[UK_debates2024-02-26.txt | UK_debates2024-02-26_chunk_12] The Minister says that the Government are doing loads, but since 2018 there has been a huge increase in the number of weapons seized in schools in some areas of the country, with knives and Tasers found in some instances. Our young people continue to bear the brunt of the Tories’ decision to hollow
[UK_debates2025-01-13.txt | UK_debates2025-01-13_chunk_30] Since the Government came to office, 23,000 illegal migrants have crossed the English channel—an increase of 29% compared with the same time last year. Do the Government now accept the National Crime Agency’s advice that a deterrent like the Rwanda scheme, which they cancelled before it even started","The anti-knife-crime campaigner mentioned in the Redditch constituency is Pete Martin (UK_debates2025-06-02.txt).

He is educating young people in schools about the dangers of knife crime (UK_debates2025-06-02.txt)."
12/31/2025 20:25,"Who is the anti-knife-crime campaigner mentioned in the Redditch constituency, and how is he educating young people in schools?",hierarchical,dense,3,3,"UK_debates2025-02-24.txt, UK_debates2025-03-06.txt, UK_debates2025-06-02.txt","hierarchical_chunks\UK_debates2025-02-24.txt_chunks\UK_debates2025-02-24_chunk_27.txt, hierarchical_chunks\UK_debates2025-03-06.txt_chunks\UK_debates2025-03-06_chunk_45.txt, hierarchical_chunks\UK_debates2025-06-02.txt_chunks\UK_debates2025-06-02_chunk_18.txt","[UK_debates2025-06-02.txt | UK_debates2025-06-02_chunk_18] I thank the Secretary of State for her answer, and for the seriousness with which this Government are tackling the scourge of knife crime in constituencies like mine. In Redditch, the anti-knife-crime campaigner Pete Martin is making a real difference by educating young people in schools about the d
[UK_debates2025-03-06.txt | UK_debates2025-03-06_chunk_45] The B23 postcode in my constituency has experienced a troubling surge in knife-related offences. The west midlands violence reduction unit has been instrumental in addressing the issue, engaging with over 8,000 young people and contributing to a 18% reduction in youth violence involving knives betwe
[UK_debates2025-02-24.txt | UK_debates2025-02-24_chunk_27] On a recent visit to Marple sixth-form college, I was reminded that the last Conservative Government abandoned young people and our economy by trashing our relationship with Europe, so I was delighted to see recent reports in The Times that the Prime Minister will offer a youth mobility scheme in ne","The anti-knife-crime campaigner mentioned in the Redditch constituency is Pete Martin (UK_debates2025-06-02.txt).

He is educating young people in schools about the dangers of knife crime (UK_debates2025-06-02.txt)."
12/31/2025 20:25,"Who is the anti-knife-crime campaigner mentioned in the Redditch constituency, and how is he educating young people in schools?",hierarchical,dense,5,5,"UK_debates2025-01-13.txt, UK_debates2025-02-05.txt, UK_debates2025-02-24.txt, UK_debates2025-03-06.txt, UK_debates2025-06-02.txt","hierarchical_chunks\UK_debates2025-01-13.txt_chunks\UK_debates2025-01-13_chunk_21.txt, hierarchical_chunks\UK_debates2025-02-05.txt_chunks\UK_debates2025-02-05_chunk_18.txt, hierarchical_chunks\UK_debates2025-02-24.txt_chunks\UK_debates2025-02-24_chunk_27.txt, hierarchical_chunks\UK_debates2025-03-06.txt_chunks\UK_debates2025-03-06_chunk_45.txt, hierarchical_chunks\UK_debates2025-06-02.txt_chunks\UK_debates2025-06-02_chunk_18.txt","[UK_debates2025-06-02.txt | UK_debates2025-06-02_chunk_18] I thank the Secretary of State for her answer, and for the seriousness with which this Government are tackling the scourge of knife crime in constituencies like mine. In Redditch, the anti-knife-crime campaigner Pete Martin is making a real difference by educating young people in schools about the d
[UK_debates2025-03-06.txt | UK_debates2025-03-06_chunk_45] The B23 postcode in my constituency has experienced a troubling surge in knife-related offences. The west midlands violence reduction unit has been instrumental in addressing the issue, engaging with over 8,000 young people and contributing to a 18% reduction in youth violence involving knives betwe
[UK_debates2025-02-24.txt | UK_debates2025-02-24_chunk_27] On a recent visit to Marple sixth-form college, I was reminded that the last Conservative Government abandoned young people and our economy by trashing our relationship with Europe, so I was delighted to see recent reports in The Times that the Prime Minister will offer a youth mobility scheme in ne
[UK_debates2025-02-05.txt | UK_debates2025-02-05_chunk_18] The Prime Minister was asked— If he will list his official engagements for Wednesday 5 February. I know the whole House will be appalled by the death of a young boy in Sheffield on Monday. Our hearts go out to his family and his loved ones. Knife crime blights our communities and we redouble every s
[UK_debates2025-01-13.txt | UK_debates2025-01-13_chunk_21] The Prime Minister, the Home Secretary and I, as the Policing Minister, have said that we want a common-sense approach to dealing with these matters. The Government have been very clear on this. We have set out our priorities as the incoming Government: halving knife crime; halving violence against","The anti-knife-crime campaigner mentioned in the Redditch constituency is Pete Martin (UK_debates2025-06-02.txt).

He is educating young people in schools about the dangers of knife crime (UK_debates2025-06-02.txt)."
12/31/2025 20:25,"Who is the anti-knife-crime campaigner mentioned in the Redditch constituency, and how is he educating young people in schools?",hierarchical,dense,10,10,"UK_debates2024-11-04.txt, UK_debates2024-11-27.txt, UK_debates2025-01-13.txt, UK_debates2025-02-05.txt, UK_debates2025-02-24.txt, UK_debates2025-03-06.txt, UK_debates2025-06-02.txt, UK_debates2025-10-16.txt","hierarchical_chunks\UK_debates2024-11-04.txt_chunks\UK_debates2024-11-04_chunk_12.txt, hierarchical_chunks\UK_debates2024-11-27.txt_chunks\UK_debates2024-11-27_chunk_37.txt, hierarchical_chunks\UK_debates2025-01-13.txt_chunks\UK_debates2025-01-13_chunk_21.txt, hierarchical_chunks\UK_debates2025-01-13.txt_chunks\UK_debates2025-01-13_chunk_23.txt, hierarchical_chunks\UK_debates2025-01-13.txt_chunks\UK_debates2025-01-13_chunk_25.txt, hierarchical_chunks\UK_debates2025-02-05.txt_chunks\UK_debates2025-02-05_chunk_18.txt, hierarchical_chunks\UK_debates2025-02-24.txt_chunks\UK_debates2025-02-24_chunk_27.txt, hierarchical_chunks\UK_debates2025-03-06.txt_chunks\UK_debates2025-03-06_chunk_45.txt, hierarchical_chunks\UK_debates2025-06-02.txt_chunks\UK_debates2025-06-02_chunk_18.txt, hierarchical_chunks\UK_debates2025-10-16.txt_chunks\UK_debates2025-10-16_chunk_10.txt","[UK_debates2025-06-02.txt | UK_debates2025-06-02_chunk_18] I thank the Secretary of State for her answer, and for the seriousness with which this Government are tackling the scourge of knife crime in constituencies like mine. In Redditch, the anti-knife-crime campaigner Pete Martin is making a real difference by educating young people in schools about the d
[UK_debates2025-03-06.txt | UK_debates2025-03-06_chunk_45] The B23 postcode in my constituency has experienced a troubling surge in knife-related offences. The west midlands violence reduction unit has been instrumental in addressing the issue, engaging with over 8,000 young people and contributing to a 18% reduction in youth violence involving knives betwe
[UK_debates2025-02-24.txt | UK_debates2025-02-24_chunk_27] On a recent visit to Marple sixth-form college, I was reminded that the last Conservative Government abandoned young people and our economy by trashing our relationship with Europe, so I was delighted to see recent reports in The Times that the Prime Minister will offer a youth mobility scheme in ne
[UK_debates2025-02-05.txt | UK_debates2025-02-05_chunk_18] The Prime Minister was asked— If he will list his official engagements for Wednesday 5 February. I know the whole House will be appalled by the death of a young boy in Sheffield on Monday. Our hearts go out to his family and his loved ones. Knife crime blights our communities and we redouble every s
[UK_debates2025-01-13.txt | UK_debates2025-01-13_chunk_21] The Prime Minister, the Home Secretary and I, as the Policing Minister, have said that we want a common-sense approach to dealing with these matters. The Government have been very clear on this. We have set out our priorities as the incoming Government: halving knife crime; halving violence against
[UK_debates2024-11-27.txt | UK_debates2024-11-27_chunk_37] I thank the hon. Member for raising that tragic case, and I pay tribute to Tracey for her campaigning. I have met a number of families on the issue of bleed kits, so I know at first hand how important this is. We are taking measures in relation to knife crime, including banning the online sale of kn
[UK_debates2024-11-04.txt | UK_debates2024-11-04_chunk_12] I thank my hon. Friend for raising such an important topic and highlighting the good work of the Greater Manchester violence reduction unit. As well as the work on the RSHE curriculum, the Government will create a new young futures programme, intervening early to stop young people being drawn into c
[UK_debates2025-01-13.txt | UK_debates2025-01-13_chunk_23] My hon. Friend is right to say that the Scottish Government have a significant increase in funding, so they can take action to improve public services. This Government have made it a mission to halve knife crime over the next decade, including taking action to get dangerous weapons, such as zombie k
[UK_debates2025-01-13.txt | UK_debates2025-01-13_chunk_25] The hon. Member will know that the PSNI takes this issue extremely seriously. The issues of knife crime are devastating to families, and he is right to be deeply concerned about the increases we have seen. Frankly, it is still far too easy for young people to get hold of knives. That is why we asked
[UK_debates2025-10-16.txt | UK_debates2025-10-16_chunk_10] I am grateful to my hon. Friend for all her work. In our youth strategy, we will set out the next steps to invest in the future of our young people. We want to better co-ordinate youth services and move away from a one-size-fits-all approach from central Government. In short, we want to put power ba","The anti-knife-crime campaigner mentioned in the Redditch constituency is Pete Martin (UK_debates2025-06-02.txt).

He is educating young people in schools about the dangers of knife crime (UK_debates2025-06-02.txt)."
12/31/2025 20:25,"What percentage of D.C. residents are considered obese, and what are the two primary factors identified as the causes of this epidemic?",fixed_660,bm25,3,3,"uk_2024-08-06.txt, uk_2025-07-29.txt","chunks_660_output\uk_2024-08-06.txt_chunks\uk_2024-08-06_chunk_3.txt, chunks_660_output\uk_2024-08-06.txt_chunks\uk_2024-08-06_chunk_4.txt, chunks_660_output\uk_2025-07-29.txt_chunks\uk_2025-07-29_chunk_9.txt","[uk_2024-08-06.txt | uk_2024-08-06_chunk_3] Tom was also a board member of the College of  the Canyons Foundation, a director emeritus of the COC Foundation, and  president of the Boys & Girls Club of the Santa Clarita Valley. In  short, Tom's been busy. For his work in our community, Tom has earned the Silver Spur Award  for Community Servic
[uk_2024-08-06.txt | uk_2024-08-06_chunk_4] Approximately one-fifth of D.C.  residents are considered obese. Most of the obesity epidemic is  exercise- and food-related. I urge support for this bill to mobilize the country before entirely  preventable health conditions, which often begin in childhood,  overwhelm the Nation's health care syste
[uk_2025-07-29.txt | uk_2025-07-29_chunk_9] In fact, several states have laws that require  the top official in their National Guard to reside in the state, and it  is highly likely that every state and territory only appoints residents  as the top official in their National Guard. The primary reason  residency requirements exist is so that g","Approximately one-fifth of D.C. residents are considered obese (uk_2024-08-06.txt).

The two primary factors identified as causes of the obesity epidemic are exercise-related and food-related (uk_2024-08-06.txt)."
12/31/2025 20:25,"What percentage of D.C. residents are considered obese, and what are the two primary factors identified as the causes of this epidemic?",fixed_660,bm25,5,5,"uk_2023-10-02.txt, uk_2024-04-19.txt, uk_2024-08-06.txt, uk_2025-07-29.txt","chunks_660_output\uk_2023-10-02.txt_chunks\uk_2023-10-02_chunk_3.txt, chunks_660_output\uk_2024-04-19.txt_chunks\uk_2024-04-19_chunk_1.txt, chunks_660_output\uk_2024-08-06.txt_chunks\uk_2024-08-06_chunk_3.txt, chunks_660_output\uk_2024-08-06.txt_chunks\uk_2024-08-06_chunk_4.txt, chunks_660_output\uk_2025-07-29.txt_chunks\uk_2025-07-29_chunk_9.txt","[uk_2024-08-06.txt | uk_2024-08-06_chunk_3] Tom was also a board member of the College of  the Canyons Foundation, a director emeritus of the COC Foundation, and  president of the Boys & Girls Club of the Santa Clarita Valley. In  short, Tom's been busy. For his work in our community, Tom has earned the Silver Spur Award  for Community Servic
[uk_2024-08-06.txt | uk_2024-08-06_chunk_4] Approximately one-fifth of D.C.  residents are considered obese. Most of the obesity epidemic is  exercise- and food-related. I urge support for this bill to mobilize the country before entirely  preventable health conditions, which often begin in childhood,  overwhelm the Nation's health care syste
[uk_2025-07-29.txt | uk_2025-07-29_chunk_9] In fact, several states have laws that require  the top official in their National Guard to reside in the state, and it  is highly likely that every state and territory only appoints residents  as the top official in their National Guard. The primary reason  residency requirements exist is so that g
[uk_2023-10-02.txt | uk_2023-10-02_chunk_3] There are so many stories of children that never returned home. Future artists, doctors, language keepers, storytellers, and leaders  skipped generations. We still feel those impacts today. The federal government and our country must do better to acknowledge  its legacy and understand the full truth
[uk_2024-04-19.txt | uk_2024-04-19_chunk_1] ?Title: BLACK MATERNAL HEALTH WEEK AND CRISIS; Congressional Record Vol. 170, No. 69  From the Congressional Record Online through the Government Publishing Office [<a href='https://www.gpo.gov'>www.gpo.gov</a>]  BLACK MATERNAL HEALTH WEEK AND CRISIS  HON. JOYCE BEATTY  Mrs. BEATTY. Mr Speaker, I ri","Approximately one-fifth of D.C. residents are considered obese (uk_2024-08-06.txt).

The two primary factors identified as the causes of this obesity epidemic are exercise-related and food-related issues (uk_2024-08-06.txt)."
12/31/2025 20:25,"What percentage of D.C. residents are considered obese, and what are the two primary factors identified as the causes of this epidemic?",fixed_660,bm25,10,10,"uk_2023-07-17.txt, uk_2023-10-02.txt, uk_2024-04-19.txt, uk_2024-08-06.txt, uk_2025-07-29.txt, uk_2025-08-12.txt, us_2023-07-03.txt, us_2023-07-17.txt","chunks_660_output\uk_2023-07-17.txt_chunks\uk_2023-07-17_chunk_4.txt, chunks_660_output\uk_2023-10-02.txt_chunks\uk_2023-10-02_chunk_3.txt, chunks_660_output\uk_2024-04-19.txt_chunks\uk_2024-04-19_chunk_1.txt, chunks_660_output\uk_2024-08-06.txt_chunks\uk_2024-08-06_chunk_3.txt, chunks_660_output\uk_2024-08-06.txt_chunks\uk_2024-08-06_chunk_4.txt, chunks_660_output\uk_2025-07-29.txt_chunks\uk_2025-07-29_chunk_8.txt, chunks_660_output\uk_2025-07-29.txt_chunks\uk_2025-07-29_chunk_9.txt, chunks_660_output\uk_2025-08-12.txt_chunks\uk_2025-08-12_chunk_5.txt, chunks_660_output\us_2023-07-03.txt_chunks\us_2023-07-03_chunk_1.txt, chunks_660_output\us_2023-07-17.txt_chunks\us_2023-07-17_chunk_4.txt","[uk_2024-08-06.txt | uk_2024-08-06_chunk_3] Tom was also a board member of the College of  the Canyons Foundation, a director emeritus of the COC Foundation, and  president of the Boys & Girls Club of the Santa Clarita Valley. In  short, Tom's been busy. For his work in our community, Tom has earned the Silver Spur Award  for Community Servic
[uk_2024-08-06.txt | uk_2024-08-06_chunk_4] Approximately one-fifth of D.C.  residents are considered obese. Most of the obesity epidemic is  exercise- and food-related. I urge support for this bill to mobilize the country before entirely  preventable health conditions, which often begin in childhood,  overwhelm the Nation's health care syste
[uk_2025-07-29.txt | uk_2025-07-29_chunk_9] In fact, several states have laws that require  the top official in their National Guard to reside in the state, and it  is highly likely that every state and territory only appoints residents  as the top official in their National Guard. The primary reason  residency requirements exist is so that g
[uk_2023-10-02.txt | uk_2023-10-02_chunk_3] There are so many stories of children that never returned home. Future artists, doctors, language keepers, storytellers, and leaders  skipped generations. We still feel those impacts today. The federal government and our country must do better to acknowledge  its legacy and understand the full truth
[uk_2024-04-19.txt | uk_2024-04-19_chunk_1] ?Title: BLACK MATERNAL HEALTH WEEK AND CRISIS; Congressional Record Vol. 170, No. 69  From the Congressional Record Online through the Government Publishing Office [<a href='https://www.gpo.gov'>www.gpo.gov</a>]  BLACK MATERNAL HEALTH WEEK AND CRISIS  HON. JOYCE BEATTY  Mrs. BEATTY. Mr Speaker, I ri
[us_2023-07-17.txt | us_2023-07-17_chunk_4] In his last post, Col. Brown also provided support to the 7-state region as a board member for the 2022 Service Academy. He supports all local leaders of Nevada by providing them with information regarding the Army Reserve and the economic impact to states and cities. He has also supported the Army
[uk_2023-07-17.txt | uk_2023-07-17_chunk_4] He supports all  local leaders of Nevada by providing them with information regarding  the Army Reserve and the economic impact to states and cities. He has  also supported the Army Reserve Ambassador Program, which supports  students with full-ride scholarships to any ROTC program in the Nation  wi
[us_2023-07-03.txt | us_2023-07-03_chunk_1] INTRODUCTION OF THE DISTRICT OF COLUMBIA NATIONAL GUARD COMMANDING GENERAL RESIDENCY ACT; Congressional Record Vol. 169, No. 115    Date: 2023-07-03 Volume: 169, Issue: 115 Pages: E635 - E635 ================================================================================ [Extensions of Remarks] Fro
[uk_2025-08-12.txt | uk_2025-08-12_chunk_5] RITCHIE TORRES  Mr. TORRES of New York. Mr. Speaker, my heart goes out to the family,  friends, and colleagues of Wesley LePatner, one of the victims of the  tragic shooting in Midtown Manhattan. A city is only as strong as its people, and Wesley LePatner  represented the very best of New York. She
[uk_2025-07-29.txt | uk_2025-07-29_chunk_8] RASHIDA TLAIB  Ms. TLAIB. Mr. Speaker, today the 12th Congressional District proudly  recognizes Staff Sergeant Essie Dell O'Bryant Woods, a lifelong  Detroiter and courageous member of the historic 6888th Central Postal  Directory Battalion. Known as the ``Six Triple Eight,'' this all-Black, all wo","Approximately one-fifth of D.C. residents are considered obese (uk_2024-08-06.txt).

The provided documents state that most of the obesity epidemic in D.C. is **exercise-related** and **food-related** (uk_2024-08-06.txt)."
12/31/2025 20:25,"What percentage of D.C. residents are considered obese, and what are the two primary factors identified as the causes of this epidemic?",fixed_660,dense,3,3,"uk_2024-08-06.txt, uk_2024-09-17.txt, uk_2025-10-14.txt","chunks_660_output\uk_2024-08-06.txt_chunks\uk_2024-08-06_chunk_4.txt, chunks_660_output\uk_2024-09-17.txt_chunks\uk_2024-09-17_chunk_7.txt, chunks_660_output\uk_2025-10-14.txt_chunks\uk_2025-10-14_chunk_7.txt","[uk_2024-09-17.txt | uk_2024-09-17_chunk_7] To honor this year's Constitution Week, I ask my fellow citizens, and  especially my fellow Members of Congress, to reaffirm the ideals the  Framers of the Constitution had in 1787 by vigilantly protecting the  freedoms guaranteed to us through this guardian of our liberties. I extend my sincerest g
[uk_2024-08-06.txt | uk_2024-08-06_chunk_4] Approximately one-fifth of D.C.  residents are considered obese. Most of the obesity epidemic is  exercise- and food-related. I urge support for this bill to mobilize the country before entirely  preventable health conditions, which often begin in childhood,  overwhelm the Nation's health care syste
[uk_2025-10-14.txt | uk_2025-10-14_chunk_7] Mr. Speaker, I rise today to recognize two  extraordinary women, Dr. Lynn Kowalski and Dr. Stephanie Wishnev, for  completing one of the TransAmerica routes. It is one of the most  challenging cycling endeavors in the world, spanning from Astoria,  Oregon to Yorktown, Virginia. As an avid cyclist my","Approximately one-fifth of D.C. residents are considered obese (uk_2024-08-06.txt).

The document identifies that most of the obesity epidemic is exercise- and food-related (uk_2024-08-06.txt)."
12/31/2025 20:25,"What percentage of D.C. residents are considered obese, and what are the two primary factors identified as the causes of this epidemic?",fixed_660,dense,5,5,"uk_2024-05-14.txt, uk_2024-08-06.txt, uk_2024-09-17.txt, uk_2025-07-29.txt, uk_2025-10-14.txt","chunks_660_output\uk_2024-05-14.txt_chunks\uk_2024-05-14_chunk_6.txt, chunks_660_output\uk_2024-08-06.txt_chunks\uk_2024-08-06_chunk_4.txt, chunks_660_output\uk_2024-09-17.txt_chunks\uk_2024-09-17_chunk_7.txt, chunks_660_output\uk_2025-07-29.txt_chunks\uk_2025-07-29_chunk_9.txt, chunks_660_output\uk_2025-10-14.txt_chunks\uk_2025-10-14_chunk_7.txt","[uk_2024-09-17.txt | uk_2024-09-17_chunk_7] To honor this year's Constitution Week, I ask my fellow citizens, and  especially my fellow Members of Congress, to reaffirm the ideals the  Framers of the Constitution had in 1787 by vigilantly protecting the  freedoms guaranteed to us through this guardian of our liberties. I extend my sincerest g
[uk_2024-08-06.txt | uk_2024-08-06_chunk_4] Approximately one-fifth of D.C.  residents are considered obese. Most of the obesity epidemic is  exercise- and food-related. I urge support for this bill to mobilize the country before entirely  preventable health conditions, which often begin in childhood,  overwhelm the Nation's health care syste
[uk_2025-10-14.txt | uk_2025-10-14_chunk_7] Mr. Speaker, I rise today to recognize two  extraordinary women, Dr. Lynn Kowalski and Dr. Stephanie Wishnev, for  completing one of the TransAmerica routes. It is one of the most  challenging cycling endeavors in the world, spanning from Astoria,  Oregon to Yorktown, Virginia. As an avid cyclist my
[uk_2024-05-14.txt | uk_2024-05-14_chunk_6] They  include but are not limited to mental health treatment stigma, limited  access to culturally competent care, or care at all, and the enduring  effects of racism and racial trauma. Historical and ongoing racism  contributes to higher poverty rates, increased incarceration, and  limited access t
[uk_2025-07-29.txt | uk_2025-07-29_chunk_9] In fact, several states have laws that require  the top official in their National Guard to reside in the state, and it  is highly likely that every state and territory only appoints residents  as the top official in their National Guard. The primary reason  residency requirements exist is so that g","Approximately one-fifth of D.C. residents are considered obese (uk_2024-08-06.txt).

The document states that most of the obesity epidemic is **exercise-** and **food-related** (uk_2024-08-06.txt)."
12/31/2025 20:26,"What percentage of D.C. residents are considered obese, and what are the two primary factors identified as the causes of this epidemic?",fixed_660,dense,10,10,"uk_2023-10-02.txt, uk_2024-02-20.txt, uk_2024-05-14.txt, uk_2024-08-06.txt, uk_2024-09-17.txt, uk_2025-07-25.txt, uk_2025-07-29.txt, uk_2025-09-16.txt, uk_2025-10-14.txt, us_2024-05-14.txt","chunks_660_output\uk_2023-10-02.txt_chunks\uk_2023-10-02_chunk_5.txt, chunks_660_output\uk_2024-02-20.txt_chunks\uk_2024-02-20_chunk_9.txt, chunks_660_output\uk_2024-05-14.txt_chunks\uk_2024-05-14_chunk_6.txt, chunks_660_output\uk_2024-08-06.txt_chunks\uk_2024-08-06_chunk_4.txt, chunks_660_output\uk_2024-09-17.txt_chunks\uk_2024-09-17_chunk_7.txt, chunks_660_output\uk_2025-07-25.txt_chunks\uk_2025-07-25_chunk_1.txt, chunks_660_output\uk_2025-07-29.txt_chunks\uk_2025-07-29_chunk_9.txt, chunks_660_output\uk_2025-09-16.txt_chunks\uk_2025-09-16_chunk_4.txt, chunks_660_output\uk_2025-10-14.txt_chunks\uk_2025-10-14_chunk_7.txt, chunks_660_output\us_2024-05-14.txt_chunks\us_2024-05-14_chunk_5.txt","[uk_2024-09-17.txt | uk_2024-09-17_chunk_7] To honor this year's Constitution Week, I ask my fellow citizens, and  especially my fellow Members of Congress, to reaffirm the ideals the  Framers of the Constitution had in 1787 by vigilantly protecting the  freedoms guaranteed to us through this guardian of our liberties. I extend my sincerest g
[uk_2024-08-06.txt | uk_2024-08-06_chunk_4] Approximately one-fifth of D.C.  residents are considered obese. Most of the obesity epidemic is  exercise- and food-related. I urge support for this bill to mobilize the country before entirely  preventable health conditions, which often begin in childhood,  overwhelm the Nation's health care syste
[uk_2025-10-14.txt | uk_2025-10-14_chunk_7] Mr. Speaker, I rise today to recognize two  extraordinary women, Dr. Lynn Kowalski and Dr. Stephanie Wishnev, for  completing one of the TransAmerica routes. It is one of the most  challenging cycling endeavors in the world, spanning from Astoria,  Oregon to Yorktown, Virginia. As an avid cyclist my
[uk_2024-05-14.txt | uk_2024-05-14_chunk_6] They  include but are not limited to mental health treatment stigma, limited  access to culturally competent care, or care at all, and the enduring  effects of racism and racial trauma. Historical and ongoing racism  contributes to higher poverty rates, increased incarceration, and  limited access t
[uk_2025-07-29.txt | uk_2025-07-29_chunk_9] In fact, several states have laws that require  the top official in their National Guard to reside in the state, and it  is highly likely that every state and territory only appoints residents  as the top official in their National Guard. The primary reason  residency requirements exist is so that g
[uk_2023-10-02.txt | uk_2023-10-02_chunk_5] This week, patients, plasma donors, and  plasma donation centers will join together to raise global awareness of  the crucial need for plasma, recognize the contributions of plasma  donors, and call attention to the many rare diseases treated with  plasma protein therapies. Donors and patients alike
[uk_2025-09-16.txt | uk_2025-09-16_chunk_4] From the Congressional Record Online through the Government Publishing Office [<a href='https://www.gpo.gov'>www.gpo.gov</a>]  INTRODUCTION OF THE BILLIONAIRE INCOME TAX ACT AND NOTING THE POPE'S  CONCERN ON INCOME INEQUALITY  HON. STEVE COHEN  Mr. COHEN. Mr. Speaker, I plan to introduce the Billion
[uk_2025-07-25.txt | uk_2025-07-25_chunk_1] ?Title: CONDEMNING CHAOTIC AND HARMFUL FAILINGS OF THIS CONGRESS; Congressional Record Vol. 171, No. 128  From the Congressional Record Online through the Government Publishing Office [<a href='https://www.gpo.gov'>www.gpo.gov</a>]  CONDEMNING CHAOTIC AND HARMFUL FAILINGS OF THIS CONGRESS  HON. STEV
[uk_2024-02-20.txt | uk_2024-02-20_chunk_9] D.C.'s exclusion from the Act makes it ineligible for federal  funding that would support research at D.C.'s public university, the  University of the District of Columbia (UDC). The College of  Agriculture, Urban Sustainability and Environmental Sciences at UDC,  the nation's only urban land-grant
[us_2024-05-14.txt | us_2024-05-14_chunk_5] IMPORTANCE OF ACTION AND ADVOCACY FOR BLACK MENTAL HEALTH; Congressional Record Vol. 170, No. 83    Date: 2024-05-14 Volume: 170, Issue: 83 Pages: E495 - E495 ================================================================================ [Extensions of Remarks] From the Congressional Record Online","Approximately one-fifth of D.C. residents are considered obese (uk_2024-08-06.txt).

The document states that most of the obesity epidemic is exercise- and food-related (uk_2024-08-06.txt)."
12/31/2025 20:26,"What percentage of D.C. residents are considered obese, and what are the two primary factors identified as the causes of this epidemic?",hierarchical,bm25,3,3,"us_2024-08-06.txt, us_2025-07-29.txt, us_2025-08-12.txt","hierarchical_chunks\us_2024-08-06.txt_chunks\us_2024-08-06_chunk_14.txt, hierarchical_chunks\us_2025-07-29.txt_chunks\us_2025-07-29_chunk_41.txt, hierarchical_chunks\us_2025-08-12.txt_chunks\us_2025-08-12_chunk_22.txt","[us_2025-07-29.txt | us_2025-07-29_chunk_41] Ms. NORTON. Mr. Speaker, today, I introduce the District of Columbia National Guard Commanding General Residency Act, which would require the Commanding General of the District of Columbia National Guard to reside in D.C. Two Congresses ago, the House Committee on Oversight and Reform passed this bi
[us_2024-08-06.txt | us_2024-08-06_chunk_14] Ms. NORTON. Mr. Speaker, today, I introduced the Promoting Healthier Lifelong Improvements in Food and Exercise Act of 2024, or the LIFE Act, which would establish a national program to combat overweight and obesity, a major health problem in the United States that cannot be remedied through the hea
[us_2025-08-12.txt | us_2025-08-12_chunk_22] Ms. NORTON. Mr. Speaker, today, I introduce the Commission of Fine Arts District. This bill would require that a majority of the members of the Commission of Fine Arts (CFA) be District of Columbia residents. Under federal law and presidential executive orders (EOs), the CFA has review authority for","Approximately one-fifth of D.C. residents are considered obese (us_2024-08-06.txt).

The document identifies the two primary factors causing the obesity epidemic as exercise-related and food-related (us_2024-08-06.txt)."
12/31/2025 20:26,"What percentage of D.C. residents are considered obese, and what are the two primary factors identified as the causes of this epidemic?",hierarchical,bm25,5,5,"us_2023-07-17.txt, us_2023-10-02.txt, us_2024-08-06.txt, us_2025-07-29.txt, us_2025-08-12.txt","hierarchical_chunks\us_2023-07-17.txt_chunks\us_2023-07-17_chunk_32.txt, hierarchical_chunks\us_2023-10-02.txt_chunks\us_2023-10-02_chunk_10.txt, hierarchical_chunks\us_2024-08-06.txt_chunks\us_2024-08-06_chunk_14.txt, hierarchical_chunks\us_2025-07-29.txt_chunks\us_2025-07-29_chunk_41.txt, hierarchical_chunks\us_2025-08-12.txt_chunks\us_2025-08-12_chunk_22.txt","[us_2025-07-29.txt | us_2025-07-29_chunk_41] Ms. NORTON. Mr. Speaker, today, I introduce the District of Columbia National Guard Commanding General Residency Act, which would require the Commanding General of the District of Columbia National Guard to reside in D.C. Two Congresses ago, the House Committee on Oversight and Reform passed this bi
[us_2024-08-06.txt | us_2024-08-06_chunk_14] Ms. NORTON. Mr. Speaker, today, I introduced the Promoting Healthier Lifelong Improvements in Food and Exercise Act of 2024, or the LIFE Act, which would establish a national program to combat overweight and obesity, a major health problem in the United States that cannot be remedied through the hea
[us_2025-08-12.txt | us_2025-08-12_chunk_22] Ms. NORTON. Mr. Speaker, today, I introduce the Commission of Fine Arts District. This bill would require that a majority of the members of the Commission of Fine Arts (CFA) be District of Columbia residents. Under federal law and presidential executive orders (EOs), the CFA has review authority for
[us_2023-10-02.txt | us_2023-10-02_chunk_10] Ms. NORTON. Mr. Speaker, today, I introduce the Commission of Fine Arts District. This bill would require that a majority of the members of the Commission of Fine Arts (CFA) be District of Columbia residents. Under federal law and presidential executive orders (EOs), the CFA has review authority for
[us_2023-07-17.txt | us_2023-07-17_chunk_32] Ms. NORTON. Mr. Speaker, today, I introduce a bill that would require the Directors of 2 federal agencies, the Court Services and Offender Supervision Agency for the District of Columbia (CSOSA) and the District of Columbia Pretrial Services Agency (PSA), to reside in the District of Columbia during","Approximately one-fifth of D.C. residents are considered obese (us_2024-08-06.txt).

The two primary factors identified as the causes of the obesity epidemic are exercise-related and food-related (us_2024-08-06.txt)."
12/31/2025 20:26,"What percentage of D.C. residents are considered obese, and what are the two primary factors identified as the causes of this epidemic?",hierarchical,bm25,10,10,"us_2023-07-03.txt, us_2023-07-17.txt, us_2023-07-24.txt, us_2023-10-02.txt, us_2023-11-09.txt, us_2024-08-06.txt, us_2025-06-23.txt, us_2025-07-29.txt, us_2025-08-12.txt","hierarchical_chunks\us_2023-07-03.txt_chunks\us_2023-07-03_chunk_4.txt, hierarchical_chunks\us_2023-07-17.txt_chunks\us_2023-07-17_chunk_32.txt, hierarchical_chunks\us_2023-07-24.txt_chunks\us_2023-07-24_chunk_15.txt, hierarchical_chunks\us_2023-10-02.txt_chunks\us_2023-10-02_chunk_10.txt, hierarchical_chunks\us_2023-10-02.txt_chunks\us_2023-10-02_chunk_12.txt, hierarchical_chunks\us_2023-11-09.txt_chunks\us_2023-11-09_chunk_26.txt, hierarchical_chunks\us_2024-08-06.txt_chunks\us_2024-08-06_chunk_14.txt, hierarchical_chunks\us_2025-06-23.txt_chunks\us_2025-06-23_chunk_25.txt, hierarchical_chunks\us_2025-07-29.txt_chunks\us_2025-07-29_chunk_41.txt, hierarchical_chunks\us_2025-08-12.txt_chunks\us_2025-08-12_chunk_22.txt","[us_2025-07-29.txt | us_2025-07-29_chunk_41] Ms. NORTON. Mr. Speaker, today, I introduce the District of Columbia National Guard Commanding General Residency Act, which would require the Commanding General of the District of Columbia National Guard to reside in D.C. Two Congresses ago, the House Committee on Oversight and Reform passed this bi
[us_2024-08-06.txt | us_2024-08-06_chunk_14] Ms. NORTON. Mr. Speaker, today, I introduced the Promoting Healthier Lifelong Improvements in Food and Exercise Act of 2024, or the LIFE Act, which would establish a national program to combat overweight and obesity, a major health problem in the United States that cannot be remedied through the hea
[us_2025-08-12.txt | us_2025-08-12_chunk_22] Ms. NORTON. Mr. Speaker, today, I introduce the Commission of Fine Arts District. This bill would require that a majority of the members of the Commission of Fine Arts (CFA) be District of Columbia residents. Under federal law and presidential executive orders (EOs), the CFA has review authority for
[us_2023-10-02.txt | us_2023-10-02_chunk_10] Ms. NORTON. Mr. Speaker, today, I introduce the Commission of Fine Arts District. This bill would require that a majority of the members of the Commission of Fine Arts (CFA) be District of Columbia residents. Under federal law and presidential executive orders (EOs), the CFA has review authority for
[us_2023-07-17.txt | us_2023-07-17_chunk_32] Ms. NORTON. Mr. Speaker, today, I introduce a bill that would require the Directors of 2 federal agencies, the Court Services and Offender Supervision Agency for the District of Columbia (CSOSA) and the District of Columbia Pretrial Services Agency (PSA), to reside in the District of Columbia during
[us_2023-07-03.txt | us_2023-07-03_chunk_4] Ms. NORTON. Mr. Speaker, today, I introduce the District of Columbia National Guard Commanding General Residency Act, which would require the Commanding General of the D.C. National Guard to reside in D.C. Last Congress, the House Committee on Oversight and Reform passed this bill. D.C. has no contr
[us_2023-11-09.txt | us_2023-11-09_chunk_26] Ms. NORTON. Mr. Speaker, today, I introduce the Service Academies District of Columbia Equality Act, which would give the District of Columbia the same number of appointments and nominations to the U.S. service academies as states. Currently, each Member of the House and each senator is allocated fi
[us_2025-06-23.txt | us_2025-06-23_chunk_25] Ms. NORTON. Mr. Speaker, today, I introduce the District of Columbia Zoning Commission Home Rule Act. This bill would give the District of Columbia the authority to appoint all members of the D.C. Zoning Commission (Commission). Currently, the membership of the Commission consists of two federal off
[us_2023-07-24.txt | us_2023-07-24_chunk_15] Ms. NORTON. Mr. Speaker, today, I introduce the District of Columbia Zoning Commission Home Rule Act. This bill would give the District of Columbia the authority to appoint all members of the D.C. Zoning Commission (Commission). Currently, the membership of the Commission consists of two federal off
[us_2023-10-02.txt | us_2023-10-02_chunk_12] Ms. NORTON. Mr. Speaker, today, I introduce the District of Columbia Courts Home Rule Act. This bill would give the Council of the District local D.C. courts. The D.C. Home Rule Act (HRA) expressly prohibits the Council from enacting any law with respect to any title 11 of the D.C. Code, which relat","Approximately one-fifth of D.C. residents are considered obese (us_2024-08-06.txt).

The two primary factors identified as the causes of the obesity epidemic are exercise-related and food-related issues (us_2024-08-06.txt)."
12/31/2025 20:26,"What percentage of D.C. residents are considered obese, and what are the two primary factors identified as the causes of this epidemic?",hierarchical,dense,3,3,"UK_debates2025-06-16.txt, us_2024-08-06.txt, us_2024-09-17.txt","hierarchical_chunks\UK_debates2025-06-16.txt_chunks\UK_debates2025-06-16_chunk_22.txt, hierarchical_chunks\us_2024-08-06.txt_chunks\us_2024-08-06_chunk_14.txt, hierarchical_chunks\us_2024-09-17.txt_chunks\us_2024-09-17_chunk_35.txt","[us_2024-08-06.txt | us_2024-08-06_chunk_14] Ms. NORTON. Mr. Speaker, today, I introduced the Promoting Healthier Lifelong Improvements in Food and Exercise Act of 2024, or the LIFE Act, which would establish a national program to combat overweight and obesity, a major health problem in the United States that cannot be remedied through the hea
[UK_debates2025-06-16.txt | UK_debates2025-06-16_chunk_22] I thank the Minister very much for her answers. Worryingly, obesity levels are predicted to rise between 20% and 30% in the next five to 10 years. To combat that, physical education is important, as is the Government looking at children’s diets at school. Those two things can address obesity, so I a
[us_2024-09-17.txt | us_2024-09-17_chunk_35] Mr. MOLINARO. Mr. Speaker, today, I rise to recognize September 2024 as Sepsis Awareness Month. We honor individuals who have been affected by sepsis and pledge unwavering support and recognition of the diagnosis to patients and families. Sepsis is a life-threatening medical emergency triggered by t","Approximately one-fifth of D.C. residents are considered obese (us_2024-08-06.txt).

The document identifies the two primary factors causing the obesity epidemic as being ""exercise- and food-related"" (us_2024-08-06.txt)."
12/31/2025 20:26,"What percentage of D.C. residents are considered obese, and what are the two primary factors identified as the causes of this epidemic?",hierarchical,dense,5,5,"UK_debates2023-10-17.txt, UK_debates2025-06-16.txt, us_2024-05-24.txt, us_2024-08-06.txt, us_2024-09-17.txt","hierarchical_chunks\UK_debates2023-10-17.txt_chunks\UK_debates2023-10-17_chunk_14.txt, hierarchical_chunks\UK_debates2025-06-16.txt_chunks\UK_debates2025-06-16_chunk_22.txt, hierarchical_chunks\us_2024-05-24.txt_chunks\us_2024-05-24_chunk_21.txt, hierarchical_chunks\us_2024-08-06.txt_chunks\us_2024-08-06_chunk_14.txt, hierarchical_chunks\us_2024-09-17.txt_chunks\us_2024-09-17_chunk_35.txt","[us_2024-08-06.txt | us_2024-08-06_chunk_14] Ms. NORTON. Mr. Speaker, today, I introduced the Promoting Healthier Lifelong Improvements in Food and Exercise Act of 2024, or the LIFE Act, which would establish a national program to combat overweight and obesity, a major health problem in the United States that cannot be remedied through the hea
[UK_debates2025-06-16.txt | UK_debates2025-06-16_chunk_22] I thank the Minister very much for her answers. Worryingly, obesity levels are predicted to rise between 20% and 30% in the next five to 10 years. To combat that, physical education is important, as is the Government looking at children’s diets at school. Those two things can address obesity, so I a
[us_2024-09-17.txt | us_2024-09-17_chunk_35] Mr. MOLINARO. Mr. Speaker, today, I rise to recognize September 2024 as Sepsis Awareness Month. We honor individuals who have been affected by sepsis and pledge unwavering support and recognition of the diagnosis to patients and families. Sepsis is a life-threatening medical emergency triggered by t
[UK_debates2023-10-17.txt | UK_debates2023-10-17_chunk_14] I thank the Secretary of State for that answer. Many commercial infant and toddler foods are ultra-processed, which sets alarm bells ringing as ultra-processed food is strongly associated with cardiovascular diseases and 40% of 10 to 11-year-olds are overweight or obese. I strongly believe that pare
[us_2024-05-24.txt | us_2024-05-24_chunk_21] Our economy continues to suffer due to this administration's fiscal policies. Inflation was at 1.4 percent when Biden took office and has risen nearly 20 percent since then. High prices are forcing Americans to spend more than $12,000 more a year to afford the same basics compared to three years ago","Approximately one-fifth of D.C. residents are considered obese (us_2024-08-06.txt).

The two primary factors identified as the cause of the obesity epidemic are exercise-related and food-related issues (us_2024-08-06.txt)."
12/31/2025 20:26,"What percentage of D.C. residents are considered obese, and what are the two primary factors identified as the causes of this epidemic?",hierarchical,dense,10,10,"UK_debates2023-07-11.txt, UK_debates2023-10-17.txt, UK_debates2023-12-13.txt, UK_debates2025-01-16.txt, UK_debates2025-06-16.txt, us_2023-12-29.txt, us_2024-05-24.txt, us_2024-08-06.txt, us_2024-09-17.txt","hierarchical_chunks\UK_debates2023-07-11.txt_chunks\UK_debates2023-07-11_chunk_23.txt, hierarchical_chunks\UK_debates2023-10-17.txt_chunks\UK_debates2023-10-17_chunk_1.txt, hierarchical_chunks\UK_debates2023-10-17.txt_chunks\UK_debates2023-10-17_chunk_14.txt, hierarchical_chunks\UK_debates2023-12-13.txt_chunks\UK_debates2023-12-13_chunk_18.txt, hierarchical_chunks\UK_debates2025-01-16.txt_chunks\UK_debates2025-01-16_chunk_19.txt, hierarchical_chunks\UK_debates2025-06-16.txt_chunks\UK_debates2025-06-16_chunk_22.txt, hierarchical_chunks\us_2023-12-29.txt_chunks\us_2023-12-29_chunk_3.txt, hierarchical_chunks\us_2024-05-24.txt_chunks\us_2024-05-24_chunk_21.txt, hierarchical_chunks\us_2024-08-06.txt_chunks\us_2024-08-06_chunk_14.txt, hierarchical_chunks\us_2024-09-17.txt_chunks\us_2024-09-17_chunk_35.txt","[us_2024-08-06.txt | us_2024-08-06_chunk_14] Ms. NORTON. Mr. Speaker, today, I introduced the Promoting Healthier Lifelong Improvements in Food and Exercise Act of 2024, or the LIFE Act, which would establish a national program to combat overweight and obesity, a major health problem in the United States that cannot be remedied through the hea
[UK_debates2025-06-16.txt | UK_debates2025-06-16_chunk_22] I thank the Minister very much for her answers. Worryingly, obesity levels are predicted to rise between 20% and 30% in the next five to 10 years. To combat that, physical education is important, as is the Government looking at children’s diets at school. Those two things can address obesity, so I a
[us_2024-09-17.txt | us_2024-09-17_chunk_35] Mr. MOLINARO. Mr. Speaker, today, I rise to recognize September 2024 as Sepsis Awareness Month. We honor individuals who have been affected by sepsis and pledge unwavering support and recognition of the diagnosis to patients and families. Sepsis is a life-threatening medical emergency triggered by t
[UK_debates2023-10-17.txt | UK_debates2023-10-17_chunk_14] I thank the Secretary of State for that answer. Many commercial infant and toddler foods are ultra-processed, which sets alarm bells ringing as ultra-processed food is strongly associated with cardiovascular diseases and 40% of 10 to 11-year-olds are overweight or obese. I strongly believe that pare
[us_2024-05-24.txt | us_2024-05-24_chunk_21] Our economy continues to suffer due to this administration's fiscal policies. Inflation was at 1.4 percent when Biden took office and has risen nearly 20 percent since then. High prices are forcing Americans to spend more than $12,000 more a year to afford the same basics compared to three years ago
[UK_debates2023-10-17.txt | UK_debates2023-10-17_chunk_1] I thank the Secretary of State for that answer. Many commercial infant and toddler foods are ultra-processed, which sets alarm bells ringing as ultra-processed food is strongly associated with cardiovascular diseases and 40% of 10 to 11-year-olds are obese. I strongly believe that parents are being
[UK_debates2023-07-11.txt | UK_debates2023-07-11_chunk_23] What steps he is taking to help tackle health inequalities. We are tackling the root causes of health inequalities. We have doubled the duty on cigarettes and brought in a minimum excise tax on the cheapest cigarettes. That has helped to drive down smoking rates from 21% to a record low of 13%. We a
[UK_debates2025-01-16.txt | UK_debates2025-01-16_chunk_19] Sport and physical activity must play a bigger part in the debate on our nation’s collective health and the future of health services. Sport England reports that almost one in three children are classed as inactive. More than a third of adults do not meet the chief medical officer’s recommendations
[us_2023-12-29.txt | us_2023-12-29_chunk_3] Ms. NORTON. Mr. Speaker, today, I introduce the Jury Duty Exemption for Breastfeeding Act of 2023, which would allow breastfeeding individuals summoned for jury service in the federal courts and in the Superior Court of the District of Columbia to be excused from service upon the individual's reques
[UK_debates2023-12-13.txt | UK_debates2023-12-13_chunk_18] The hon. Gentleman will know that we disagree with the propositions that he has set out, and we have said so time and again at this Dispatch Box. We believe that the two-child policy is important. We know that there is a cost of living crisis caused by rising energy costs and the war in Ukraine, whi","Approximately one-fifth of D.C. residents are considered obese (us_2024-08-06.txt).

The two primary factors identified as the causes of the obesity epidemic are exercise-related and food-related (us_2024-08-06.txt)."
12/31/2025 20:26,What is the name of the specific Senate bill discussed for combating the sexual exploitation of children?,fixed_660,bm25,3,3,"uk_2025-06-02.txt, us_2023-09-19.txt, us_2024-02-23.txt","chunks_660_output\uk_2025-06-02.txt_chunks\uk_2025-06-02_chunk_6.txt, chunks_660_output\us_2023-09-19.txt_chunks\us_2023-09-19_chunk_4.txt, chunks_660_output\us_2024-02-23.txt_chunks\us_2024-02-23_chunk_2.txt","[us_2023-09-19.txt | us_2023-09-19_chunk_4] In fact, I fondly remember walking with Chuck through Hayward to deliver prepared Thanksgiving meals to the homeless, something he loved doing every year. Chuck is heavily involved in community service programs. As Chair of the Clean & Green Task Force, Chuck worked to improve the city of Hayward by
[uk_2025-06-02.txt | uk_2025-06-02_chunk_6] CHOB-210  10:15 a.m.  Committee on the Judiciary  Business meeting to consider S. 1829, to combat the  sexual exploitation of children by supporting victims  and promoting accountability and transparency by the  tech industry, and the nominations of Stanley Woodward,  Jr., of the District of Columbi
[us_2024-02-23.txt | us_2024-02-23_chunk_2] 44, I recorded my vote as Present. The reason for my vote is as follows: All acts of sexual violence are horrific. We should all be fighting to end it here at home and all over the world. So, while this resolution rightly denounces any sexual committed by Hamas, I am disturbed that it completely ign",The specific Senate bill discussed for combating the sexual exploitation of children is S. 1829 (uk_2025-06-02.txt). This bill aims to support victims and promote accountability and transparency by the tech industry (uk_2025-06-02.txt).
12/31/2025 20:26,What is the name of the specific Senate bill discussed for combating the sexual exploitation of children?,fixed_660,bm25,5,5,"uk_2023-07-13.txt, uk_2024-03-06.txt, uk_2025-06-02.txt, us_2023-09-19.txt, us_2024-02-23.txt","chunks_660_output\uk_2023-07-13.txt_chunks\uk_2023-07-13_chunk_3.txt, chunks_660_output\uk_2024-03-06.txt_chunks\uk_2024-03-06_chunk_8.txt, chunks_660_output\uk_2025-06-02.txt_chunks\uk_2025-06-02_chunk_6.txt, chunks_660_output\us_2023-09-19.txt_chunks\us_2023-09-19_chunk_4.txt, chunks_660_output\us_2024-02-23.txt_chunks\us_2024-02-23_chunk_2.txt","[us_2023-09-19.txt | us_2023-09-19_chunk_4] In fact, I fondly remember walking with Chuck through Hayward to deliver prepared Thanksgiving meals to the homeless, something he loved doing every year. Chuck is heavily involved in community service programs. As Chair of the Clean & Green Task Force, Chuck worked to improve the city of Hayward by
[uk_2025-06-02.txt | uk_2025-06-02_chunk_6] CHOB-210  10:15 a.m.  Committee on the Judiciary  Business meeting to consider S. 1829, to combat the  sexual exploitation of children by supporting victims  and promoting accountability and transparency by the  tech industry, and the nominations of Stanley Woodward,  Jr., of the District of Columbi
[us_2024-02-23.txt | us_2024-02-23_chunk_2] 44, I recorded my vote as Present. The reason for my vote is as follows: All acts of sexual violence are horrific. We should all be fighting to end it here at home and all over the world. So, while this resolution rightly denounces any sexual committed by Hamas, I am disturbed that it completely ign
[uk_2024-03-06.txt | uk_2024-03-06_chunk_8] From the Congressional Record Online through the Government Publishing Office [<a href='https://www.gpo.gov'>www.gpo.gov</a>]  RECOGNIZING MS. ADEL SCHNEIDER  HON. MIKE GALLAGHER  Mr. GALLAGHER. Mr. Speaker, today I rise to honor a young  Wisconsinite I have had the pleasure of meeting with througho
[uk_2023-07-13.txt | uk_2023-07-13_chunk_3] JOE WILSON  Mr. WILSON of South Carolina. Mr. Speaker, as Chairman of the U.S.  Helsinki Commission, last week I was grateful to serve as part of the  leadership of the U.S. delegation to the 30th Annual Session of the  Organization for Security and Cooperation in Europe's Parliamentary  Assembly in","The specific Senate bill discussed for combating the sexual exploitation of children is **S. 1829**, which aims ""to combat the sexual exploitation of children by supporting victims and promoting accountability and transparency by the tech industry"" (uk_2025-06-02.txt)."
12/31/2025 20:26,What is the name of the specific Senate bill discussed for combating the sexual exploitation of children?,fixed_660,bm25,10,10,"uk_2023-07-13.txt, uk_2024-02-29.txt, uk_2024-03-06.txt, uk_2024-09-20.txt, uk_2025-04-14.txt, uk_2025-06-02.txt, us_2023-07-13.txt, us_2023-09-19.txt, us_2024-02-23.txt","chunks_660_output\uk_2023-07-13.txt_chunks\uk_2023-07-13_chunk_3.txt, chunks_660_output\uk_2024-02-29.txt_chunks\uk_2024-02-29_chunk_2.txt, chunks_660_output\uk_2024-03-06.txt_chunks\uk_2024-03-06_chunk_8.txt, chunks_660_output\uk_2024-09-20.txt_chunks\uk_2024-09-20_chunk_4.txt, chunks_660_output\uk_2025-04-14.txt_chunks\uk_2025-04-14_chunk_3.txt, chunks_660_output\uk_2025-06-02.txt_chunks\uk_2025-06-02_chunk_6.txt, chunks_660_output\us_2023-07-13.txt_chunks\us_2023-07-13_chunk_1.txt, chunks_660_output\us_2023-07-13.txt_chunks\us_2023-07-13_chunk_2.txt, chunks_660_output\us_2023-09-19.txt_chunks\us_2023-09-19_chunk_4.txt, chunks_660_output\us_2024-02-23.txt_chunks\us_2024-02-23_chunk_2.txt","[us_2023-09-19.txt | us_2023-09-19_chunk_4] In fact, I fondly remember walking with Chuck through Hayward to deliver prepared Thanksgiving meals to the homeless, something he loved doing every year. Chuck is heavily involved in community service programs. As Chair of the Clean & Green Task Force, Chuck worked to improve the city of Hayward by
[uk_2025-06-02.txt | uk_2025-06-02_chunk_6] CHOB-210  10:15 a.m.  Committee on the Judiciary  Business meeting to consider S. 1829, to combat the  sexual exploitation of children by supporting victims  and promoting accountability and transparency by the  tech industry, and the nominations of Stanley Woodward,  Jr., of the District of Columbi
[us_2024-02-23.txt | us_2024-02-23_chunk_2] 44, I recorded my vote as Present. The reason for my vote is as follows: All acts of sexual violence are horrific. We should all be fighting to end it here at home and all over the world. So, while this resolution rightly denounces any sexual committed by Hamas, I am disturbed that it completely ign
[uk_2024-03-06.txt | uk_2024-03-06_chunk_8] From the Congressional Record Online through the Government Publishing Office [<a href='https://www.gpo.gov'>www.gpo.gov</a>]  RECOGNIZING MS. ADEL SCHNEIDER  HON. MIKE GALLAGHER  Mr. GALLAGHER. Mr. Speaker, today I rise to honor a young  Wisconsinite I have had the pleasure of meeting with througho
[uk_2023-07-13.txt | uk_2023-07-13_chunk_3] JOE WILSON  Mr. WILSON of South Carolina. Mr. Speaker, as Chairman of the U.S.  Helsinki Commission, last week I was grateful to serve as part of the  leadership of the U.S. delegation to the 30th Annual Session of the  Organization for Security and Cooperation in Europe's Parliamentary  Assembly in
[us_2023-07-13.txt | us_2023-07-13_chunk_1] CELEBRATING HEROES' ALLIANCE SOLAR CAR TEAM; Congressional Record Vol. 169, No. 120    Date: 2023-07-13 Volume: 169, Issue: 120 Pages: E671 - E671 ================================================================================ [Extensions of Remarks] From the Congressional Record Online through the
[uk_2024-09-20.txt | uk_2024-09-20_chunk_4] As our planet faces increasingly severe threats from the climate  crisis, organizations like Sustainable Solano are critical to building  sustainable, resilient communities. We look forward to seeing the  essential work Sustainable Solano will continue to accomplish in our  communities and beyond. O
[us_2023-07-13.txt | us_2023-07-13_chunk_2] My colleagues and I introduced amendments and resolutions encouraging our friends and allies to adopt specific policies that reflect our work in the U.S. Congress. Among these were texts based on the Ukraine Victory Resolution and the Holding Accountable Russian Mercenaries Act, both which I have sp
[uk_2025-04-14.txt | uk_2025-04-14_chunk_3] We discussed these valid and serious issues,  but I could not support the amendments as written because one failed to  protect due process and the other omitted definitions. I voted against amendment number 5 from Rep. Tlaib of Michigan  because the identification of foreign countries of concern sho
[uk_2024-02-29.txt | uk_2024-02-29_chunk_2] Firearm injury is the leading cause of death for children and young  adults in the United States. Although American children are ``twice as likely to be shot and  killed as they are to die drowning,'' there are more safety regulations  for pools than gun storage according to a report by Everytown fo",The specific Senate bill discussed for combating the sexual exploitation of children by supporting victims and promoting accountability and transparency by the tech industry is **S. 1829** (uk_2025-06-02.txt).
12/31/2025 20:26,What is the name of the specific Senate bill discussed for combating the sexual exploitation of children?,fixed_660,dense,3,3,"uk_2023-07-13.txt, uk_2023-11-15.txt, uk_2025-06-23.txt","chunks_660_output\uk_2023-07-13.txt_chunks\uk_2023-07-13_chunk_10.txt, chunks_660_output\uk_2023-11-15.txt_chunks\uk_2023-11-15_chunk_4.txt, chunks_660_output\uk_2025-06-23.txt_chunks\uk_2025-06-23_chunk_8.txt","[uk_2023-11-15.txt | uk_2023-11-15_chunk_4] From the Congressional Record Online through the Government Publishing Office [<a href='https://www.gpo.gov'>www.gpo.gov</a>]  INTRODUCTION OF THE FOSTERING FAMILY COHESION NATIONWIDE ACT  HON. GREGORIO KILILI CAMACHO SABLAN  Mr. SABLAN. Mr. Speaker, I rise today to introduce the Fostering  Family C
[uk_2023-07-13.txt | uk_2023-07-13_chunk_10] However, even in agricultural  communities like California's Central Valley, school districts continue  to misuse taxpayer dollars to buy imported foods, unnecessarily,  without informing parents. In numerous cases, these same imported foods  have been recalled due to safety concerns and outbreaks o
[uk_2025-06-23.txt | uk_2025-06-23_chunk_8] With my warmest regards,  Chuck Edwards,  Member of Congress. From the Congressional Record Online through the Government Publishing Office [<a href='https://www.gpo.gov'>www.gpo.gov</a>]  SENATE COMMITTEE MEETINGS  Title IV of Senate Resolution 4, agreed to by the Senate of February  4, 1977, calls",I cannot answer this question based on the provided documents.
12/31/2025 20:26,What is the name of the specific Senate bill discussed for combating the sexual exploitation of children?,fixed_660,dense,5,5,"uk_2023-07-13.txt, uk_2023-11-15.txt, uk_2024-02-12.txt, uk_2024-09-18.txt, uk_2025-06-23.txt","chunks_660_output\uk_2023-07-13.txt_chunks\uk_2023-07-13_chunk_10.txt, chunks_660_output\uk_2023-11-15.txt_chunks\uk_2023-11-15_chunk_4.txt, chunks_660_output\uk_2024-02-12.txt_chunks\uk_2024-02-12_chunk_1.txt, chunks_660_output\uk_2024-09-18.txt_chunks\uk_2024-09-18_chunk_7.txt, chunks_660_output\uk_2025-06-23.txt_chunks\uk_2025-06-23_chunk_8.txt","[uk_2023-11-15.txt | uk_2023-11-15_chunk_4] From the Congressional Record Online through the Government Publishing Office [<a href='https://www.gpo.gov'>www.gpo.gov</a>]  INTRODUCTION OF THE FOSTERING FAMILY COHESION NATIONWIDE ACT  HON. GREGORIO KILILI CAMACHO SABLAN  Mr. SABLAN. Mr. Speaker, I rise today to introduce the Fostering  Family C
[uk_2023-07-13.txt | uk_2023-07-13_chunk_10] However, even in agricultural  communities like California's Central Valley, school districts continue  to misuse taxpayer dollars to buy imported foods, unnecessarily,  without informing parents. In numerous cases, these same imported foods  have been recalled due to safety concerns and outbreaks o
[uk_2025-06-23.txt | uk_2025-06-23_chunk_8] With my warmest regards,  Chuck Edwards,  Member of Congress. From the Congressional Record Online through the Government Publishing Office [<a href='https://www.gpo.gov'>www.gpo.gov</a>]  SENATE COMMITTEE MEETINGS  Title IV of Senate Resolution 4, agreed to by the Senate of February  4, 1977, calls
[uk_2024-02-12.txt | uk_2024-02-12_chunk_1] ?Title: SENATE COMMITTEE MEETINGS; Congressional Record Vol. 170, No. 27  From the Congressional Record Online through the Government Publishing Office [<a href='https://www.gpo.gov'>www.gpo.gov</a>]  SENATE COMMITTEE MEETINGS  Title IV of Senate Resolution 4, agreed to by the Senate of February  4,
[uk_2024-09-18.txt | uk_2024-09-18_chunk_7] I wish him all the best as he begins this new chapter of  his life. Congratulations to Vance. From the Congressional Record Online through the Government Publishing Office [<a href='https://www.gpo.gov'>www.gpo.gov</a>]  SENATE COMMITTEE MEETINGS  Title IV of Senate Resolution 4, agreed to by the Se",I cannot answer this question based on the provided documents.
12/31/2025 20:27,What is the name of the specific Senate bill discussed for combating the sexual exploitation of children?,fixed_660,dense,10,10,"uk_2023-07-13.txt, uk_2023-11-15.txt, uk_2023-11-17.txt, uk_2024-02-12.txt, uk_2024-04-11.txt, uk_2024-05-28.txt, uk_2024-09-18.txt, uk_2025-06-23.txt, us_2023-11-15.txt, us_2024-02-23.txt","chunks_660_output\uk_2023-07-13.txt_chunks\uk_2023-07-13_chunk_10.txt, chunks_660_output\uk_2023-11-15.txt_chunks\uk_2023-11-15_chunk_4.txt, chunks_660_output\uk_2023-11-17.txt_chunks\uk_2023-11-17_chunk_2.txt, chunks_660_output\uk_2024-02-12.txt_chunks\uk_2024-02-12_chunk_1.txt, chunks_660_output\uk_2024-04-11.txt_chunks\uk_2024-04-11_chunk_1.txt, chunks_660_output\uk_2024-05-28.txt_chunks\uk_2024-05-28_chunk_8.txt, chunks_660_output\uk_2024-09-18.txt_chunks\uk_2024-09-18_chunk_7.txt, chunks_660_output\uk_2025-06-23.txt_chunks\uk_2025-06-23_chunk_8.txt, chunks_660_output\us_2023-11-15.txt_chunks\us_2023-11-15_chunk_4.txt, chunks_660_output\us_2024-02-23.txt_chunks\us_2024-02-23_chunk_2.txt","[uk_2023-11-15.txt | uk_2023-11-15_chunk_4] From the Congressional Record Online through the Government Publishing Office [<a href='https://www.gpo.gov'>www.gpo.gov</a>]  INTRODUCTION OF THE FOSTERING FAMILY COHESION NATIONWIDE ACT  HON. GREGORIO KILILI CAMACHO SABLAN  Mr. SABLAN. Mr. Speaker, I rise today to introduce the Fostering  Family C
[uk_2023-07-13.txt | uk_2023-07-13_chunk_10] However, even in agricultural  communities like California's Central Valley, school districts continue  to misuse taxpayer dollars to buy imported foods, unnecessarily,  without informing parents. In numerous cases, these same imported foods  have been recalled due to safety concerns and outbreaks o
[uk_2025-06-23.txt | uk_2025-06-23_chunk_8] With my warmest regards,  Chuck Edwards,  Member of Congress. From the Congressional Record Online through the Government Publishing Office [<a href='https://www.gpo.gov'>www.gpo.gov</a>]  SENATE COMMITTEE MEETINGS  Title IV of Senate Resolution 4, agreed to by the Senate of February  4, 1977, calls
[uk_2024-02-12.txt | uk_2024-02-12_chunk_1] ?Title: SENATE COMMITTEE MEETINGS; Congressional Record Vol. 170, No. 27  From the Congressional Record Online through the Government Publishing Office [<a href='https://www.gpo.gov'>www.gpo.gov</a>]  SENATE COMMITTEE MEETINGS  Title IV of Senate Resolution 4, agreed to by the Senate of February  4,
[uk_2024-09-18.txt | uk_2024-09-18_chunk_7] I wish him all the best as he begins this new chapter of  his life. Congratulations to Vance. From the Congressional Record Online through the Government Publishing Office [<a href='https://www.gpo.gov'>www.gpo.gov</a>]  SENATE COMMITTEE MEETINGS  Title IV of Senate Resolution 4, agreed to by the Se
[uk_2023-11-17.txt | uk_2023-11-17_chunk_2] This bill hurts the National Institutes of Health by cutting $2.8  billion from their topline budget, which will stymy medical innovation. It makes a $139 million cut to the National Institute of Mental Health  at a time when our country is facing a mental health crisis. The bill  also contains majo
[us_2024-02-23.txt | us_2024-02-23_chunk_2] 44, I recorded my vote as Present. The reason for my vote is as follows: All acts of sexual violence are horrific. We should all be fighting to end it here at home and all over the world. So, while this resolution rightly denounces any sexual committed by Hamas, I am disturbed that it completely ign
[us_2023-11-15.txt | us_2023-11-15_chunk_4] 169, No. 190    Date: 2023-11-15 Volume: 169, Issue: 190 Pages: E1107 - E1107 ================================================================================ [Extensions of Remarks] From the Congressional Record Online through the Government Publishing Office [ www.gpo.gov ] INTRODUCTION OF THE FOS
[uk_2024-04-11.txt | uk_2024-04-11_chunk_1] ?Title: ADDRESSING THE CRIMES OF CHILD RAPE; Congressional Record Vol. 170, No. 62  From the Congressional Record Online through the Government Publishing Office [<a href='https://www.gpo.gov'>www.gpo.gov</a>]  ADDRESSING THE CRIMES OF CHILD RAPE  HON. ANNA PAULINA LUNA  Mrs. LUNA. Mr. Speaker, I ri
[uk_2024-05-28.txt | uk_2024-05-28_chunk_8] Mr. Speaker, throughout its history, Leon's Heroes has remained  steadfast in its commitment to honoring the legacy of our military  members, past and present. I ask you and my other distinguished  colleagues to join me in commending the organization for its  outstanding dedication to the community,","I cannot answer this question based on the provided documents.

The documents discuss:
*   The ""National Commission to Combat Workplace Sexual Harassment Act,"" introduced by Ms. Norton, which would establish a commission to combat sexual harassment in the workplace (uk_2024-05-28.txt).
*   A statement by Mrs. Luna addressing the crimes of child rape and arguing that the federal minimum punishment should be upgraded to the death penalty and a minimum of life behind bars (uk_2024-04-11.txt).
*   A resolution denouncing sexual violence committed by Hamas but criticized for ignoring sexual abuse and violence committed by Israeli forces against Palestinians (us_2024-02-23.txt).

However, none of the provided texts mention a specific Senate bill focused on combating the sexual exploitation of children."
12/31/2025 20:27,What is the name of the specific Senate bill discussed for combating the sexual exploitation of children?,hierarchical,bm25,3,3,"UK_debates2023-07-06.txt, UK_debates2024-02-26.txt, UK_debates2024-12-09.txt","hierarchical_chunks\UK_debates2023-07-06.txt_chunks\UK_debates2023-07-06_chunk_17.txt, hierarchical_chunks\UK_debates2024-02-26.txt_chunks\UK_debates2024-02-26_chunk_11.txt, hierarchical_chunks\UK_debates2024-12-09.txt_chunks\UK_debates2024-12-09_chunk_18.txt","[UK_debates2023-07-06.txt | UK_debates2023-07-06_chunk_17] What steps the Crown Prosecution Service is taking to increase support for victims of rape and serious sexual offences. What steps the Crown Prosecution Service is taking to increase support for victims of rape and serious sexual offences. We know that increased support for victims means that they a
[UK_debates2024-12-09.txt | UK_debates2024-12-09_chunk_18] The Secretary of State has made it clear that she would like more time spent on creative subjects, but she must ensure that does not come at the expense of an academic education. Last week’s international education stats found that English  children are the best at maths in the western world. That i
[UK_debates2024-02-26.txt | UK_debates2024-02-26_chunk_11] What steps his Department is taking to identify young people most at risk of being drawn into violent crime. What steps his Department is taking to identify young people most at risk of being drawn into violent crime. Since 2019, we have invested £160 million in 20 violence reduction units across En","I cannot answer this question based on the provided documents. The documents discuss UK parliamentary debates and mention the ""Criminal Justice Bill"" (UK_debates2024-02-26.txt) in relation to enhanced sentences for grooming gangs, but they do not mention a specific Senate bill."
12/31/2025 20:27,What is the name of the specific Senate bill discussed for combating the sexual exploitation of children?,hierarchical,bm25,5,5,"UK_debates2023-07-06.txt, UK_debates2024-02-26.txt, UK_debates2024-12-09.txt, UK_debates2025-06-16.txt, UK_debates2025-06-18.txt","hierarchical_chunks\UK_debates2023-07-06.txt_chunks\UK_debates2023-07-06_chunk_17.txt, hierarchical_chunks\UK_debates2024-02-26.txt_chunks\UK_debates2024-02-26_chunk_11.txt, hierarchical_chunks\UK_debates2024-12-09.txt_chunks\UK_debates2024-12-09_chunk_18.txt, hierarchical_chunks\UK_debates2025-06-16.txt_chunks\UK_debates2025-06-16_chunk_36.txt, hierarchical_chunks\UK_debates2025-06-18.txt_chunks\UK_debates2025-06-18_chunk_19.txt","[UK_debates2023-07-06.txt | UK_debates2023-07-06_chunk_17] What steps the Crown Prosecution Service is taking to increase support for victims of rape and serious sexual offences. What steps the Crown Prosecution Service is taking to increase support for victims of rape and serious sexual offences. We know that increased support for victims means that they a
[UK_debates2024-12-09.txt | UK_debates2024-12-09_chunk_18] The Secretary of State has made it clear that she would like more time spent on creative subjects, but she must ensure that does not come at the expense of an academic education. Last week’s international education stats found that English  children are the best at maths in the western world. That i
[UK_debates2024-02-26.txt | UK_debates2024-02-26_chunk_11] What steps his Department is taking to identify young people most at risk of being drawn into violent crime. What steps his Department is taking to identify young people most at risk of being drawn into violent crime. Since 2019, we have invested £160 million in 20 violence reduction units across En
[UK_debates2025-06-16.txt | UK_debates2025-06-16_chunk_36] The House will be aware that on Friday seven men were found guilty of committing the most horrendous crimes in Rochdale between 2000 and 2006. They were convicted of treating teenage girls as sex slaves, repeatedly raping them in filthy flats, alleyways and warehouses. The perpetrators included taxi
[UK_debates2025-06-18.txt | UK_debates2025-06-18_chunk_19] I point to page 86 of Baroness Casey’s report, which shows a worrying number of live investigations of cases in which there is an overlap between child sexual exploitation and criminal exploitation. The report notes that a “significant proportion” of cases appear to involve suspects who are claiming","I cannot answer this question based on the provided documents. The documents discuss several UK legislative measures related to child sexual exploitation and violence, including the **Criminal Justice Bill** (UK_debates2024-02-26.txt), the **Crime and Policing Bill** (UK_debates2025-06-16.txt), and the **Children’s Wellbeing and Schools Bill** (UK_debates2025-06-18.txt), but they do not mention a specific Senate bill."
12/31/2025 20:27,What is the name of the specific Senate bill discussed for combating the sexual exploitation of children?,hierarchical,bm25,10,10,"UK_debates2023-07-06.txt, UK_debates2024-01-09.txt, UK_debates2024-02-26.txt, UK_debates2024-12-09.txt, UK_debates2025-01-08.txt, UK_debates2025-02-24.txt, UK_debates2025-06-16.txt, UK_debates2025-06-18.txt, UK_debates2025-07-08.txt, UK_debates2025-09-04.txt","hierarchical_chunks\UK_debates2023-07-06.txt_chunks\UK_debates2023-07-06_chunk_17.txt, hierarchical_chunks\UK_debates2024-01-09.txt_chunks\UK_debates2024-01-09_chunk_3.txt, hierarchical_chunks\UK_debates2024-02-26.txt_chunks\UK_debates2024-02-26_chunk_11.txt, hierarchical_chunks\UK_debates2024-12-09.txt_chunks\UK_debates2024-12-09_chunk_18.txt, hierarchical_chunks\UK_debates2025-01-08.txt_chunks\UK_debates2025-01-08_chunk_18.txt, hierarchical_chunks\UK_debates2025-02-24.txt_chunks\UK_debates2025-02-24_chunk_9.txt, hierarchical_chunks\UK_debates2025-06-16.txt_chunks\UK_debates2025-06-16_chunk_36.txt, hierarchical_chunks\UK_debates2025-06-18.txt_chunks\UK_debates2025-06-18_chunk_19.txt, hierarchical_chunks\UK_debates2025-07-08.txt_chunks\UK_debates2025-07-08_chunk_19.txt, hierarchical_chunks\UK_debates2025-09-04.txt_chunks\UK_debates2025-09-04_chunk_26.txt","[UK_debates2023-07-06.txt | UK_debates2023-07-06_chunk_17] What steps the Crown Prosecution Service is taking to increase support for victims of rape and serious sexual offences. What steps the Crown Prosecution Service is taking to increase support for victims of rape and serious sexual offences. We know that increased support for victims means that they a
[UK_debates2024-12-09.txt | UK_debates2024-12-09_chunk_18] The Secretary of State has made it clear that she would like more time spent on creative subjects, but she must ensure that does not come at the expense of an academic education. Last week’s international education stats found that English  children are the best at maths in the western world. That i
[UK_debates2024-02-26.txt | UK_debates2024-02-26_chunk_11] What steps his Department is taking to identify young people most at risk of being drawn into violent crime. What steps his Department is taking to identify young people most at risk of being drawn into violent crime. Since 2019, we have invested £160 million in 20 violence reduction units across En
[UK_debates2025-06-16.txt | UK_debates2025-06-16_chunk_36] The House will be aware that on Friday seven men were found guilty of committing the most horrendous crimes in Rochdale between 2000 and 2006. They were convicted of treating teenage girls as sex slaves, repeatedly raping them in filthy flats, alleyways and warehouses. The perpetrators included taxi
[UK_debates2025-06-18.txt | UK_debates2025-06-18_chunk_19] I point to page 86 of Baroness Casey’s report, which shows a worrying number of live investigations of cases in which there is an overlap between child sexual exploitation and criminal exploitation. The report notes that a “significant proportion” of cases appear to involve suspects who are claiming
[UK_debates2025-09-04.txt | UK_debates2025-09-04_chunk_26] The hon. Gentleman refers to a very important issue, which is why I am pleased to tell him that through our flagship Crime and Policing Bill we are working to implement the key recommendations from the Jay review, one of which is including long-overdue mandatory reporting duties for those working wi
[UK_debates2025-01-08.txt | UK_debates2025-01-08_chunk_18] My hon. Friend raises a very important issue. Violence against women and girls, abuse and child sexual exploitation are sickening, and many victims have been let down for a very long time by warped ideas about community relations and the protection of institutions. He raises the question of inquirie
[UK_debates2024-01-09.txt | UK_debates2024-01-09_chunk_3] The hon. Gentleman is absolutely right. It is one thing being a victim of a crime in the first place but another not being kept updated on progress of the sentence of that individual, or indeed a parole decision. That is why we are absolutely committed through the victims code and other mechanisms t
[UK_debates2025-02-24.txt | UK_debates2025-02-24_chunk_9] The recent National Audit Office report on the Government’s response to violence against women and girls, which includes domestic abuse, made a number of recommendations. My Committee will be considering that issue, but will the Minister comment on what the Government’s response will be to those rec
[UK_debates2025-07-08.txt | UK_debates2025-07-08_chunk_19] I have a constituent who is a survivor of violent economic abuse, which has involved her abuser occupying one of her properties without consent and vandalising it with mounds of human excrement, rendering it unrentable at huge financial costs. The photographs are disgusting. Delays in civil court pr","I cannot answer this question based on the provided documents. The documents discuss several pieces of UK legislation related to combating the sexual exploitation of children, including the Crime and Policing Bill, the Criminal Justice Bill, and the Children’s Wellbeing and Schools Bill, but they do not mention a ""Senate bill."""
12/31/2025 20:27,What is the name of the specific Senate bill discussed for combating the sexual exploitation of children?,hierarchical,dense,3,3,"UK_debates2025-01-08.txt, UK_debates2025-02-24.txt, UK_debates2025-06-18.txt","hierarchical_chunks\UK_debates2025-01-08.txt_chunks\UK_debates2025-01-08_chunk_18.txt, hierarchical_chunks\UK_debates2025-02-24.txt_chunks\UK_debates2025-02-24_chunk_9.txt, hierarchical_chunks\UK_debates2025-06-18.txt_chunks\UK_debates2025-06-18_chunk_16.txt","[UK_debates2025-02-24.txt | UK_debates2025-02-24_chunk_9] The recent National Audit Office report on the Government’s response to violence against women and girls, which includes domestic abuse, made a number of recommendations. My Committee will be considering that issue, but will the Minister comment on what the Government’s response will be to those rec
[UK_debates2025-06-18.txt | UK_debates2025-06-18_chunk_16] On Friday, my private Member’s Bill is due for Second Reading. It calls for the Government to publish a strategy to tackle interpersonal abuse and violence against men and boys. The strategy would ensure that male survivors of crimes considered to be violence against women and girls, such as rape, s
[UK_debates2025-01-08.txt | UK_debates2025-01-08_chunk_18] My hon. Friend raises a very important issue. Violence against women and girls, abuse and child sexual exploitation are sickening, and many victims have been let down for a very long time by warped ideas about community relations and the protection of institutions. He raises the question of inquirie",I cannot answer this question based on the provided documents.
12/31/2025 20:27,What is the name of the specific Senate bill discussed for combating the sexual exploitation of children?,hierarchical,dense,5,5,"UK_debates2025-01-08.txt, UK_debates2025-01-22.txt, UK_debates2025-02-24.txt, UK_debates2025-06-18.txt","hierarchical_chunks\UK_debates2025-01-08.txt_chunks\UK_debates2025-01-08_chunk_18.txt, hierarchical_chunks\UK_debates2025-01-22.txt_chunks\UK_debates2025-01-22_chunk_21.txt, hierarchical_chunks\UK_debates2025-02-24.txt_chunks\UK_debates2025-02-24_chunk_9.txt, hierarchical_chunks\UK_debates2025-06-18.txt_chunks\UK_debates2025-06-18_chunk_16.txt, hierarchical_chunks\UK_debates2025-06-18.txt_chunks\UK_debates2025-06-18_chunk_19.txt","[UK_debates2025-02-24.txt | UK_debates2025-02-24_chunk_9] The recent National Audit Office report on the Government’s response to violence against women and girls, which includes domestic abuse, made a number of recommendations. My Committee will be considering that issue, but will the Minister comment on what the Government’s response will be to those rec
[UK_debates2025-06-18.txt | UK_debates2025-06-18_chunk_16] On Friday, my private Member’s Bill is due for Second Reading. It calls for the Government to publish a strategy to tackle interpersonal abuse and violence against men and boys. The strategy would ensure that male survivors of crimes considered to be violence against women and girls, such as rape, s
[UK_debates2025-01-08.txt | UK_debates2025-01-08_chunk_18] My hon. Friend raises a very important issue. Violence against women and girls, abuse and child sexual exploitation are sickening, and many victims have been let down for a very long time by warped ideas about community relations and the protection of institutions. He raises the question of inquirie
[UK_debates2025-06-18.txt | UK_debates2025-06-18_chunk_19] I point to page 86 of Baroness Casey’s report, which shows a worrying number of live investigations of cases in which there is an overlap between child sexual exploitation and criminal exploitation. The report notes that a “significant proportion” of cases appear to involve suspects who are claiming
[UK_debates2025-01-22.txt | UK_debates2025-01-22_chunk_21] May I take this opportunity to welcome the release of hostages, including Emily Damari, from barbaric captivity? I also know that the thoughts of many will be with the victims of the Southport killings. There are important questions to answer, and I will return to those after the case is concluded.","I cannot answer this question based on the provided documents. The documents discuss several pieces of legislation related to child protection and sexual exploitation (such as the ""Online Safety Act 2023"" and the ""Children’s Wellbeing and Schools Bill""), but they do not mention a specific ""Senate bill."""
12/31/2025 20:27,What is the name of the specific Senate bill discussed for combating the sexual exploitation of children?,hierarchical,dense,10,10,"UK_debates2024-09-09.txt, UK_debates2025-01-08.txt, UK_debates2025-01-13.txt, UK_debates2025-01-22.txt, UK_debates2025-02-24.txt, UK_debates2025-06-16.txt, UK_debates2025-06-18.txt, UK_debates2025-09-16.txt, us_2023-09-19.txt","hierarchical_chunks\UK_debates2024-09-09.txt_chunks\UK_debates2024-09-09_chunk_51.txt, hierarchical_chunks\UK_debates2025-01-08.txt_chunks\UK_debates2025-01-08_chunk_18.txt, hierarchical_chunks\UK_debates2025-01-13.txt_chunks\UK_debates2025-01-13_chunk_39.txt, hierarchical_chunks\UK_debates2025-01-22.txt_chunks\UK_debates2025-01-22_chunk_21.txt, hierarchical_chunks\UK_debates2025-02-24.txt_chunks\UK_debates2025-02-24_chunk_9.txt, hierarchical_chunks\UK_debates2025-06-16.txt_chunks\UK_debates2025-06-16_chunk_35.txt, hierarchical_chunks\UK_debates2025-06-18.txt_chunks\UK_debates2025-06-18_chunk_16.txt, hierarchical_chunks\UK_debates2025-06-18.txt_chunks\UK_debates2025-06-18_chunk_19.txt, hierarchical_chunks\UK_debates2025-09-16.txt_chunks\UK_debates2025-09-16_chunk_17.txt, hierarchical_chunks\us_2023-09-19.txt_chunks\us_2023-09-19_chunk_21.txt","[UK_debates2025-02-24.txt | UK_debates2025-02-24_chunk_9] The recent National Audit Office report on the Government’s response to violence against women and girls, which includes domestic abuse, made a number of recommendations. My Committee will be considering that issue, but will the Minister comment on what the Government’s response will be to those rec
[UK_debates2025-06-18.txt | UK_debates2025-06-18_chunk_16] On Friday, my private Member’s Bill is due for Second Reading. It calls for the Government to publish a strategy to tackle interpersonal abuse and violence against men and boys. The strategy would ensure that male survivors of crimes considered to be violence against women and girls, such as rape, s
[UK_debates2025-01-08.txt | UK_debates2025-01-08_chunk_18] My hon. Friend raises a very important issue. Violence against women and girls, abuse and child sexual exploitation are sickening, and many victims have been let down for a very long time by warped ideas about community relations and the protection of institutions. He raises the question of inquirie
[UK_debates2025-06-18.txt | UK_debates2025-06-18_chunk_19] I point to page 86 of Baroness Casey’s report, which shows a worrying number of live investigations of cases in which there is an overlap between child sexual exploitation and criminal exploitation. The report notes that a “significant proportion” of cases appear to involve suspects who are claiming
[UK_debates2025-01-22.txt | UK_debates2025-01-22_chunk_21] May I take this opportunity to welcome the release of hostages, including Emily Damari, from barbaric captivity? I also know that the thoughts of many will be with the victims of the Southport killings. There are important questions to answer, and I will return to those after the case is concluded.
[UK_debates2025-09-16.txt | UK_debates2025-09-16_chunk_17] Child sex offenders destroy the lives of their victims, so why did the Justice Secretary, as Foreign Secretary, appoint the “best pal” and known business partner of one of the world’s most notorious paedophiles as our ambassador to Washington? What message does the Minister think this sends to the v
[UK_debates2025-06-16.txt | UK_debates2025-06-16_chunk_35] With permission, I will update the House on the audit the Government commissioned from Baroness Casey on child sexual exploitation and grooming gangs, and on the action we are taking to tackle this vile crime—to put perpetrators behind bars and to provide the innocent victims of those crimes with su
[UK_debates2024-09-09.txt | UK_debates2024-09-09_chunk_51] We will act to address the persistent gaps when it comes to access and positive outcomes for care-experienced young people. We have issued guidance to universities on supporting care-experienced young people and introduced statutory financial support, including a £2,000 bursary, but after the last 1
[us_2023-09-19.txt | us_2023-09-19_chunk_21] Mr. SCOTT. Mr. Speaker, I rise today to acknowledge that 20 years ago, on September 4, 2003, President George W. Bush signed the Prison Rape Elimination Act, or PREA, into law. This law recognized the difficult truth of rampant and completely unacceptable sexual abuse of people in our jails, prisons
[UK_debates2025-01-13.txt | UK_debates2025-01-13_chunk_39] I thank my hon. Friend for her kind comments about me. The violence against women and girls strategy that the Government will launch later this year will absolutely root adult sexual exploitation, which so often actually stems from childhood sexual exploitation, into the Government’s violence agains","The specific legislation sponsored in the Senate that addresses sexual abuse, including that of children in detention, is the **Prison Rape Elimination Act (PREA)**, which was signed into law on September 4, 2003, and was sponsored in the Senate by Senators Ted Kennedy and Jeff Sessions (us_2023-09-19.txt)."
12/31/2025 21:04,"What tension is described between Taiwan’s security risks and the promise of protecting its independence, and what role does President Lai play in this context?",fixed_660,bm25,3,3,"uk_2024-03-15.txt, uk_2024-05-22.txt","chunks_660_output\uk_2024-03-15.txt_chunks\uk_2024-03-15_chunk_5.txt, chunks_660_output\uk_2024-05-22.txt_chunks\uk_2024-05-22_chunk_1.txt, chunks_660_output\uk_2024-05-22.txt_chunks\uk_2024-05-22_chunk_2.txt","[uk_2024-05-22.txt | uk_2024-05-22_chunk_2] On May 15,  2024, Taiwan's National Defense Ministry reported 45 Chinese military  aircraft around the island, in just one day. With these growing  tensions, the pressure on President Lai to balance security risks with  promises of protecting the independence of Taiwan are high. Though the United St
[uk_2024-05-22.txt | uk_2024-05-22_chunk_1] ?Title: CELEBRATING THE 150TH ANNIVERSARY OF NAPERVILLE FIRE DEPARTMENT; Congressional Record Vol. 170, No. 89  From the Congressional Record Online through the Government Publishing Office [<a href='https://www.gpo.gov'>www.gpo.gov</a>]  CELEBRATING THE 150TH ANNIVERSARY OF NAPERVILLE FIRE DEPARTME
[uk_2024-03-15.txt | uk_2024-03-15_chunk_5] Instead of addressing one company,  as the bill we are considering today does, we could instead consider  that bill or a related proposal that would improve how Americans access  and control their data across all apps. The limited data safeguards in  the Protecting Americans from Foreign Adversary C","The tension described is the high pressure on President Lai Ching-te to balance security risks with promises of protecting the independence of Taiwan (uk_2024-05-22.txt).

**Context of the Tension and Security Risks:**
Taiwan faces growing tensions and rising threats from China (uk_2024-05-22.txt). These threats include military warplanes and vessels sent toward Taiwan almost daily, with many crossing the median line in the Taiwan Strait (uk_2024-05-22.txt). Specific examples of these threats include:
*   On May 15, 2024, Taiwan's National Defense Ministry reported 45 Chinese military aircraft around the island in just one day (uk_2024-05-22.txt).
*   Incursions into Taiwan's air defense zone nearly doubled in 2022 and continued at a high pace in 2023 with 1,738 incursions (uk_2024-05-22.txt).

**President Lai's Role:**
President Lai Ching-te is under pressure to manage these security risks while upholding promises of independence (uk_2024-05-22.txt). His presidency extends the rule of the Democratic Progressive Party (DPP), which promotes Taiwanese nationalism and identity, and supports the people of Taiwan's right to decide their own future—a party China views with skepticism (uk_2024-05-22.txt).

To address these challenges, President Lai's priorities align with his predecessor, Tsai Ing-wen, including plans to boost defenses through:
*   Increasing military budgets (uk_2024-05-22.txt).
*   Improving the military force structure (uk_2024-05-22.txt).
*   Concentrating on economical mobile weapons systems and more vigorous civil defense (uk_2024-05-22.txt)."
12/31/2025 21:04,"What tension is described between Taiwan’s security risks and the promise of protecting its independence, and what role does President Lai play in this context?",fixed_660,bm25,5,5,"uk_2024-03-15.txt, uk_2024-05-22.txt, uk_2024-06-12.txt, uk_2024-06-25.txt","chunks_660_output\uk_2024-03-15.txt_chunks\uk_2024-03-15_chunk_5.txt, chunks_660_output\uk_2024-05-22.txt_chunks\uk_2024-05-22_chunk_1.txt, chunks_660_output\uk_2024-05-22.txt_chunks\uk_2024-05-22_chunk_2.txt, chunks_660_output\uk_2024-06-12.txt_chunks\uk_2024-06-12_chunk_8.txt, chunks_660_output\uk_2024-06-25.txt_chunks\uk_2024-06-25_chunk_8.txt","[uk_2024-05-22.txt | uk_2024-05-22_chunk_2] On May 15,  2024, Taiwan's National Defense Ministry reported 45 Chinese military  aircraft around the island, in just one day. With these growing  tensions, the pressure on President Lai to balance security risks with  promises of protecting the independence of Taiwan are high. Though the United St
[uk_2024-05-22.txt | uk_2024-05-22_chunk_1] ?Title: CELEBRATING THE 150TH ANNIVERSARY OF NAPERVILLE FIRE DEPARTMENT; Congressional Record Vol. 170, No. 89  From the Congressional Record Online through the Government Publishing Office [<a href='https://www.gpo.gov'>www.gpo.gov</a>]  CELEBRATING THE 150TH ANNIVERSARY OF NAPERVILLE FIRE DEPARTME
[uk_2024-03-15.txt | uk_2024-03-15_chunk_5] Instead of addressing one company,  as the bill we are considering today does, we could instead consider  that bill or a related proposal that would improve how Americans access  and control their data across all apps. The limited data safeguards in  the Protecting Americans from Foreign Adversary C
[uk_2024-06-12.txt | uk_2024-06-12_chunk_8] We must cut through the rhetoric of fear and doomsaying that  dominates our nuclear policy debates. We can no longer allow the  thoughtful, calm voices to be drowned out by fearmongering cries. We  must rise above the noise. Instead of developing cost-effective  military systems that provide securit
[uk_2024-06-25.txt | uk_2024-06-25_chunk_8] From the Congressional Record Online through the Government Publishing Office [<a href='https://www.gpo.gov'>www.gpo.gov</a>]  RECOGNIZING MAJOR RUSSELL BARTHOLOW FOR 17 YEARS OF DEDICATED SERVICE  TO OUR COUNTRY  HON. MIKE FLOOD  Mr. FLOOD. Mr. Speaker, today, I want to recognize Major Russell  Bar","The tension described is the high pressure placed on President Lai Ching-te to ""balance security risks with promises of protecting the independence of Taiwan"" (uk_2024-05-22.txt).

This tension is driven by ""growing tensions"" and rising threats from China, which include military warplanes and vessels being sent toward Taiwan almost daily, often crossing the median line in the Taiwan Strait (uk_2024-05-22.txt). For example, on May 15, 2024, Taiwan's National Defense Ministry reported 45 Chinese military aircraft around the island in a single day (uk_2024-05-22.txt).

President Lai's role in this context is to manage this pressure (uk_2024-05-22.txt). His priorities, which align with his predecessor Tsai Ing-wen, include plans to boost defenses by increasing military budgets, improving the military force structure, and concentrating on economical mobile weapons systems and more vigorous civil defense (uk_2024-05-22.txt). Domestic reform is also listed as one of his top priorities (uk_2024-05-22.txt)."
12/31/2025 21:04,"What tension is described between Taiwan’s security risks and the promise of protecting its independence, and what role does President Lai play in this context?",fixed_660,bm25,10,10,"uk_2023-09-14.txt, uk_2024-03-15.txt, uk_2024-05-22.txt, uk_2024-05-24.txt, uk_2024-06-12.txt, uk_2024-06-25.txt, uk_2024-08-27.txt, uk_2024-09-16.txt, uk_2025-09-26.txt","chunks_660_output\uk_2023-09-14.txt_chunks\uk_2023-09-14_chunk_7.txt, chunks_660_output\uk_2024-03-15.txt_chunks\uk_2024-03-15_chunk_5.txt, chunks_660_output\uk_2024-05-22.txt_chunks\uk_2024-05-22_chunk_1.txt, chunks_660_output\uk_2024-05-22.txt_chunks\uk_2024-05-22_chunk_2.txt, chunks_660_output\uk_2024-05-24.txt_chunks\uk_2024-05-24_chunk_2.txt, chunks_660_output\uk_2024-06-12.txt_chunks\uk_2024-06-12_chunk_8.txt, chunks_660_output\uk_2024-06-25.txt_chunks\uk_2024-06-25_chunk_8.txt, chunks_660_output\uk_2024-08-27.txt_chunks\uk_2024-08-27_chunk_11.txt, chunks_660_output\uk_2024-09-16.txt_chunks\uk_2024-09-16_chunk_7.txt, chunks_660_output\uk_2025-09-26.txt_chunks\uk_2025-09-26_chunk_2.txt","[uk_2024-05-22.txt | uk_2024-05-22_chunk_2] On May 15,  2024, Taiwan's National Defense Ministry reported 45 Chinese military  aircraft around the island, in just one day. With these growing  tensions, the pressure on President Lai to balance security risks with  promises of protecting the independence of Taiwan are high. Though the United St
[uk_2024-05-22.txt | uk_2024-05-22_chunk_1] ?Title: CELEBRATING THE 150TH ANNIVERSARY OF NAPERVILLE FIRE DEPARTMENT; Congressional Record Vol. 170, No. 89  From the Congressional Record Online through the Government Publishing Office [<a href='https://www.gpo.gov'>www.gpo.gov</a>]  CELEBRATING THE 150TH ANNIVERSARY OF NAPERVILLE FIRE DEPARTME
[uk_2024-03-15.txt | uk_2024-03-15_chunk_5] Instead of addressing one company,  as the bill we are considering today does, we could instead consider  that bill or a related proposal that would improve how Americans access  and control their data across all apps. The limited data safeguards in  the Protecting Americans from Foreign Adversary C
[uk_2024-06-12.txt | uk_2024-06-12_chunk_8] We must cut through the rhetoric of fear and doomsaying that  dominates our nuclear policy debates. We can no longer allow the  thoughtful, calm voices to be drowned out by fearmongering cries. We  must rise above the noise. Instead of developing cost-effective  military systems that provide securit
[uk_2024-06-25.txt | uk_2024-06-25_chunk_8] From the Congressional Record Online through the Government Publishing Office [<a href='https://www.gpo.gov'>www.gpo.gov</a>]  RECOGNIZING MAJOR RUSSELL BARTHOLOW FOR 17 YEARS OF DEDICATED SERVICE  TO OUR COUNTRY  HON. MIKE FLOOD  Mr. FLOOD. Mr. Speaker, today, I want to recognize Major Russell  Bar
[uk_2024-09-16.txt | uk_2024-09-16_chunk_7] But already, we have also witnessed sham elections, most  notably in Bangladesh, Belarus, Venezuela and Russia, where the  incumbent regimes suppressed political opposition and manipulated the  electoral process. Free and fair elections are the cornerstone of democracy and the  foundation of a free
[uk_2024-05-24.txt | uk_2024-05-24_chunk_2] This bill will only exacerbate this issue. We must reject  H.R. 4763 and work to create a regulatory framework that will protect  everyday investors and consumers. Crypto is the currency of choice for our foreign adversaries,  terrorist groups, drug and human traffickers, child sex abusers, and  ran
[uk_2024-08-27.txt | uk_2024-08-27_chunk_11] I know full well that we face a hostile world with numerous  aggressive adversaries. We also know that we are now engaged in a  nuclear arms race with China and Russia. Other nations are also known  to have nuclear weapons, and others seek them. In this dangerous  environment, deterrence must consid
[uk_2025-09-26.txt | uk_2025-09-26_chunk_2] In response, pro-democracy leaders chose to push for Ukraine's  Independence despite the risks--truly living up to their historic motto  ``Come what may.'' Ukrainian Independence Day is celebrated with a national address and  flag-raising ceremony in Kyiv by the President of Ukraine, followed by  mi
[uk_2023-09-14.txt | uk_2023-09-14_chunk_7] Conscious of this feeling it is important that we remember that while  the missing served the Nation, hundreds of families miss them and plead  that the sacrifice of their loved ones is not forgotten. Puerto Ricans who were called to serve in distant lands under the  most difficult conditions sacrif","The tension described is the high pressure on President Lai Ching-te to ""balance security risks with promises of protecting the independence of Taiwan"" (uk_2024-05-22.txt).

**The Security Risks/Growing Tensions:**
Taiwan faces rising threats from China, which sends military warplanes and vessels toward the island almost daily, often crossing the median line in the Taiwan Strait (uk_2024-05-22.txt). Specific examples of these threats include:
*   1,738 incursions into Taiwan's air defense zone in 2023 (uk_2024-05-22.txt).
*   71 Chinese aircraft flying into Taiwanese airspace in December 2022, which was described as the largest breach in history (uk_2024-05-22.txt).
*   45 Chinese military aircraft reported around the island on May 15, 2024 (uk_2024-05-22.txt).

**President Lai's Role:**
President Lai Ching-te is under pressure to manage these security risks while upholding promises of protecting Taiwan's independence (uk_2024-05-22.txt). His priorities align with his predecessor, Tsai Ing-wen, with plans to boost defenses. These plans include increasing military budgets, improving Taiwan's military force structure, and concentrating on economical mobile weapons systems and more vigorous civil defense (uk_2024-05-22.txt)."
12/31/2025 21:04,"What tension is described between Taiwan’s security risks and the promise of protecting its independence, and what role does President Lai play in this context?",fixed_660,dense,3,3,"uk_2024-05-22.txt, uk_2024-06-12.txt, uk_2025-08-01.txt","chunks_660_output\uk_2024-05-22.txt_chunks\uk_2024-05-22_chunk_2.txt, chunks_660_output\uk_2024-06-12.txt_chunks\uk_2024-06-12_chunk_8.txt, chunks_660_output\uk_2025-08-01.txt_chunks\uk_2025-08-01_chunk_7.txt","[uk_2024-05-22.txt | uk_2024-05-22_chunk_2] On May 15,  2024, Taiwan's National Defense Ministry reported 45 Chinese military  aircraft around the island, in just one day. With these growing  tensions, the pressure on President Lai to balance security risks with  promises of protecting the independence of Taiwan are high. Though the United St
[uk_2024-06-12.txt | uk_2024-06-12_chunk_8] We must cut through the rhetoric of fear and doomsaying that  dominates our nuclear policy debates. We can no longer allow the  thoughtful, calm voices to be drowned out by fearmongering cries. We  must rise above the noise. Instead of developing cost-effective  military systems that provide securit
[uk_2025-08-01.txt | uk_2025-08-01_chunk_7] But today that argument, if it has any merit at all, is being  dangerously undermined, and not by our adversaries, but by the very  companies benefiting from the monopolistic protections of the Jones  Act. Specifically, Jones Act loopholes allow for supposedly minor parts  fabrication and supposedly","The tension described is the high pressure on President Lai Ching-te to ""balance security risks with promises of protecting the independence of Taiwan"" (uk_2024-05-22.txt).

This pressure exists amid ""growing tensions,"" which included Taiwan's National Defense Ministry reporting 45 Chinese military aircraft around the island on May 15, 2024 (uk_2024-05-22.txt).

President Lai Ching-te's role is to lead Taiwan as it ""continues to face adversities to keep their allies who acknowledge them as a sovereign nation, amidst pressure from the Chinese Communist Party"" (uk_2024-05-22.txt). His priorities align with his predecessor, Tsai Ing-wen, including plans to boost defenses by increasing military budgets, improving the military force structure, and focusing on economical mobile weapons systems and more vigorous civil defense (uk_2024-05-22.txt)."
12/31/2025 21:04,"What tension is described between Taiwan’s security risks and the promise of protecting its independence, and what role does President Lai play in this context?",fixed_660,dense,5,5,"uk_2023-09-14.txt, uk_2024-05-22.txt, uk_2024-06-12.txt, uk_2025-08-01.txt","chunks_660_output\uk_2023-09-14.txt_chunks\uk_2023-09-14_chunk_7.txt, chunks_660_output\uk_2024-05-22.txt_chunks\uk_2024-05-22_chunk_2.txt, chunks_660_output\uk_2024-06-12.txt_chunks\uk_2024-06-12_chunk_12.txt, chunks_660_output\uk_2024-06-12.txt_chunks\uk_2024-06-12_chunk_8.txt, chunks_660_output\uk_2025-08-01.txt_chunks\uk_2025-08-01_chunk_7.txt","[uk_2024-05-22.txt | uk_2024-05-22_chunk_2] On May 15,  2024, Taiwan's National Defense Ministry reported 45 Chinese military  aircraft around the island, in just one day. With these growing  tensions, the pressure on President Lai to balance security risks with  promises of protecting the independence of Taiwan are high. Though the United St
[uk_2024-06-12.txt | uk_2024-06-12_chunk_8] We must cut through the rhetoric of fear and doomsaying that  dominates our nuclear policy debates. We can no longer allow the  thoughtful, calm voices to be drowned out by fearmongering cries. We  must rise above the noise. Instead of developing cost-effective  military systems that provide securit
[uk_2025-08-01.txt | uk_2025-08-01_chunk_7] But today that argument, if it has any merit at all, is being  dangerously undermined, and not by our adversaries, but by the very  companies benefiting from the monopolistic protections of the Jones  Act. Specifically, Jones Act loopholes allow for supposedly minor parts  fabrication and supposedly
[uk_2023-09-14.txt | uk_2023-09-14_chunk_7] Conscious of this feeling it is important that we remember that while  the missing served the Nation, hundreds of families miss them and plead  that the sacrifice of their loved ones is not forgotten. Puerto Ricans who were called to serve in distant lands under the  most difficult conditions sacrif
[uk_2024-06-12.txt | uk_2024-06-12_chunk_12] The Sentinel ICBM program, now estimated to be $150 billion, breached  the cost escalation limit of the Nunn-McCurdy law. The Pentagon and  Congress must now justify the continuation of the program. Congress and  the American public must not waste this pivotal moment to study the  reality of the nuc","The tension described is the high pressure on President Lai Ching-te to ""balance security risks with promises of protecting the independence of Taiwan"" (uk_2024-05-22.txt). This pressure exists amid growing tensions, exemplified by Taiwan's National Defense Ministry reporting 45 Chinese military aircraft around the island on May 15, 2024 (uk_2024-05-22.txt).

President Lai's role involves leading Taiwan as it faces adversities and pressure from the Chinese Communist Party while striving to keep allies who acknowledge Taiwan as a sovereign nation (uk_2024-05-22.txt). His priorities align with his predecessor, Tsai Ing-wen, with plans to boost defenses (uk_2024-05-22.txt). These defense plans include increasing military budgets, improving the military force structure, and concentrating on economical mobile weapons systems and more vigorous civil defense (uk_2024-05-22.txt)."
12/31/2025 21:04,"What tension is described between Taiwan’s security risks and the promise of protecting its independence, and what role does President Lai play in this context?",fixed_660,dense,10,10,"uk_2023-09-14.txt, uk_2024-05-22.txt, uk_2024-06-03.txt, uk_2024-06-12.txt, uk_2024-09-12.txt, uk_2024-09-23.txt, uk_2025-04-14.txt, uk_2025-08-01.txt, us_2023-09-14.txt","chunks_660_output\uk_2023-09-14.txt_chunks\uk_2023-09-14_chunk_7.txt, chunks_660_output\uk_2024-05-22.txt_chunks\uk_2024-05-22_chunk_2.txt, chunks_660_output\uk_2024-06-03.txt_chunks\uk_2024-06-03_chunk_3.txt, chunks_660_output\uk_2024-06-12.txt_chunks\uk_2024-06-12_chunk_12.txt, chunks_660_output\uk_2024-06-12.txt_chunks\uk_2024-06-12_chunk_8.txt, chunks_660_output\uk_2024-09-12.txt_chunks\uk_2024-09-12_chunk_5.txt, chunks_660_output\uk_2024-09-23.txt_chunks\uk_2024-09-23_chunk_7.txt, chunks_660_output\uk_2025-04-14.txt_chunks\uk_2025-04-14_chunk_3.txt, chunks_660_output\uk_2025-08-01.txt_chunks\uk_2025-08-01_chunk_7.txt, chunks_660_output\us_2023-09-14.txt_chunks\us_2023-09-14_chunk_7.txt","[uk_2024-05-22.txt | uk_2024-05-22_chunk_2] On May 15,  2024, Taiwan's National Defense Ministry reported 45 Chinese military  aircraft around the island, in just one day. With these growing  tensions, the pressure on President Lai to balance security risks with  promises of protecting the independence of Taiwan are high. Though the United St
[uk_2024-06-12.txt | uk_2024-06-12_chunk_8] We must cut through the rhetoric of fear and doomsaying that  dominates our nuclear policy debates. We can no longer allow the  thoughtful, calm voices to be drowned out by fearmongering cries. We  must rise above the noise. Instead of developing cost-effective  military systems that provide securit
[uk_2025-08-01.txt | uk_2025-08-01_chunk_7] But today that argument, if it has any merit at all, is being  dangerously undermined, and not by our adversaries, but by the very  companies benefiting from the monopolistic protections of the Jones  Act. Specifically, Jones Act loopholes allow for supposedly minor parts  fabrication and supposedly
[uk_2023-09-14.txt | uk_2023-09-14_chunk_7] Conscious of this feeling it is important that we remember that while  the missing served the Nation, hundreds of families miss them and plead  that the sacrifice of their loved ones is not forgotten. Puerto Ricans who were called to serve in distant lands under the  most difficult conditions sacrif
[uk_2024-06-12.txt | uk_2024-06-12_chunk_12] The Sentinel ICBM program, now estimated to be $150 billion, breached  the cost escalation limit of the Nunn-McCurdy law. The Pentagon and  Congress must now justify the continuation of the program. Congress and  the American public must not waste this pivotal moment to study the  reality of the nuc
[uk_2024-09-23.txt | uk_2024-09-23_chunk_7] Humberto A. Sanchez, 22, from Logansport,  Indiana  Marine Corps Lance Cpl. David L. Espinoza, 20, from Rio  Bravo, Texas  Marine Corps Lance Cpl. Jared M. Schmitz, 20, from St.  Charles, Missouri  Marine Corps Lance Cpl. Rylee J. McCollum, 20, from  Jackson, Wyoming  Marine Corps Lance Cpl. Dylan R
[uk_2024-09-12.txt | uk_2024-09-12_chunk_5] As the primary liaison between Members  of Congress, our staffs, committees, and U.S. Transportation Command,  Colonel Foy communicated the commander's legislative priorities and  ensured appropriations for three sealift vessels valued at $300 million  into the Ready Reserve Force and enrollment of
[us_2023-09-14.txt | us_2023-09-14_chunk_7] We need strength--not payoffs and appeasement--to deter future hostility from this rogue regime. ____________________ RECOGNIZING THE 112TH NATIONAL DAY OF THE REPUBLIC OF CHINA (TAIWAN); Congressional Record Vol. 169, No. 149    Date: 2023-09-14 Volume: 169, Issue: 149 Pages: E850 - E850 ==========
[uk_2024-06-03.txt | uk_2024-06-03_chunk_3] I wish all the best to Somerset County 4-H on the 50th anniversary of  the landmark Ted Blum 4-H Center, and I extend my thanks for all that  they do for our community. From the Congressional Record Online through the Government Publishing Office [<a href='https://www.gpo.gov'>www.gpo.gov</a>]  COMM
[uk_2025-04-14.txt | uk_2025-04-14_chunk_3] We discussed these valid and serious issues,  but I could not support the amendments as written because one failed to  protect due process and the other omitted definitions. I voted against amendment number 5 from Rep. Tlaib of Michigan  because the identification of foreign countries of concern sho","The tension described is the high pressure on President Lai Ching-te to balance Taiwan's security risks with the promises of protecting its independence (uk_2024-05-22.txt).

This tension is growing, as evidenced by Taiwan's National Defense Ministry reporting 45 Chinese military aircraft around the island in just one day on May 15, 2024 (uk_2024-05-22.txt). Taiwan continues to face adversities and pressure from the Chinese Communist Party (uk_2024-05-22.txt).

In this context, President Lai's priorities align with his predecessor, Tsai Ing-wen, focusing on boosting defenses. These plans include increasing military budgets, improving Taiwan's military force structure, and concentrating on economical mobile weapons systems and more vigorous civil defense (uk_2024-05-22.txt)."
12/31/2025 21:05,"What tension is described between Taiwan’s security risks and the promise of protecting its independence, and what role does President Lai play in this context?",hierarchical,bm25,3,3,"UK_debates2024-10-28.txt, us_2024-05-22.txt","hierarchical_chunks\UK_debates2024-10-28.txt_chunks\UK_debates2024-10-28_chunk_58.txt, hierarchical_chunks\UK_debates2024-10-28.txt_chunks\UK_debates2024-10-28_chunk_61.txt, hierarchical_chunks\us_2024-05-22.txt_chunks\us_2024-05-22_chunk_5.txt","[us_2024-05-22.txt | us_2024-05-22_chunk_5] into Taiwanese airspace, the largest breach in history. On May 15, 2024, Taiwan's National Defense Ministry reported 45 Chinese military aircraft around the island, in just one day. With these growing tensions, the pressure on President Lai to balance security risks with promises of protecting the i
[UK_debates2024-10-28.txt | UK_debates2024-10-28_chunk_61] We remain deeply concerned by Beijing’s abuse of human rights and disregard for international law. Too often, the previous Government pursued trade links instead of acting on these concerns. Will this Government now do the right thing and recognise that the crimes perpetrated against the Uyghurs amo
[UK_debates2024-10-28.txt | UK_debates2024-10-28_chunk_58] My right hon. Friend has rightly outlined the complex nature of our relationship with China. May I add to the long list the tension in the strait of Taiwan and the effect that that is likely to have on international trade if it goes wrong? The fact that the relationship is complicated, however, does","The tension described is the high pressure on President Lai Ching-te to balance security risks with promises of protecting the independence of Taiwan (us_2024-05-22.txt).

This pressure exists amid ""growing tensions,"" which include reports of 45 Chinese military aircraft around the island on May 15, 2024, and a previous incident described as the largest breach in history into Taiwanese airspace (us_2024-05-22.txt).

President Lai's role involves leading efforts to address these security risks. His priorities, which align with his predecessor Tsai Ing-wen, include plans to boost defenses by increasing military budgets, improving Taiwan's military force structure, and concentrating on economical mobile weapons systems and more vigorous civil defense (us_2024-05-22.txt)."
12/31/2025 21:05,"What tension is described between Taiwan’s security risks and the promise of protecting its independence, and what role does President Lai play in this context?",hierarchical,bm25,5,5,"UK_debates2024-10-16.txt, UK_debates2024-10-28.txt, us_2024-05-22.txt","hierarchical_chunks\UK_debates2024-10-16.txt_chunks\UK_debates2024-10-16_chunk_27.txt, hierarchical_chunks\UK_debates2024-10-28.txt_chunks\UK_debates2024-10-28_chunk_58.txt, hierarchical_chunks\UK_debates2024-10-28.txt_chunks\UK_debates2024-10-28_chunk_61.txt, hierarchical_chunks\us_2024-05-22.txt_chunks\us_2024-05-22_chunk_4.txt, hierarchical_chunks\us_2024-05-22.txt_chunks\us_2024-05-22_chunk_5.txt","[us_2024-05-22.txt | us_2024-05-22_chunk_5] into Taiwanese airspace, the largest breach in history. On May 15, 2024, Taiwan's National Defense Ministry reported 45 Chinese military aircraft around the island, in just one day. With these growing tensions, the pressure on President Lai to balance security risks with promises of protecting the i
[UK_debates2024-10-28.txt | UK_debates2024-10-28_chunk_61] We remain deeply concerned by Beijing’s abuse of human rights and disregard for international law. Too often, the previous Government pursued trade links instead of acting on these concerns. Will this Government now do the right thing and recognise that the crimes perpetrated against the Uyghurs amo
[UK_debates2024-10-28.txt | UK_debates2024-10-28_chunk_58] My right hon. Friend has rightly outlined the complex nature of our relationship with China. May I add to the long list the tension in the strait of Taiwan and the effect that that is likely to have on international trade if it goes wrong? The fact that the relationship is complicated, however, does
[UK_debates2024-10-16.txt | UK_debates2024-10-16_chunk_27] I join the Prime Minister’s words of tribute to Alex Salmond and the Holocaust survivor Lily Ebert, and thank him for his kind words about Sir David Amess, whom we remember fondly. We are thinking of all their families at this moment. This week, China has carried out unwarranted, aggressive and inti
[us_2024-05-22.txt | us_2024-05-22_chunk_4] Mr. WILSON. Mr. Speaker, the American people extend congratulations to the Honorable Lai Ching-te on being sworn in as President of Taiwan on Monday, May 20, 2024. His successful 28-year career in politics as Vice President and Premier under President Tsai Ing-wen, Chairman of the Democratic Progres","The tension described is the high pressure placed on President Lai Ching-te to ""balance security risks with promises of protecting the independence of Taiwan"" (us_2024-05-22.txt).

President Lai's role in this context is to manage this balance under high pressure (us_2024-05-22.txt). His priorities for Taiwan, which align with his predecessor Tsai Ing-wen, include plans to boost defenses by increasing military budgets, improving the military force structure, concentrating on economical mobile weapons systems, and implementing more vigorous civil defense (us_2024-05-22.txt).

Additionally, President Lai's administration extends the rule of the Democratic Progressive Party (DPP), which promotes Taiwanese nationalism and identity and supports the people of Taiwan's right to decide their own future (us_2024-05-22.txt)."
12/31/2025 21:05,"What tension is described between Taiwan’s security risks and the promise of protecting its independence, and what role does President Lai play in this context?",hierarchical,bm25,10,10,"UK_debates2023-12-18.txt, UK_debates2024-10-16.txt, UK_debates2024-10-28.txt, UK_debates2024-11-11.txt, UK_debates2025-02-06.txt, UK_debates2025-10-14.txt, us_2024-05-22.txt, us_2024-06-25.txt","hierarchical_chunks\UK_debates2023-12-18.txt_chunks\UK_debates2023-12-18_chunk_55.txt, hierarchical_chunks\UK_debates2024-10-16.txt_chunks\UK_debates2024-10-16_chunk_27.txt, hierarchical_chunks\UK_debates2024-10-28.txt_chunks\UK_debates2024-10-28_chunk_58.txt, hierarchical_chunks\UK_debates2024-10-28.txt_chunks\UK_debates2024-10-28_chunk_61.txt, hierarchical_chunks\UK_debates2024-11-11.txt_chunks\UK_debates2024-11-11_chunk_35.txt, hierarchical_chunks\UK_debates2025-02-06.txt_chunks\UK_debates2025-02-06_chunk_43.txt, hierarchical_chunks\UK_debates2025-10-14.txt_chunks\UK_debates2025-10-14_chunk_19.txt, hierarchical_chunks\us_2024-05-22.txt_chunks\us_2024-05-22_chunk_4.txt, hierarchical_chunks\us_2024-05-22.txt_chunks\us_2024-05-22_chunk_5.txt, hierarchical_chunks\us_2024-06-25.txt_chunks\us_2024-06-25_chunk_31.txt","[us_2024-05-22.txt | us_2024-05-22_chunk_5] into Taiwanese airspace, the largest breach in history. On May 15, 2024, Taiwan's National Defense Ministry reported 45 Chinese military aircraft around the island, in just one day. With these growing tensions, the pressure on President Lai to balance security risks with promises of protecting the i
[UK_debates2024-10-28.txt | UK_debates2024-10-28_chunk_61] We remain deeply concerned by Beijing’s abuse of human rights and disregard for international law. Too often, the previous Government pursued trade links instead of acting on these concerns. Will this Government now do the right thing and recognise that the crimes perpetrated against the Uyghurs amo
[UK_debates2024-10-28.txt | UK_debates2024-10-28_chunk_58] My right hon. Friend has rightly outlined the complex nature of our relationship with China. May I add to the long list the tension in the strait of Taiwan and the effect that that is likely to have on international trade if it goes wrong? The fact that the relationship is complicated, however, does
[UK_debates2024-10-16.txt | UK_debates2024-10-16_chunk_27] I join the Prime Minister’s words of tribute to Alex Salmond and the Holocaust survivor Lily Ebert, and thank him for his kind words about Sir David Amess, whom we remember fondly. We are thinking of all their families at this moment. This week, China has carried out unwarranted, aggressive and inti
[us_2024-05-22.txt | us_2024-05-22_chunk_4] Mr. WILSON. Mr. Speaker, the American people extend congratulations to the Honorable Lai Ching-te on being sworn in as President of Taiwan on Monday, May 20, 2024. His successful 28-year career in politics as Vice President and Premier under President Tsai Ing-wen, Chairman of the Democratic Progres
[UK_debates2025-02-06.txt | UK_debates2025-02-06_chunk_43] The context in which we approach this question is following 16 months of bloodshed and the deaths of almost 50,000 Palestinians, and a welcome temporary ceasefire. So the remarks of the US President, in conference with the Israeli Prime Minister, that the US will “take over the Gaza Strip” to create
[UK_debates2025-10-14.txt | UK_debates2025-10-14_chunk_19] Young people in my constituency of Wolverhampton West are particularly concerned about protecting the environment and the future of our planet. I have been contacted by students at Wolverhampton girls’ high school and St Edmund’s Catholic academy, and recently I was proud to attend a climate justice
[UK_debates2024-11-11.txt | UK_debates2024-11-11_chunk_35] The Secretary of State is right that we used to spend a lot more than 2%: in the 1980s we spent between 4.5% and 5.1% of GDP on defence. Does he share my concern at what I heard on the radio this morning, when a Labour politician in another place was saying that he could see an outcome in Ukraine wh
[us_2024-06-25.txt | us_2024-06-25_chunk_31] Mr. MOLINARO. Mr. Speaker, I rise today to recognize the work of Joey Chiang, the current president of the Taiwanese Chambers of Commerce of North America (TCCNA). Mr. Chiang works tirelessly to lead the TCCNA in their mission to support and connect Taiwanese business members in North America. TCCNA
[UK_debates2023-12-18.txt | UK_debates2023-12-18_chunk_55] The Minister will be aware, I hope, that Timothy Owen KC, who is part of Jimmy Lai’s defence team, is currently in Hong Kong but, because of the failure to give him a visa to deal with Jimmy Lai’s case, is not able to appear for Jimmy Lai. Will she make representations to the local authorities as a","The tension described is the high pressure on President Lai Ching-te to ""balance security risks with promises of protecting the independence of Taiwan"" (us_2024-05-22.txt).

In this context, President Lai's role involves facing adversities and pressure from the Chinese Communist Party while working to keep allies who acknowledge Taiwan as a sovereign nation (us_2024-05-22.txt). His priorities for Taiwan, which align with his predecessor Tsai Ing-wen, include plans to boost defenses by increasing military budgets, improving the military force structure, and concentrating on economical mobile weapons systems and more vigorous civil defense (us_2024-05-22.txt)."
12/31/2025 21:05,"What tension is described between Taiwan’s security risks and the promise of protecting its independence, and what role does President Lai play in this context?",hierarchical,dense,3,3,"UK_debates2024-10-16.txt, us_2024-05-22.txt, us_2024-09-23.txt","hierarchical_chunks\UK_debates2024-10-16.txt_chunks\UK_debates2024-10-16_chunk_27.txt, hierarchical_chunks\us_2024-05-22.txt_chunks\us_2024-05-22_chunk_5.txt, hierarchical_chunks\us_2024-09-23.txt_chunks\us_2024-09-23_chunk_27.txt","[us_2024-05-22.txt | us_2024-05-22_chunk_5] into Taiwanese airspace, the largest breach in history. On May 15, 2024, Taiwan's National Defense Ministry reported 45 Chinese military aircraft around the island, in just one day. With these growing tensions, the pressure on President Lai to balance security risks with promises of protecting the i
[us_2024-09-23.txt | us_2024-09-23_chunk_27] The Chinese Communist Party (CCP) represents the greatest threat to American values and national security in our lifetime, and we must counter the CCP's efforts to gain leverage over our nation and beyond. President Xi Jinping has gone so far as to say that he will do whatever it takes to bring Taiw
[UK_debates2024-10-16.txt | UK_debates2024-10-16_chunk_27] I join the Prime Minister’s words of tribute to Alex Salmond and the Holocaust survivor Lily Ebert, and thank him for his kind words about Sir David Amess, whom we remember fondly. We are thinking of all their families at this moment. This week, China has carried out unwarranted, aggressive and inti","The tension described is the high pressure on President Lai Ching-te to ""balance security risks with promises of protecting the independence of Taiwan"" (us_2024-05-22.txt).

President Lai's role is to manage this balance, and his priorities align with his predecessor, Tsai Ing-wen, focusing on boosting defenses (us_2024-05-22.txt). These plans include:
1. Increasing military budgets (us_2024-05-22.txt).
2. Improving Taiwan's military force structure (us_2024-05-22.txt).
3. Concentrating on economical mobile weapons systems and more vigorous civil defense (us_2024-05-22.txt)."
12/31/2025 21:05,"What tension is described between Taiwan’s security risks and the promise of protecting its independence, and what role does President Lai play in this context?",hierarchical,dense,5,5,"UK_debates2024-10-16.txt, UK_debates2024-10-28.txt, us_2024-05-22.txt, us_2024-09-23.txt","hierarchical_chunks\UK_debates2024-10-16.txt_chunks\UK_debates2024-10-16_chunk_27.txt, hierarchical_chunks\UK_debates2024-10-28.txt_chunks\UK_debates2024-10-28_chunk_53.txt, hierarchical_chunks\us_2024-05-22.txt_chunks\us_2024-05-22_chunk_4.txt, hierarchical_chunks\us_2024-05-22.txt_chunks\us_2024-05-22_chunk_5.txt, hierarchical_chunks\us_2024-09-23.txt_chunks\us_2024-09-23_chunk_27.txt","[us_2024-05-22.txt | us_2024-05-22_chunk_5] into Taiwanese airspace, the largest breach in history. On May 15, 2024, Taiwan's National Defense Ministry reported 45 Chinese military aircraft around the island, in just one day. With these growing tensions, the pressure on President Lai to balance security risks with promises of protecting the i
[us_2024-09-23.txt | us_2024-09-23_chunk_27] The Chinese Communist Party (CCP) represents the greatest threat to American values and national security in our lifetime, and we must counter the CCP's efforts to gain leverage over our nation and beyond. President Xi Jinping has gone so far as to say that he will do whatever it takes to bring Taiw
[UK_debates2024-10-16.txt | UK_debates2024-10-16_chunk_27] I join the Prime Minister’s words of tribute to Alex Salmond and the Holocaust survivor Lily Ebert, and thank him for his kind words about Sir David Amess, whom we remember fondly. We are thinking of all their families at this moment. This week, China has carried out unwarranted, aggressive and inti
[UK_debates2024-10-28.txt | UK_debates2024-10-28_chunk_53] I thank you for granting this urgent question, Mr Speaker. China is even now carrying out military exercises threatening Taiwan and threatening to blockade it, which would damage all our economies, yet I see in the Foreign Office’s readout after the visit to China that there was absolutely no discus
[us_2024-05-22.txt | us_2024-05-22_chunk_4] Mr. WILSON. Mr. Speaker, the American people extend congratulations to the Honorable Lai Ching-te on being sworn in as President of Taiwan on Monday, May 20, 2024. His successful 28-year career in politics as Vice President and Premier under President Tsai Ing-wen, Chairman of the Democratic Progres","The tension described is the high pressure placed on President Lai Ching-te to balance the growing security risks facing Taiwan with the promises of protecting the island's independence (us_2024-05-22.txt).

President Lai's role involves managing this balance amidst rising threats from China, which include almost daily incursions by military warplanes and vessels toward Taiwan, many of which cross the median line in the Taiwan Strait (us_2024-05-22.txt).

In this context, President Lai's priorities for Taiwan, which align with his predecessor Tsai Ing-wen, include plans to boost defenses by:
1. Increasing military budgets (us_2024-05-22.txt).
2. Improving its military force structure (us_2024-05-22.txt).
3. Concentrating on economical mobile weapons systems and more vigorous civil defense (us_2024-05-22.txt).

Furthermore, President Lai's party, the Democratic Progressive Party (DPP), promotes Taiwanese nationalism and identity and supports the people of Taiwan's right to decide their own future, a stance that China views with skepticism (us_2024-05-22.txt)."
12/31/2025 21:05,"What tension is described between Taiwan’s security risks and the promise of protecting its independence, and what role does President Lai play in this context?",hierarchical,dense,10,10,"UK_debates2024-10-16.txt, UK_debates2024-10-28.txt, UK_debates2024-11-26.txt, UK_debates2025-02-12.txt, us_2024-05-22.txt, us_2024-09-23.txt","hierarchical_chunks\UK_debates2024-10-16.txt_chunks\UK_debates2024-10-16_chunk_27.txt, hierarchical_chunks\UK_debates2024-10-28.txt_chunks\UK_debates2024-10-28_chunk_51.txt, hierarchical_chunks\UK_debates2024-10-28.txt_chunks\UK_debates2024-10-28_chunk_53.txt, hierarchical_chunks\UK_debates2024-10-28.txt_chunks\UK_debates2024-10-28_chunk_61.txt, hierarchical_chunks\UK_debates2024-11-26.txt_chunks\UK_debates2024-11-26_chunk_23.txt, hierarchical_chunks\UK_debates2024-11-26.txt_chunks\UK_debates2024-11-26_chunk_24.txt, hierarchical_chunks\UK_debates2025-02-12.txt_chunks\UK_debates2025-02-12_chunk_41.txt, hierarchical_chunks\us_2024-05-22.txt_chunks\us_2024-05-22_chunk_4.txt, hierarchical_chunks\us_2024-05-22.txt_chunks\us_2024-05-22_chunk_5.txt, hierarchical_chunks\us_2024-09-23.txt_chunks\us_2024-09-23_chunk_27.txt","[us_2024-05-22.txt | us_2024-05-22_chunk_5] into Taiwanese airspace, the largest breach in history. On May 15, 2024, Taiwan's National Defense Ministry reported 45 Chinese military aircraft around the island, in just one day. With these growing tensions, the pressure on President Lai to balance security risks with promises of protecting the i
[us_2024-09-23.txt | us_2024-09-23_chunk_27] The Chinese Communist Party (CCP) represents the greatest threat to American values and national security in our lifetime, and we must counter the CCP's efforts to gain leverage over our nation and beyond. President Xi Jinping has gone so far as to say that he will do whatever it takes to bring Taiw
[UK_debates2024-10-16.txt | UK_debates2024-10-16_chunk_27] I join the Prime Minister’s words of tribute to Alex Salmond and the Holocaust survivor Lily Ebert, and thank him for his kind words about Sir David Amess, whom we remember fondly. We are thinking of all their families at this moment. This week, China has carried out unwarranted, aggressive and inti
[UK_debates2024-10-28.txt | UK_debates2024-10-28_chunk_53] I thank you for granting this urgent question, Mr Speaker. China is even now carrying out military exercises threatening Taiwan and threatening to blockade it, which would damage all our economies, yet I see in the Foreign Office’s readout after the visit to China that there was absolutely no discus
[us_2024-05-22.txt | us_2024-05-22_chunk_4] Mr. WILSON. Mr. Speaker, the American people extend congratulations to the Honorable Lai Ching-te on being sworn in as President of Taiwan on Monday, May 20, 2024. His successful 28-year career in politics as Vice President and Premier under President Tsai Ing-wen, Chairman of the Democratic Progres
[UK_debates2024-10-28.txt | UK_debates2024-10-28_chunk_51] I thank the right hon. Gentleman for his question. On China, this Government are clear that the UK’s national interests will always come first. Pragmatic engagement matters, not only to co-operate on shared challenges but to make progress in areas where we disagree. On my visit I made it clear that
[UK_debates2025-02-12.txt | UK_debates2025-02-12_chunk_41] It has been reported that the Chinese company Mingyang is interested in producing turbines for a new project in the North sea. Around £60 million of Scottish Government funding has been earmarked for a wind turbine factory near Inverness, in addition to a potential £27 million for Orient Cable to pr
[UK_debates2024-11-26.txt | UK_debates2024-11-26_chunk_23] In the light of that response, can the Foreign Secretary state categorically whether, as part of his conversations with Chinese counterparts, the UK Government have explicitly called for the repeal of the national security law in Hong Kong, whether he has specifically called for Jimmy Lai be release
[UK_debates2024-10-28.txt | UK_debates2024-10-28_chunk_61] We remain deeply concerned by Beijing’s abuse of human rights and disregard for international law. Too often, the previous Government pursued trade links instead of acting on these concerns. Will this Government now do the right thing and recognise that the crimes perpetrated against the Uyghurs amo
[UK_debates2024-11-26.txt | UK_debates2024-11-26_chunk_24] I thank the right hon. Lady for raising the situation in Hong Kong, which formed a substantial part of our conversation. Of course we raised issues relating to Jimmy Lai—as I have said in the House before—and the security law in Hong Kong. There are disagreements between us, and we were very clear a","The tension described is the ""pressure on President Lai to balance security risks with promises of protecting the independence of Taiwan"" (us_2024-05-22.txt).

In this context, President Lai Ching-te plays the role of a leader facing high pressure to manage this balance (us_2024-05-22.txt). His priorities align with his predecessor, Tsai Ing-wen, and include plans to boost defenses by increasing military budgets, improving the military force structure, and focusing on economical mobile weapons systems and more vigorous civil defense (us_2024-05-22.txt).

Furthermore, President Lai's presidency extends the rule of the Democratic Progressive Party (DPP), which promotes Taiwanese nationalism and identity and supports the people of Taiwan's right to decide their own future, a view China regards with skepticism (us_2024-05-22.txt). He continues to lead Taiwan while it faces adversities to keep allies who acknowledge it as a sovereign nation, amidst pressure from the Chinese Communist Party (us_2024-05-22.txt)."
12/31/2025 21:05,"How do the debates frame the responsibility of the tech industry in the context of protecting children, and is the emphasis on legal accountability or corporate transparency?",fixed_660,bm25,3,3,"uk_2023-12-11.txt, uk_2024-08-27.txt, us_2023-12-11.txt","chunks_660_output\uk_2023-12-11.txt_chunks\uk_2023-12-11_chunk_4.txt, chunks_660_output\uk_2024-08-27.txt_chunks\uk_2024-08-27_chunk_12.txt, chunks_660_output\us_2023-12-11.txt_chunks\us_2023-12-11_chunk_3.txt","[us_2023-12-11.txt | us_2023-12-11_chunk_3] the Provision on Congressional Disapproval of The Rule Submitted By The Bureau Of Consumer Financial Protection Relating To ``Small Business Lending Under The Equal Credit Opportunity Act. Mr. Speaker, the beginning of so many great American stories is built around starting a small business in your
[uk_2023-12-11.txt | uk_2023-12-11_chunk_4] In some small rural areas, like where I grew up, there aren't credit  unions everywhere like there are in the city of Houston where I live  now. Even in the city of Houston, many small businesses during the  pandemic couldn't secure a PPP loan in round one. We [as Congress] had  to go in and do a ca
[uk_2024-08-27.txt | uk_2024-08-27_chunk_12] History is an important guide in this matter. In the 1950s and 1960s,  our nuclear enterprise developed ground-based ICBMs, and we have  continued them through the years. Today, members of Congress, without  scrutiny, repeat a mantra that 400 ground-based ICBMs are necessary. But 40 years after the","I cannot answer this question based on the provided documents. The documents discuss topics related to small business lending, discrimination, the Consumer Financial Protection Bureau, and nuclear defense strategy, but they do not contain information about the tech industry's responsibility in protecting children or the debate surrounding legal accountability versus corporate transparency in that context."
12/31/2025 21:05,"How do the debates frame the responsibility of the tech industry in the context of protecting children, and is the emphasis on legal accountability or corporate transparency?",fixed_660,bm25,5,5,"uk_2023-12-11.txt, uk_2024-06-12.txt, uk_2024-08-27.txt, us_2023-11-21.txt, us_2023-12-11.txt","chunks_660_output\uk_2023-12-11.txt_chunks\uk_2023-12-11_chunk_4.txt, chunks_660_output\uk_2024-06-12.txt_chunks\uk_2024-06-12_chunk_8.txt, chunks_660_output\uk_2024-08-27.txt_chunks\uk_2024-08-27_chunk_12.txt, chunks_660_output\us_2023-11-21.txt_chunks\us_2023-11-21_chunk_3.txt, chunks_660_output\us_2023-12-11.txt_chunks\us_2023-12-11_chunk_3.txt","[us_2023-12-11.txt | us_2023-12-11_chunk_3] the Provision on Congressional Disapproval of The Rule Submitted By The Bureau Of Consumer Financial Protection Relating To ``Small Business Lending Under The Equal Credit Opportunity Act. Mr. Speaker, the beginning of so many great American stories is built around starting a small business in your
[uk_2023-12-11.txt | uk_2023-12-11_chunk_4] In some small rural areas, like where I grew up, there aren't credit  unions everywhere like there are in the city of Houston where I live  now. Even in the city of Houston, many small businesses during the  pandemic couldn't secure a PPP loan in round one. We [as Congress] had  to go in and do a ca
[uk_2024-08-27.txt | uk_2024-08-27_chunk_12] History is an important guide in this matter. In the 1950s and 1960s,  our nuclear enterprise developed ground-based ICBMs, and we have  continued them through the years. Today, members of Congress, without  scrutiny, repeat a mantra that 400 ground-based ICBMs are necessary. But 40 years after the
[uk_2024-06-12.txt | uk_2024-06-12_chunk_8] We must cut through the rhetoric of fear and doomsaying that  dominates our nuclear policy debates. We can no longer allow the  thoughtful, calm voices to be drowned out by fearmongering cries. We  must rise above the noise. Instead of developing cost-effective  military systems that provide securit
[us_2023-11-21.txt | us_2023-11-21_chunk_3] This, combined with the values instilled in him by his parents, informed the path Bill would take with his career and life's work. He earned his juris doctorate from the University of Chicago in 1964, returned to Detroit during the height of the civil rights movement, and went to work in partnership","I cannot answer this question based on the provided documents. The documents focus primarily on small business lending, discrimination, nuclear policy, and federal advertising contract accountability, and do not contain information regarding the responsibility of the tech industry in the context of protecting children."
12/31/2025 21:10,"How do the debates frame the responsibility of the tech industry in the context of protecting children, and is the emphasis on legal accountability or corporate transparency?",fixed_660,bm25,10,10,"uk_2023-08-04.txt, uk_2023-12-11.txt, uk_2024-06-12.txt, uk_2024-08-27.txt, uk_2024-12-10.txt, uk_2025-06-17.txt, uk_2025-07-14.txt, us_2023-11-21.txt, us_2023-12-11.txt, us_2024-03-15.txt","chunks_660_output\uk_2023-08-04.txt_chunks\uk_2023-08-04_chunk_4.txt, chunks_660_output\uk_2023-12-11.txt_chunks\uk_2023-12-11_chunk_4.txt, chunks_660_output\uk_2024-06-12.txt_chunks\uk_2024-06-12_chunk_8.txt, chunks_660_output\uk_2024-08-27.txt_chunks\uk_2024-08-27_chunk_12.txt, chunks_660_output\uk_2024-12-10.txt_chunks\uk_2024-12-10_chunk_6.txt, chunks_660_output\uk_2025-06-17.txt_chunks\uk_2025-06-17_chunk_4.txt, chunks_660_output\uk_2025-07-14.txt_chunks\uk_2025-07-14_chunk_4.txt, chunks_660_output\us_2023-11-21.txt_chunks\us_2023-11-21_chunk_3.txt, chunks_660_output\us_2023-12-11.txt_chunks\us_2023-12-11_chunk_3.txt, chunks_660_output\us_2024-03-15.txt_chunks\us_2024-03-15_chunk_5.txt","[us_2023-12-11.txt | us_2023-12-11_chunk_3] the Provision on Congressional Disapproval of The Rule Submitted By The Bureau Of Consumer Financial Protection Relating To ``Small Business Lending Under The Equal Credit Opportunity Act. Mr. Speaker, the beginning of so many great American stories is built around starting a small business in your
[uk_2023-12-11.txt | uk_2023-12-11_chunk_4] In some small rural areas, like where I grew up, there aren't credit  unions everywhere like there are in the city of Houston where I live  now. Even in the city of Houston, many small businesses during the  pandemic couldn't secure a PPP loan in round one. We [as Congress] had  to go in and do a ca
[uk_2024-08-27.txt | uk_2024-08-27_chunk_12] History is an important guide in this matter. In the 1950s and 1960s,  our nuclear enterprise developed ground-based ICBMs, and we have  continued them through the years. Today, members of Congress, without  scrutiny, repeat a mantra that 400 ground-based ICBMs are necessary. But 40 years after the
[uk_2024-06-12.txt | uk_2024-06-12_chunk_8] We must cut through the rhetoric of fear and doomsaying that  dominates our nuclear policy debates. We can no longer allow the  thoughtful, calm voices to be drowned out by fearmongering cries. We  must rise above the noise. Instead of developing cost-effective  military systems that provide securit
[us_2023-11-21.txt | us_2023-11-21_chunk_3] This, combined with the values instilled in him by his parents, informed the path Bill would take with his career and life's work. He earned his juris doctorate from the University of Chicago in 1964, returned to Detroit during the height of the civil rights movement, and went to work in partnership
[uk_2024-12-10.txt | uk_2024-12-10_chunk_6] EMILIA STRONG SYKES  Mrs. SYKES. Mr. Speaker, today, I rise to recognize Moniquec Conner  as Ohio's 13th Congressional District Champion of the Week. Moniquec is a trailblazing civil rights activist. She was recently  recognized with a Humanitarian Stone Award from the National Action  Network, an o
[uk_2025-07-14.txt | uk_2025-07-14_chunk_4] Born in San Francisco in 1928, Bill's early years were shaped by  hardship. After his family faced bankruptcy during the Great  Depression, they relocated to a cabin in Woodacre, California. From  these humble beginnings, Bill's extraordinary work ethic and intellect  carried him far. He worked his
[uk_2023-08-04.txt | uk_2023-08-04_chunk_4] The Court ultimately ruled New York's concealed carry law  unconstitutional, extending the right to own a gun for self-defense in  the home to exist outside the home as well. This decision altered the well-established test for evaluating gun  safety laws and threatens the lives of millions around th
[us_2024-03-15.txt | us_2024-03-15_chunk_5] I also have serious concerns with the scope of the legislation and open constitutional questions about the path forward for its implementation. Targeting only one foreign adversary-controlled application will not fully protect consumers' data in our nation. Energy & Commerce Committee Chairwoman McM
[uk_2025-06-17.txt | uk_2025-06-17_chunk_4] Through this initiative,  she helped raise over $900 for the Zebra Youth Foundation, supporting  LGBTQ+ youth in Central Florida. Now in the process of becoming a peer support advocate, Sabra is  especially passionate about mental health awareness in the fire  service--an industry that can sometimes",No response.
12/31/2025 21:10,"How do the debates frame the responsibility of the tech industry in the context of protecting children, and is the emphasis on legal accountability or corporate transparency?",fixed_660,dense,3,3,"uk_2024-03-15.txt, us_2023-11-21.txt, us_2024-03-08.txt","chunks_660_output\uk_2024-03-15.txt_chunks\uk_2024-03-15_chunk_5.txt, chunks_660_output\us_2023-11-21.txt_chunks\us_2023-11-21_chunk_3.txt, chunks_660_output\us_2024-03-08.txt_chunks\us_2024-03-08_chunk_3.txt","[us_2024-03-08.txt | us_2024-03-08_chunk_3] And David looked at me and says ``A run? He had several runs.'' In short, Ray was authentic and original without a phony bone in his body, dependable as the day was long. He was always there for everyone and in so many different capacities. In this human comedy we call life, his skills, his curiosit
[us_2023-11-21.txt | us_2023-11-21_chunk_3] This, combined with the values instilled in him by his parents, informed the path Bill would take with his career and life's work. He earned his juris doctorate from the University of Chicago in 1964, returned to Detroit during the height of the civil rights movement, and went to work in partnership
[uk_2024-03-15.txt | uk_2024-03-15_chunk_5] Instead of addressing one company,  as the bill we are considering today does, we could instead consider  that bill or a related proposal that would improve how Americans access  and control their data across all apps. The limited data safeguards in  the Protecting Americans from Foreign Adversary C","The debates frame the responsibility of the tech industry, specifically concerning applications controlled by foreign adversaries like TikTok, as needing to prevent the dissemination of disinformation and propaganda campaigns into the hands of Americans, including ""tens of millions of children"" (uk_2024-03-15.txt).

The emphasis is placed on both legal accountability and corporate transparency:

**Legal Accountability:**
The primary focus is on legal accountability through H.R. 7521, the Protecting Americans from Foreign Adversary Controlled Applications Act. This legislation seeks to address the threat posed by foreign adversaries (China, Iran, North Korea, or Russia) who have ""alarming access to Americans' data"" (uk_2024-03-15.txt).

*   The bill requires the parent company ByteDance to sell TikTok within six months to continue operating (uk_2024-03-15.txt).
*   It grants the President the authority to protect Americans from future threats by requiring that communications applications be divested from foreign adversary control if they pose significant threats to national security (uk_2024-03-15.txt).

**Corporate Transparency and Data Control:**
The debate also highlights a lack of transparency regarding data usage:

*   Supporters of the bill note that while TikTok tracks users' location, online activity, and interactions, ""It is not clear the full extent to which users' data is being used"" (uk_2024-03-15.txt).
*   It is argued that the public deserves to know about the risks to their privacy when using TikTok (uk_2024-03-15.txt).
*   One opposing view suggested that instead of focusing on one company, Congress should consider proposals that would ""improve how Americans access and control their data across all apps"" (uk_2024-03-15.txt)."
12/31/2025 21:10,"How do the debates frame the responsibility of the tech industry in the context of protecting children, and is the emphasis on legal accountability or corporate transparency?",fixed_660,dense,5,5,"uk_2024-03-15.txt, uk_2024-04-17.txt, uk_2024-11-05.txt, us_2023-11-21.txt, us_2024-03-08.txt","chunks_660_output\uk_2024-03-15.txt_chunks\uk_2024-03-15_chunk_5.txt, chunks_660_output\uk_2024-04-17.txt_chunks\uk_2024-04-17_chunk_2.txt, chunks_660_output\uk_2024-11-05.txt_chunks\uk_2024-11-05_chunk_9.txt, chunks_660_output\us_2023-11-21.txt_chunks\us_2023-11-21_chunk_3.txt, chunks_660_output\us_2024-03-08.txt_chunks\us_2024-03-08_chunk_3.txt","[us_2024-03-08.txt | us_2024-03-08_chunk_3] And David looked at me and says ``A run? He had several runs.'' In short, Ray was authentic and original without a phony bone in his body, dependable as the day was long. He was always there for everyone and in so many different capacities. In this human comedy we call life, his skills, his curiosit
[us_2023-11-21.txt | us_2023-11-21_chunk_3] This, combined with the values instilled in him by his parents, informed the path Bill would take with his career and life's work. He earned his juris doctorate from the University of Chicago in 1964, returned to Detroit during the height of the civil rights movement, and went to work in partnership
[uk_2024-03-15.txt | uk_2024-03-15_chunk_5] Instead of addressing one company,  as the bill we are considering today does, we could instead consider  that bill or a related proposal that would improve how Americans access  and control their data across all apps. The limited data safeguards in  the Protecting Americans from Foreign Adversary C
[uk_2024-11-05.txt | uk_2024-11-05_chunk_9] These include: (1) service delivery, (2)  promoting participant protections, (3) engagement of  communities, (4) safeguarding equitable access, and (5) best  practices for data standards. Service Delivery  What is the spectrum of interdisciplinary practitioners who  will be held accountable as sessi
[uk_2024-04-17.txt | uk_2024-04-17_chunk_2] Their high-quality programs have changed lives and led to successful  outcomes for many of those who use their services. Supporting at-risk  youth and keeping families together helps to secure bright futures for  children and puts them on a path to success, and Tennyson has worked to  support famili","The debates frame the responsibility of the tech industry, specifically concerning applications controlled by foreign adversaries like TikTok, in the context of protecting children from data exploitation and foreign influence (uk_2024-03-15.txt).

The threat is described as foreign adversaries having ""alarming access to Americans' data,"" which they use for ""disinformation and propaganda campaigns literally into the hands of 100 million Americans, including tens of millions of children"" (uk_2024-03-15.txt).

The emphasis is placed on both corporate transparency and legal accountability:

**Transparency:**
*   Concerns are raised about the lack of clarity regarding data usage, with questions posed about who gains access to information, how it is tracked, how it is being used, and whether a foreign government has access (uk_2024-03-15.txt).
*   It is noted that TikTok is tracking users' location, online activity, and interactions, and that the full extent of data use is ""not clear"" (uk_2024-03-15.txt).
*   One speaker states that the public deserves to know about the risks to their privacy when using TikTok (uk_2024-03-15.txt).

**Legal Accountability:**
*   The primary mechanism discussed is H.R. 7521, the Protecting Americans from Foreign Adversary Controlled Applications Act, which seeks to impose legal accountability by requiring the parent company ByteDance to sell TikTok within six months to continue operating (uk_2024-03-15.txt).
*   The bill also grants the President authority to protect Americans from future threats from foreign adversaries (China, Iran, North Korea, or Russia) by requiring that communications applications be divested from their control if they pose significant threats to national security (uk_2024-03-15.txt).
*   An opposing view suggests that instead of the targeted bill, Congress should consider a proposal that would ""improve how Americans access and control their data across all apps,"" indicating a preference for broader legal data safeguards (uk_2024-03-15.txt)."
12/31/2025 21:10,"How do the debates frame the responsibility of the tech industry in the context of protecting children, and is the emphasis on legal accountability or corporate transparency?",fixed_660,dense,10,10,"uk_2023-12-11.txt, uk_2024-03-15.txt, uk_2024-04-17.txt, uk_2024-11-05.txt, uk_2025-07-25.txt, uk_2025-09-16.txt, us_2023-11-21.txt, us_2024-03-08.txt, us_2024-03-15.txt","chunks_660_output\uk_2023-12-11.txt_chunks\uk_2023-12-11_chunk_4.txt, chunks_660_output\uk_2024-03-15.txt_chunks\uk_2024-03-15_chunk_5.txt, chunks_660_output\uk_2024-04-17.txt_chunks\uk_2024-04-17_chunk_2.txt, chunks_660_output\uk_2024-11-05.txt_chunks\uk_2024-11-05_chunk_9.txt, chunks_660_output\uk_2025-07-25.txt_chunks\uk_2025-07-25_chunk_9.txt, chunks_660_output\uk_2025-09-16.txt_chunks\uk_2025-09-16_chunk_4.txt, chunks_660_output\us_2023-11-21.txt_chunks\us_2023-11-21_chunk_3.txt, chunks_660_output\us_2023-11-21.txt_chunks\us_2023-11-21_chunk_4.txt, chunks_660_output\us_2024-03-08.txt_chunks\us_2024-03-08_chunk_3.txt, chunks_660_output\us_2024-03-15.txt_chunks\us_2024-03-15_chunk_6.txt","[us_2024-03-08.txt | us_2024-03-08_chunk_3] And David looked at me and says ``A run? He had several runs.'' In short, Ray was authentic and original without a phony bone in his body, dependable as the day was long. He was always there for everyone and in so many different capacities. In this human comedy we call life, his skills, his curiosit
[us_2023-11-21.txt | us_2023-11-21_chunk_3] This, combined with the values instilled in him by his parents, informed the path Bill would take with his career and life's work. He earned his juris doctorate from the University of Chicago in 1964, returned to Detroit during the height of the civil rights movement, and went to work in partnership
[uk_2024-03-15.txt | uk_2024-03-15_chunk_5] Instead of addressing one company,  as the bill we are considering today does, we could instead consider  that bill or a related proposal that would improve how Americans access  and control their data across all apps. The limited data safeguards in  the Protecting Americans from Foreign Adversary C
[uk_2024-11-05.txt | uk_2024-11-05_chunk_9] These include: (1) service delivery, (2)  promoting participant protections, (3) engagement of  communities, (4) safeguarding equitable access, and (5) best  practices for data standards. Service Delivery  What is the spectrum of interdisciplinary practitioners who  will be held accountable as sessi
[uk_2024-04-17.txt | uk_2024-04-17_chunk_2] Their high-quality programs have changed lives and led to successful  outcomes for many of those who use their services. Supporting at-risk  youth and keeping families together helps to secure bright futures for  children and puts them on a path to success, and Tennyson has worked to  support famili
[uk_2023-12-11.txt | uk_2023-12-11_chunk_4] In some small rural areas, like where I grew up, there aren't credit  unions everywhere like there are in the city of Houston where I live  now. Even in the city of Houston, many small businesses during the  pandemic couldn't secure a PPP loan in round one. We [as Congress] had  to go in and do a ca
[us_2023-11-21.txt | us_2023-11-21_chunk_4] The regular collection of information on federal advertising contracts with SDBs and businesses owned by women and minorities is essential to bridging the gap between what current statistics show and a more inclusive advertising landscape. This bill would help achieve this goal while also promoting
[us_2024-03-15.txt | us_2024-03-15_chunk_6] It is not clear the full extent to which users' data is being used. Just last week, users were targeted and tracked, and received difficult-to-dismiss pop-up alerts. They were tracked based on their geo-location information, and pushed to call their Member of Congress, sharing a misleading message c
[uk_2025-09-16.txt | uk_2025-09-16_chunk_4] From the Congressional Record Online through the Government Publishing Office [<a href='https://www.gpo.gov'>www.gpo.gov</a>]  INTRODUCTION OF THE BILLIONAIRE INCOME TAX ACT AND NOTING THE POPE'S  CONCERN ON INCOME INEQUALITY  HON. STEVE COHEN  Mr. COHEN. Mr. Speaker, I plan to introduce the Billion
[uk_2025-07-25.txt | uk_2025-07-25_chunk_9] May God Bless him unselfishly and continually. From the Congressional Record Online through the Government Publishing Office [<a href='https://www.gpo.gov'>www.gpo.gov</a>]  OPPOSING H.R. 3633, S. 1582, and H.R. 1919  HON. BETTY McCOLLUM  Ms. McCOLLUM. Mr. Speaker, I rise in opposition to H.R. 3633,","The debates frame the responsibility of the tech industry, specifically concerning TikTok, in the context of national security and protecting Americans' data, including that of ""tens of millions of children"" (uk_2024-03-15.txt). The concern is that foreign adversaries have ""alarming access to Americans' data"" and can use their control over applications to push ""disinformation and propaganda campaigns"" (uk_2024-03-15.txt).

The emphasis is placed on both corporate transparency and legal accountability:

**Corporate Transparency:**
*   Concerns are raised because TikTok, a company based in China and regulated by its Communist government, is tracking users' location information and online activity, and the ""full extent to which users' data is being used"" is ""not clear"" (uk_2024-03-15.txt).
*   The public is stated to deserve knowledge about the risks to their privacy when using TikTok (us_2024-03-15.txt).
*   One viewpoint suggested that instead of the current bill, Congress should consider a proposal that would improve how Americans access and control their data across all apps (uk_2024-03-15.txt).

**Legal Accountability (Divestiture):**
*   The proposed legislation, H.R. 7521 (the Protecting Americans from Foreign Adversary Controlled Applications Act), is supported because it requires the parent company ByteDance to sell TikTok within six months to continue operating (uk_2024-03-15.txt, us_2024-03-15.txt).
*   The bill also grants the President authority to protect Americans from future threats from foreign adversaries (China, Iran, North Korea, or Russia) by requiring that communications applications be divested from their control if they pose significant threats to national security (uk_2024-03-15.txt, us_2024-03-15.txt)."
12/31/2025 21:10,"How do the debates frame the responsibility of the tech industry in the context of protecting children, and is the emphasis on legal accountability or corporate transparency?",hierarchical,bm25,3,3,"UK_debates2024-02-23.txt, UK_debates2024-11-18.txt, UK_debates2025-03-07.txt","hierarchical_chunks\UK_debates2024-02-23.txt_chunks\UK_debates2024-02-23_chunk_4.txt, hierarchical_chunks\UK_debates2024-11-18.txt_chunks\UK_debates2024-11-18_chunk_57.txt, hierarchical_chunks\UK_debates2025-03-07.txt_chunks\UK_debates2025-03-07_chunk_9.txt","[UK_debates2024-02-23.txt | UK_debates2024-02-23_chunk_4] It is a step forward that the scope of protection provided for in the Bill is not limited, as is currently the case, to economic crime. SLAPPs, often masquerading as defamation or privacy claims, are not really about seeking justice, but about imposing silence—exploiting the financial and emotional
[UK_debates2024-11-18.txt | UK_debates2024-11-18_chunk_57] In the London borough of Sutton, we started to in-house some children’s care home provision back in 2020, and we now care for six children with complex needs. What assessment has the Department made of the potential scale of local authorities taking on services directly, if given the right support b
[UK_debates2025-03-07.txt | UK_debates2025-03-07_chunk_9] Finally, the Bill calls on Government to conduct more research and further develop the evidence and guidance that is so important for future action. Given how rapidly these devices and services are developing, it is vital that parents and carers are given up-to-date advice on the harm their children","The debates frame the responsibility of the technology industry by characterizing the companies as ""profiteering off this rewiring of childhood"" and selling products and services ""designed to be addictive"" (UK\_debates2025-03-07.txt). They are accused of being ""incredibly effective at casting doubt over any evidence of a link between screen time and negative impacts on children,"" drawing a comparison to the tobacco industry lobbying against the link between smoking and cancer in the 1960s (UK\_debates2025-03-07.txt).

Regarding the emphasis on accountability versus transparency, the focus is strongly on **legal accountability** and **regulation**:

1.  **Burden of Proof/Safety:** The argument is made that when protecting children from harm, a precautionary approach is advised. For almost any other product, companies would have to prove that it was safe before selling it to children, rather than being free to sell until the evidence of harm becomes overwhelming (UK\_debates2025-03-07.txt). The US Surgeon General advice is noted, stating that social media has not yet ""been proved safe"" (UK\_debates2025-03-07.txt).
2.  **Legislation and Regulation:** The debate calls for action on excessive screen time through a ""process of legislation"" and ""major action"" (UK\_debates2025-03-07.txt). It is argued that regulation can find a way to allow children to experience benefits without being exposed to harms, comparing it to introducing seatbelt laws (UK\_debates2025-03-07.txt). The experience with the Online Safety Act 2023 is cited as evidence that tech companies are not beyond the power of Governments (UK\_debates2025-03-07.txt).
3.  **Age Verification:** Regulation is specifically proposed to address the argument from ""big tech"" that proper age verification is too difficult, stating that introducing regulation will force technology to catch up (UK\_debates2025-03-07.txt).

While the document notes that parental controls are ""confusing and opaque,"" suggesting a lack of transparency, the overall proposed solution is regulatory intervention to enforce safety and accountability (UK\_debates2025-03-07.txt)."
12/31/2025 21:11,"How do the debates frame the responsibility of the tech industry in the context of protecting children, and is the emphasis on legal accountability or corporate transparency?",hierarchical,bm25,5,5,"UK_debates2024-01-18.txt, UK_debates2024-02-23.txt, UK_debates2024-11-18.txt, UK_debates2025-03-07.txt, UK_debates2025-06-03.txt","hierarchical_chunks\UK_debates2024-01-18.txt_chunks\UK_debates2024-01-18_chunk_30.txt, hierarchical_chunks\UK_debates2024-02-23.txt_chunks\UK_debates2024-02-23_chunk_4.txt, hierarchical_chunks\UK_debates2024-11-18.txt_chunks\UK_debates2024-11-18_chunk_57.txt, hierarchical_chunks\UK_debates2025-03-07.txt_chunks\UK_debates2025-03-07_chunk_9.txt, hierarchical_chunks\UK_debates2025-06-03.txt_chunks\UK_debates2025-06-03_chunk_35.txt","[UK_debates2024-02-23.txt | UK_debates2024-02-23_chunk_4] It is a step forward that the scope of protection provided for in the Bill is not limited, as is currently the case, to economic crime. SLAPPs, often masquerading as defamation or privacy claims, are not really about seeking justice, but about imposing silence—exploiting the financial and emotional
[UK_debates2024-11-18.txt | UK_debates2024-11-18_chunk_57] In the London borough of Sutton, we started to in-house some children’s care home provision back in 2020, and we now care for six children with complex needs. What assessment has the Department made of the potential scale of local authorities taking on services directly, if given the right support b
[UK_debates2025-03-07.txt | UK_debates2025-03-07_chunk_9] Finally, the Bill calls on Government to conduct more research and further develop the evidence and guidance that is so important for future action. Given how rapidly these devices and services are developing, it is vital that parents and carers are given up-to-date advice on the harm their children
[UK_debates2025-06-03.txt | UK_debates2025-06-03_chunk_35] The Secretary of State recently announced that paedophiles will be castrated ahead of early release from prison, which turns out to be nothing more than taking some pills that may—I repeat “may”—reduce their libido. Will the Secretary of State confirm here and now that no paedophile prisoner will be
[UK_debates2024-01-18.txt | UK_debates2024-01-18_chunk_30] What recent assessment he has made of the prevalence of the use of personal smartphones for conducting Government business by Ministers and officials. The Cabinet Office does not hold data centrally regarding personal smartphone use. We are committed to ensuring that Government business is conducted","The debates frame the responsibility of the tech industry in the context of protecting children by highlighting that these companies are ""profiteering off this rewiring of childhood"" and are ""incredibly effective at casting doubt over any evidence of a link between screen time and negative impacts on children"" (UK_debates2025-03-07.txt).

The discussion suggests that the burden of evidence should sit with the companies selling products and services ""designed to be addictive,"" arguing that for almost any other product, companies would have to prove it was safe before selling it to children (UK_debates2025-03-07.txt). The US Surgeon General advice is noted, stating that social media has not yet ""been proved safe"" (UK_debates2025-03-07.txt).

Regarding the emphasis:

*   **Legal Accountability:** There is a strong emphasis on the need for legislation and regulation to address the harms (UK_debates2025-03-07.txt). The argument is made that regulation can protect children without eliminating the technology, similar to how seatbelt laws saved lives without killing the car industry (UK_debates2025-03-07.txt). The document mentions the *Online Safety Act 2023* and asserts that tech companies are ""not beyond the power of Governments"" (UK_debates2025-03-07.txt). It also suggests that regulation will create the necessary demand for age verification technology to become pervasive (UK_debates2025-03-07.txt).
*   **Corporate Transparency:** The documents note a lack of transparency and clarity in existing tools, stating that parental controls at the device, operating system, and app level are ""confusing and opaque"" (UK_debates2025-03-07.txt)."
12/31/2025 21:11,"How do the debates frame the responsibility of the tech industry in the context of protecting children, and is the emphasis on legal accountability or corporate transparency?",hierarchical,bm25,10,10,"UK_debates2023-12-06.txt, UK_debates2024-01-18.txt, UK_debates2024-02-23.txt, UK_debates2024-05-09.txt, UK_debates2024-11-18.txt, UK_debates2025-01-28.txt, UK_debates2025-03-07.txt, UK_debates2025-03-10.txt, UK_debates2025-06-03.txt","hierarchical_chunks\UK_debates2023-12-06.txt_chunks\UK_debates2023-12-06_chunk_27.txt, hierarchical_chunks\UK_debates2024-01-18.txt_chunks\UK_debates2024-01-18_chunk_30.txt, hierarchical_chunks\UK_debates2024-02-23.txt_chunks\UK_debates2024-02-23_chunk_1.txt, hierarchical_chunks\UK_debates2024-02-23.txt_chunks\UK_debates2024-02-23_chunk_4.txt, hierarchical_chunks\UK_debates2024-05-09.txt_chunks\UK_debates2024-05-09_chunk_32.txt, hierarchical_chunks\UK_debates2024-11-18.txt_chunks\UK_debates2024-11-18_chunk_57.txt, hierarchical_chunks\UK_debates2025-01-28.txt_chunks\UK_debates2025-01-28_chunk_31.txt, hierarchical_chunks\UK_debates2025-03-07.txt_chunks\UK_debates2025-03-07_chunk_9.txt, hierarchical_chunks\UK_debates2025-03-10.txt_chunks\UK_debates2025-03-10_chunk_23.txt, hierarchical_chunks\UK_debates2025-06-03.txt_chunks\UK_debates2025-06-03_chunk_35.txt","[UK_debates2024-02-23.txt | UK_debates2024-02-23_chunk_4] It is a step forward that the scope of protection provided for in the Bill is not limited, as is currently the case, to economic crime. SLAPPs, often masquerading as defamation or privacy claims, are not really about seeking justice, but about imposing silence—exploiting the financial and emotional
[UK_debates2024-11-18.txt | UK_debates2024-11-18_chunk_57] In the London borough of Sutton, we started to in-house some children’s care home provision back in 2020, and we now care for six children with complex needs. What assessment has the Department made of the potential scale of local authorities taking on services directly, if given the right support b
[UK_debates2025-03-07.txt | UK_debates2025-03-07_chunk_9] Finally, the Bill calls on Government to conduct more research and further develop the evidence and guidance that is so important for future action. Given how rapidly these devices and services are developing, it is vital that parents and carers are given up-to-date advice on the harm their children
[UK_debates2025-06-03.txt | UK_debates2025-06-03_chunk_35] The Secretary of State recently announced that paedophiles will be castrated ahead of early release from prison, which turns out to be nothing more than taking some pills that may—I repeat “may”—reduce their libido. Will the Secretary of State confirm here and now that no paedophile prisoner will be
[UK_debates2024-01-18.txt | UK_debates2024-01-18_chunk_30] What recent assessment he has made of the prevalence of the use of personal smartphones for conducting Government business by Ministers and officials. The Cabinet Office does not hold data centrally regarding personal smartphone use. We are committed to ensuring that Government business is conducted
[UK_debates2023-12-06.txt | UK_debates2023-12-06_chunk_27] It is customary to thank the Government for advance sight of the statement, but given the gravity of this matter, the fact that the report being responded to has been with the Government for many years and the length of the Secretary of State’s statement this morning, I am disappointed to have recei
[UK_debates2025-03-10.txt | UK_debates2025-03-10_chunk_23] Permanent exclusion from primary school should be an almost non-existent occurrence. Any primary-age pupils exhibiting difficult behaviours should undertake diagnosis for SEND, and best efforts should be made to understand any trauma that the child may have suffered. What is the Minister doing to en
[UK_debates2025-01-28.txt | UK_debates2025-01-28_chunk_31] I thank my hon. Friend for his question, and for the campaigning work that he is doing in this area. Journalism is the lifeblood of democracy, and strategic lawsuits against public participation represent an abuse of the legal system; they are used by those with deep pockets to harass and silence jo
[UK_debates2024-05-09.txt | UK_debates2024-05-09_chunk_32] The Attorney General will be aware of the Government’s grounds of defence in the ongoing case of Al-Haq v. the Secretary of State for Business and Trade, in which the FCDO lawyers admitted that the “inability to come to a clear assessment on Israel’s record of compliance” with international humanita
[UK_debates2024-02-23.txt | UK_debates2024-02-23_chunk_1] I beg to move, That the House sit in private. Question put forthwith ( Standing Order No. 163 ) and negatived. Second Reading I beg to move, That the Bill be now read the Second time. I have been a Member of Parliament for nearly 23 years. [Hon. Members: “No!] I know it is difficult to believe for s","The debates frame the responsibility of the tech industry in the context of protecting children primarily through the lens of **legal accountability and regulation**, while also highlighting issues related to **transparency and guidance**.

**Emphasis on Legal Accountability and Regulation:**

*   Technology companies are characterized as ""profiteering"" and ""incredibly effective at casting doubt over any evidence of a link between screen time and negative impacts on children"" (UK_debates2025-03-07.txt).
*   Speakers argue for a precautionary approach, stating that for almost any other product, companies would have to prove that it was safe before selling it to children (UK_debates2025-03-07.txt).
*   The burden of evidence is questioned, with the suggestion that it should sit with the companies ""who are selling them products and services that are designed to be addictive"" (UK_debates2025-03-07.txt).
*   The need for action is likened to past legislative processes concerning smoking and car seatbelts (UK_debates2025-03-07.txt).
*   The *Online Safety Act 2023* is cited as evidence that ""tech companies are not beyond the power of Governments"" (UK_debates2025-03-07.txt).
*   It is argued that regulation is necessary to ensure technology catches up with the need for measures like age verification, which ""big tech"" often claims is too difficult (UK_debates2025-03-07.txt).

**Emphasis on Transparency and Guidance:**

*   The Bill calls on the Government to conduct more research and develop evidence and guidance so that parents and carers are given up-to-date advice on the harm their children might be exposed to (UK_debates2025-03-07.txt).
*   Existing parental controls are criticized for being ""confusing and opaque"" at the device, operating system, and app levels (UK_debates2025-03-07.txt).
*   The goal of regulation is to allow children to experience the benefits of technology ""without being exposed, relentlessly, to its harms"" (UK_debates2025-03-07.txt)."
12/31/2025 21:11,"How do the debates frame the responsibility of the tech industry in the context of protecting children, and is the emphasis on legal accountability or corporate transparency?",hierarchical,dense,3,3,"UK_debates2024-10-16.txt, UK_debates2025-05-14.txt, UK_debates2025-09-10.txt","hierarchical_chunks\UK_debates2024-10-16.txt_chunks\UK_debates2024-10-16_chunk_18.txt, hierarchical_chunks\UK_debates2025-05-14.txt_chunks\UK_debates2025-05-14_chunk_13.txt, hierarchical_chunks\UK_debates2025-09-10.txt_chunks\UK_debates2025-09-10_chunk_10.txt","[UK_debates2024-10-16.txt | UK_debates2024-10-16_chunk_18] If he will make a statement on his departmental responsibilities. At the international investment summit on Monday, some of the world’s biggest science and tech firms committed to investing billions of pounds in Britain, growing our economy and creating new jobs across our country. In Rome last week
[UK_debates2025-09-10.txt | UK_debates2025-09-10_chunk_10] I, too, thank the previous ministerial team and welcome the new one—I very much look forward to working together. Following the roll-out of the Online Safety Act, there is evidence that harmful content is still being algorithmically shown to young children and that artificial intelligence technologi
[UK_debates2025-05-14.txt | UK_debates2025-05-14_chunk_13] Given the growing concerns around the Online Safety Act, which could be weakened during UK-US trade negotiations, and reports that the Secretary of State is meeting repeatedly with tech giants, including Amazon, Google and Meta, it is vital that children’s safety remains a red line in both our trade","The debates frame the responsibility of the tech industry in protecting children primarily through the lens of mandatory design standards and legal accountability.

**Emphasis on Corporate Responsibility and Design Standards:**

*   The Secretary of State holds ""high expectations"" for companies, stating that safety must be ""baked in from the outset"" and ""from the start"" (UK_debates2024-10-16.txt).
*   Releasing products into society is described as a ""privilege, not a right"" for companies (UK_debates2024-10-16.txt).
*   Concerns are raised that harmful content is still being ""algorithmically shown to young children,"" suggesting that internal corporate systems and design choices are failing to protect users (UK_debates2025-09-10.txt).

**Emphasis on Legal Accountability and Legislative Frameworks:**

*   The documents frequently reference existing and proposed legislation aimed at holding companies accountable:
    *   The Protection of Children (Digital Safety and Data Protection) Bill (safer phones Bill) is mentioned as seeking to address damage caused by social media and mobile phone usage (UK_debates2024-10-16.txt).
    *   There are calls for a ""digital Bill of Rights to set the standard"" to adapt to technological change (UK_debates2025-09-10.txt).
    *   The government is determined to ensure that illegal content and harmful content for children are removed (UK_debates2025-09-10.txt).
    *   The Online Safety Act is discussed, with assurances that it will not be weakened during UK-US trade negotiations, and that children’s safety remains a ""red line"" in trade policy (UK_debates2025-05-14.txt).

While the need to address algorithmic harm implies a requirement for corporate transparency regarding how content is delivered, the overall framing focuses on ensuring safety through legislative mandates and high expectations for mandatory safety features in product design."
12/31/2025 21:11,"How do the debates frame the responsibility of the tech industry in the context of protecting children, and is the emphasis on legal accountability or corporate transparency?",hierarchical,dense,5,5,"UK_debates2024-04-17.txt, UK_debates2024-10-16.txt, UK_debates2025-05-14.txt, UK_debates2025-09-10.txt","hierarchical_chunks\UK_debates2024-04-17.txt_chunks\UK_debates2024-04-17_chunk_15.txt, hierarchical_chunks\UK_debates2024-10-16.txt_chunks\UK_debates2024-10-16_chunk_18.txt, hierarchical_chunks\UK_debates2025-05-14.txt_chunks\UK_debates2025-05-14_chunk_13.txt, hierarchical_chunks\UK_debates2025-09-10.txt_chunks\UK_debates2025-09-10_chunk_10.txt, hierarchical_chunks\UK_debates2025-09-10.txt_chunks\UK_debates2025-09-10_chunk_20.txt","[UK_debates2024-10-16.txt | UK_debates2024-10-16_chunk_18] If he will make a statement on his departmental responsibilities. At the international investment summit on Monday, some of the world’s biggest science and tech firms committed to investing billions of pounds in Britain, growing our economy and creating new jobs across our country. In Rome last week
[UK_debates2025-09-10.txt | UK_debates2025-09-10_chunk_10] I, too, thank the previous ministerial team and welcome the new one—I very much look forward to working together. Following the roll-out of the Online Safety Act, there is evidence that harmful content is still being algorithmically shown to young children and that artificial intelligence technologi
[UK_debates2025-05-14.txt | UK_debates2025-05-14_chunk_13] Given the growing concerns around the Online Safety Act, which could be weakened during UK-US trade negotiations, and reports that the Secretary of State is meeting repeatedly with tech giants, including Amazon, Google and Meta, it is vital that children’s safety remains a red line in both our trade
[UK_debates2025-09-10.txt | UK_debates2025-09-10_chunk_20] Yesterday, I sponsored a drop-in event here in Parliament with Parent Zone to highlight the “hit pause” campaign, which aims to teach people to recognise conspiracy theories and misinformation online. Does the Minister agree that although we can make online platforms more accountable in other ways,
[UK_debates2024-04-17.txt | UK_debates2024-04-17_chunk_15] The first act of the Prime Minister was to promise a Government of professionalism and integrity, yet here we have a Secretary of State who uses her position to accuse a British scientist of being a terrorist sympathiser. She goes on to use public money to settle her libel case and then she tries to","The debates frame the responsibility of the tech industry in protecting children through a combination of legal accountability and proactive corporate duty regarding product design.

**Legal Accountability and Enforcement:**

*   The **Online Safety Act 2023** is cited as the existing framework, and platforms are required to have ""robust processes in place to safeguard children, in line with the Online Safety Act 2023"" (UK_debates2024-04-17.txt).
*   Concerns are raised that harmful content, including content linked to artificial intelligence technologies, is still being algorithmically shown to young children, suggesting the current Act needs to be adapted or strengthened (UK_debates2025-09-10.txt).
*   The Secretary of State confirmed that the Online Safety Act will not be weakened during UK-US trade negotiations, emphasizing that children’s safety remains a ""red line"" (UK_debates2025-05-14.txt).
*   The debates recognize the need for legal action, noting that Ofcom will take ""robust action"" when safety is compromised, particularly concerning encryption (UK_debates2024-04-17.txt).
*   The ""Protection of Children (Digital Safety and Data Protection) Bill"" (safer phones Bill) was presented to address the damage caused by out-of-control social media and mobile phone usage (UK_debates2024-10-16.txt).

**Corporate Duty and Design Responsibility:**

*   The Secretary of State stated that companies releasing products should view this as a ""privilege, not a right,"" and that there are high expectations for safety to be ""baked in from the start"" or ""from the outset"" (UK_debates2024-10-16.txt).
*   Meta’s decision to reduce the age for using WhatsApp to 13 was called ""woefully irresponsible"" due to the dangers posed by end-to-end encryption preventing the policing of illegal content (UK_debates2024-04-17.txt).
*   Initiatives like Parent Zone’s “hit pause” campaign are supported to help people protect themselves when ""the tech companies fail to take responsibility for the content on their platforms"" (UK_debates2025-09-10.txt).
*   Platforms are encouraged to expand their work to ""embed media literacy into their product design"" (UK_debates2025-09-10.txt)."
12/31/2025 21:11,"How do the debates frame the responsibility of the tech industry in the context of protecting children, and is the emphasis on legal accountability or corporate transparency?",hierarchical,dense,10,10,"UK_debates2024-04-17.txt, UK_debates2024-10-16.txt, UK_debates2025-02-24.txt, UK_debates2025-03-26.txt, UK_debates2025-05-14.txt, UK_debates2025-09-10.txt","hierarchical_chunks\UK_debates2024-04-17.txt_chunks\UK_debates2024-04-17_chunk_10.txt, hierarchical_chunks\UK_debates2024-04-17.txt_chunks\UK_debates2024-04-17_chunk_15.txt, hierarchical_chunks\UK_debates2024-10-16.txt_chunks\UK_debates2024-10-16_chunk_18.txt, hierarchical_chunks\UK_debates2025-02-24.txt_chunks\UK_debates2025-02-24_chunk_25.txt, hierarchical_chunks\UK_debates2025-03-26.txt_chunks\UK_debates2025-03-26_chunk_6.txt, hierarchical_chunks\UK_debates2025-05-14.txt_chunks\UK_debates2025-05-14_chunk_13.txt, hierarchical_chunks\UK_debates2025-09-10.txt_chunks\UK_debates2025-09-10_chunk_10.txt, hierarchical_chunks\UK_debates2025-09-10.txt_chunks\UK_debates2025-09-10_chunk_15.txt, hierarchical_chunks\UK_debates2025-09-10.txt_chunks\UK_debates2025-09-10_chunk_20.txt, hierarchical_chunks\UK_debates2025-09-10.txt_chunks\UK_debates2025-09-10_chunk_22.txt","[UK_debates2024-10-16.txt | UK_debates2024-10-16_chunk_18] If he will make a statement on his departmental responsibilities. At the international investment summit on Monday, some of the world’s biggest science and tech firms committed to investing billions of pounds in Britain, growing our economy and creating new jobs across our country. In Rome last week
[UK_debates2025-09-10.txt | UK_debates2025-09-10_chunk_10] I, too, thank the previous ministerial team and welcome the new one—I very much look forward to working together. Following the roll-out of the Online Safety Act, there is evidence that harmful content is still being algorithmically shown to young children and that artificial intelligence technologi
[UK_debates2025-05-14.txt | UK_debates2025-05-14_chunk_13] Given the growing concerns around the Online Safety Act, which could be weakened during UK-US trade negotiations, and reports that the Secretary of State is meeting repeatedly with tech giants, including Amazon, Google and Meta, it is vital that children’s safety remains a red line in both our trade
[UK_debates2025-09-10.txt | UK_debates2025-09-10_chunk_20] Yesterday, I sponsored a drop-in event here in Parliament with Parent Zone to highlight the “hit pause” campaign, which aims to teach people to recognise conspiracy theories and misinformation online. Does the Minister agree that although we can make online platforms more accountable in other ways,
[UK_debates2024-04-17.txt | UK_debates2024-04-17_chunk_15] The first act of the Prime Minister was to promise a Government of professionalism and integrity, yet here we have a Secretary of State who uses her position to accuse a British scientist of being a terrorist sympathiser. She goes on to use public money to settle her libel case and then she tries to
[UK_debates2024-04-17.txt | UK_debates2024-04-17_chunk_10] I thank my hon. Friend for highlighting that case. I regret what has happened to the GLA candidate, which highlights some of the risks in relation to technology. That is why we have high data protection standards, but there is a range of ways in which we need to tackle this problem. We have the nati
[UK_debates2025-09-10.txt | UK_debates2025-09-10_chunk_15] The Government are committed to transforming public services through the adoption of new technologies. At the June spending review, Departments published their plans to deploy technologies to achieve efficiencies, but we are yet to see the detailed and fully funded road map for delivery promised by
[UK_debates2025-09-10.txt | UK_debates2025-09-10_chunk_22] When it comes to holding tech companies accountable for using copyrighted material on their platforms without consent, the Government’s Data (Use and Access) Act 2025 let down our creative industries. The Department’s new working groups on AI and copyright include just one British tech firm, alongsi
[UK_debates2025-02-24.txt | UK_debates2025-02-24_chunk_25] I thank my hon. Friend for raising this important point. The Government are clear that online platforms are a significant enabler of sexual exploitation, and must be responsible and held accountable for the content of their sites, including taking proactive steps to prevent their sites being used by
[UK_debates2025-03-26.txt | UK_debates2025-03-26_chunk_6] Significant concerns were raised in the recent Westminster Hall debate on the implementation of the Online Safety Act 2023. Will the Minister take urgent steps to better categorise online platforms, to better protect women and girls online? I can assure the hon. Member that, whatever the size of the","The debates frame the responsibility of the tech industry primarily through the lens of **legal accountability** enforced by the **Online Safety Act 2023**.

### Emphasis on Legal Accountability and Duties

The core mechanism for holding technology companies responsible is the legal framework established by the Online Safety Act 2023:

*   **Legal Duty:** Platforms now have a ""legal duty"" to protect users from illegal content and specifically to safeguard children from harmful content (UK_debates2025-09-10.txt, UK_debates2025-03-26.txt). This duty applies regardless of the size or category of the organization (UK_debates2025-03-26.txt).
*   **Enforcement and Fines:** Ofcom has ""strong powers to hold firms to account,"" including the ability to issue fines of up to 10% of qualifying worldwide revenue (UK_debates2025-09-10.txt). Ofcom is expected to use these powers ""as assertively as necessary"" (UK_debates2025-03-26.txt) and has already launched 12 investigations into suspected non-compliance (UK_debates2025-09-10.txt).
*   **Priority Offences:** The Online Safety Act 2023 sets out priority offences, including human trafficking and sexual exploitation (UK_debates2025-02-24.txt).
*   **Proactive Measures:** Companies must be responsible and held accountable for the content on their sites, including taking ""proactive steps"" to prevent their sites from being used by criminals (UK_debates2025-02-24.txt). Specifically regarding dangerous self-harm material, social media companies must take action not just to remove the material but to ""prevent it from coming up in the first place"" (UK_debates2025-09-10.txt).

### Corporate Responsibility and Safety Expectations

Beyond legal duties, the debates emphasize that safety must be a fundamental corporate priority:

*   **Safety by Design:** The Secretary of State intends to ensure that safety is ""baked in from the outset"" and expects companies to have ""robust processes in place to safeguard children"" (UK_debates2024-10-16.txt, UK_debates2024-04-17.txt).
*   **Privilege, Not a Right:** Companies releasing products into society should view this as a ""privilege, not a right"" (UK_debates2024-10-16.txt).
*   **Encryption and Safety:** Responsible encryption should not compromise safety, and Ofcom will take ""robust action"" when safety is compromised (UK_debates2024-04-17.txt).
*   **Irresponsibility:** Actions like Meta reducing the age for using WhatsApp to 13, given the dangers of illegal content like child sexual abuse, are deemed ""woefully irresponsible"" (UK_debates2024-04-17.txt).

### Corporate Transparency and Media Literacy

While the primary focus is legal enforcement, there is an acknowledgment of the need for media literacy initiatives when tech companies fail to take responsibility. Collaborative initiatives like Parent Zone’s “hit pause” programme are welcomed to help equip people to protect themselves (UK_debates2025-09-10.txt). Platforms are also encouraged to expand their work to embed media literacy into their product design (UK_debates2025-09-10.txt)."
12/31/2025 21:11,In what ways do the speakers use historical commemorations such as Black History Month or the Pearl Harbor anniversary to frame current national security or social justice priorities?,fixed_660,bm25,3,3,"uk_2023-12-07.txt, uk_2024-05-28.txt, us_2023-07-12.txt","chunks_660_output\uk_2023-12-07.txt_chunks\uk_2023-12-07_chunk_7.txt, chunks_660_output\uk_2024-05-28.txt_chunks\uk_2024-05-28_chunk_1.txt, chunks_660_output\us_2023-07-12.txt_chunks\us_2023-07-12_chunk_7.txt","[uk_2024-05-28.txt | uk_2024-05-28_chunk_1] ?Title: COMMEMORATING THE 20TH ANNIVERSARY OF THE WORLD WAR II MEMORIAL ON THE NATIONAL MALL; Congressional Record Vol. 170, No. 92  From the Congressional Record Online through the Government Publishing Office [<a href='https://www.gpo.gov'>www.gpo.gov</a>]  COMMEMORATING THE 20TH ANNIVERSARY OF TH
[uk_2023-12-07.txt | uk_2023-12-07_chunk_7] Mr. Speaker, I rise today to honor a remarkable veteran, an  esteemed member of our community in western Massachusetts, and a  national hero. Born and raised in Holyoke, Massachusetts, Harry L.  Chandler is one of the few remaining members of the Greatest  Generation. Now 102 years old, Harry will b
[us_2023-07-12.txt | us_2023-07-12_chunk_7] Eighth-grade algebra is the policy in high-performing foreign countries whose inhabitants will compete with America's children in the future--and that eighth-grade goal was expressly part of the 1999 and 2006 California math frameworks. This current framework recommends ninth grade as when almost al","The provided documents use the commemoration of World War II, Memorial Day, and the Pearl Harbor anniversary primarily to frame priorities related to national security, valor, and memorial maintenance:

1.  **National Security and Valor:**
    *   The commemoration of the World War II Memorial and Memorial Day is used to honor the memory of the war dead who rendered their lives in military service to Liberty, Justice, and Equality for all, framing the historical achievement as the ""victory of Liberty over tyranny"" (uk_2024-05-28.txt).
    *   The return of a veteran to Pearl Harbor to commemorate the December 7, 1941, attack is used to frame the event as a ""stark reminder of the price of freedom and the valor of those who defend it,"" serving as an inspiration (uk_2023-12-07.txt).

2.  **Memorial Funding and Maintenance:**
    *   The 20th anniversary of the World War II Memorial is used to frame the current priority of funding the Memorial's maintenance and educational programs through efforts like the United States Mint's 2024 Greatest Generation Commemorative Coin program (uk_2024-05-28.txt).

The documents do not contain information regarding the use of Black History Month to frame current priorities. While one document discusses using mathematics education to promote ""social justice"" goals, it does not link these goals to the Pearl Harbor anniversary or any other specific historical commemoration mentioned in the context (us_2023-07-12.txt)."
12/31/2025 21:12,In what ways do the speakers use historical commemorations such as Black History Month or the Pearl Harbor anniversary to frame current national security or social justice priorities?,fixed_660,bm25,5,5,"uk_2023-07-14.txt, uk_2023-12-07.txt, uk_2024-05-28.txt, us_2023-07-12.txt, us_2024-02-15.txt","chunks_660_output\uk_2023-07-14.txt_chunks\uk_2023-07-14_chunk_2.txt, chunks_660_output\uk_2023-12-07.txt_chunks\uk_2023-12-07_chunk_7.txt, chunks_660_output\uk_2024-05-28.txt_chunks\uk_2024-05-28_chunk_1.txt, chunks_660_output\us_2023-07-12.txt_chunks\us_2023-07-12_chunk_7.txt, chunks_660_output\us_2024-02-15.txt_chunks\us_2024-02-15_chunk_9.txt","[uk_2024-05-28.txt | uk_2024-05-28_chunk_1] ?Title: COMMEMORATING THE 20TH ANNIVERSARY OF THE WORLD WAR II MEMORIAL ON THE NATIONAL MALL; Congressional Record Vol. 170, No. 92  From the Congressional Record Online through the Government Publishing Office [<a href='https://www.gpo.gov'>www.gpo.gov</a>]  COMMEMORATING THE 20TH ANNIVERSARY OF TH
[uk_2023-12-07.txt | uk_2023-12-07_chunk_7] Mr. Speaker, I rise today to honor a remarkable veteran, an  esteemed member of our community in western Massachusetts, and a  national hero. Born and raised in Holyoke, Massachusetts, Harry L.  Chandler is one of the few remaining members of the Greatest  Generation. Now 102 years old, Harry will b
[us_2023-07-12.txt | us_2023-07-12_chunk_7] Eighth-grade algebra is the policy in high-performing foreign countries whose inhabitants will compete with America's children in the future--and that eighth-grade goal was expressly part of the 1999 and 2006 California math frameworks. This current framework recommends ninth grade as when almost al
[us_2024-02-15.txt | us_2024-02-15_chunk_9] He advocated for social change and economic empowerment. When Harold Washington ran for mayor in 1983, Todd headed the campaign's speakers bureau and served as Washington's surrogate. Because of his magnetism with audiences, he was often called on to warm up the crowd before Washington took the stag
[uk_2023-07-14.txt | uk_2023-07-14_chunk_2] She married her husband Alfonso in 1989 and had 3 amazing  children. Her family was the center of her life--she was an amazing  mother that did whatever she could to be there for her children and  husband at every moment of their lives. Aside from being an amazing mother and wife, Valles was also an","Speakers use historical commemorations to frame current priorities in the following ways:

**1. World War II and Pearl Harbor Commemorations (National Security/Patriotism):**

*   **Funding and Maintenance:** The 20th anniversary of the World War II Memorial is used to highlight the ongoing need for support, specifically mentioning Congresswoman Marcy Kaptur leading efforts for the United States Mint's 2024 Greatest Generation Commemorative Coin program to help fund the Memorial's maintenance and educational programs (uk_2024-05-28.txt).
*   **Honoring Valor and Liberty:** The commemoration of the World War II Memorial on Memorial Day 2024 is used to honor the memory of all Americans who are war dead and to recall the ""victory of Liberty over tyranny"" (uk_2024-05-28.txt).
*   **Recognizing Living Testaments:** The return of veteran Harry L. Chandler to Pearl Harbor to commemorate the December 7, 1941, attack frames him as a ""living testament to the bravery of those who served"" (uk_2023-12-07.txt).

**2. Black History Month and Civil Rights Commemorations (Social Justice Priorities):**

*   **Advancing Political Equality:** Black History Month is used to recognize Shirley Anita St. Hill Chisholm, whose legacy is framed as paving the way for Black women in politics by challenging the political system and running against white men (us_2024-02-15.txt).
*   **Dismantling Systemic Injustice:** The legacy of Tom Todd is highlighted, noting that he advocated for social change and economic empowerment, and fought to dismantle barriers to equality, promote minority-owned businesses, and advocate for fair employment practices (us_2024-02-15.txt).
*   **Improving Criminal Justice:** The 50th Anniversary of the National Association of Blacks in Criminal Justice (NABCJ) is recognized, emphasizing its mission to act upon the needs, concerns, and contributions of African Americans and other people of color related to the administration of equal justice. This milestone signifies a commitment to improving law enforcement and the criminal justice system through evidence-based policies (uk_2023-07-14.txt)."
12/31/2025 21:12,In what ways do the speakers use historical commemorations such as Black History Month or the Pearl Harbor anniversary to frame current national security or social justice priorities?,fixed_660,bm25,10,10,"uk_2023-07-12.txt, uk_2023-07-14.txt, uk_2023-11-09.txt, uk_2023-12-07.txt, uk_2023-12-11.txt, uk_2024-05-28.txt, uk_2025-06-20.txt, us_2023-07-12.txt, us_2024-02-15.txt","chunks_660_output\uk_2023-07-12.txt_chunks\uk_2023-07-12_chunk_7.txt, chunks_660_output\uk_2023-07-14.txt_chunks\uk_2023-07-14_chunk_2.txt, chunks_660_output\uk_2023-11-09.txt_chunks\uk_2023-11-09_chunk_9.txt, chunks_660_output\uk_2023-12-07.txt_chunks\uk_2023-12-07_chunk_6.txt, chunks_660_output\uk_2023-12-07.txt_chunks\uk_2023-12-07_chunk_7.txt, chunks_660_output\uk_2023-12-11.txt_chunks\uk_2023-12-11_chunk_7.txt, chunks_660_output\uk_2024-05-28.txt_chunks\uk_2024-05-28_chunk_1.txt, chunks_660_output\uk_2025-06-20.txt_chunks\uk_2025-06-20_chunk_2.txt, chunks_660_output\us_2023-07-12.txt_chunks\us_2023-07-12_chunk_7.txt, chunks_660_output\us_2024-02-15.txt_chunks\us_2024-02-15_chunk_9.txt","[uk_2024-05-28.txt | uk_2024-05-28_chunk_1] ?Title: COMMEMORATING THE 20TH ANNIVERSARY OF THE WORLD WAR II MEMORIAL ON THE NATIONAL MALL; Congressional Record Vol. 170, No. 92  From the Congressional Record Online through the Government Publishing Office [<a href='https://www.gpo.gov'>www.gpo.gov</a>]  COMMEMORATING THE 20TH ANNIVERSARY OF TH
[uk_2023-12-07.txt | uk_2023-12-07_chunk_7] Mr. Speaker, I rise today to honor a remarkable veteran, an  esteemed member of our community in western Massachusetts, and a  national hero. Born and raised in Holyoke, Massachusetts, Harry L.  Chandler is one of the few remaining members of the Greatest  Generation. Now 102 years old, Harry will b
[us_2023-07-12.txt | us_2023-07-12_chunk_7] Eighth-grade algebra is the policy in high-performing foreign countries whose inhabitants will compete with America's children in the future--and that eighth-grade goal was expressly part of the 1999 and 2006 California math frameworks. This current framework recommends ninth grade as when almost al
[us_2024-02-15.txt | us_2024-02-15_chunk_9] He advocated for social change and economic empowerment. When Harold Washington ran for mayor in 1983, Todd headed the campaign's speakers bureau and served as Washington's surrogate. Because of his magnetism with audiences, he was often called on to warm up the crowd before Washington took the stag
[uk_2023-07-14.txt | uk_2023-07-14_chunk_2] She married her husband Alfonso in 1989 and had 3 amazing  children. Her family was the center of her life--she was an amazing  mother that did whatever she could to be there for her children and  husband at every moment of their lives. Aside from being an amazing mother and wife, Valles was also an
[uk_2023-07-12.txt | uk_2023-07-12_chunk_7] 3. Rejection of Algebra I in 8th Grade  The revised framework rejects (as did its earlier  iterations) the time-honored aim of preparing students to  take Algebra I in eighth grade. Eighth-grade algebra is the  policy in high-performing foreign countries whose inhabitants  will compete with America'
[uk_2023-12-11.txt | uk_2023-12-11_chunk_7] ``It's time-consuming.'' The group's work netted $8 million in Paycheck Protection  Program loans for 219 businesses. For those companies, the  help made a profound difference. TruFund Financial, a New York lender that focuses on  historically disadvantaged communities, spent two hours of  staff tim
[uk_2025-06-20.txt | uk_2025-06-20_chunk_2] Mr. Speaker, after just four short years since  I proudly cast my vote to establish Juneteenth as a federal holiday  through the Juneteenth National Independence Day Act, the very history  that this day honors is now under attack by the current administration. While we mark Juneteenth with prayers a
[uk_2023-12-07.txt | uk_2023-12-07_chunk_6] BRTC's staff and faculty members are engaged in our  community and have truly made a difference in the lives of thousands of  people in my part of the country. The First District is better because  of their service. Congratulations to Black River Technical College. I wish them many  more years as a
[uk_2023-11-09.txt | uk_2023-11-09_chunk_9] Veterans Day is a reminder to all of us who live in freedom that as  President Kennedy said, ``The price of freedom is high, but Americans  have always paid it.'' This Veterans Day is a welcome opportunity to remember the fallen who  gave the last full measure of devotion to their country on battlef","Speakers use historical commemorations to frame current national security and social justice priorities in several ways:

**Framing National Security and Valor:**

*   **World War II Memorial Anniversary:** The 20th anniversary of the World War II Memorial is used to recall the ""victory of Liberty over tyranny"" and honor the memory of those who died in military service to Liberty, Justice, and Equality (uk_2024-05-28.txt).
*   **Pearl Harbor Anniversary:** The commemoration of the attack on Pearl Harbor is used to recognize veteran Harry L. Chandler and serves as a ""stark reminder of the price of freedom and the valor of those who defend it"" (uk_2023-12-07.txt).
*   **Memorial Day/Veterans Day:** These days are used to remind Americans that ""The price of freedom is high"" and to emphasize the national pledge to ""leave no veteran behind"" (uk_2023-11-09.txt).

**Framing Social Justice and Equity Priorities:**

*   **Juneteenth:** The commemoration of Juneteenth (June 19, 1865) is used to confront the ""harsh and unsettling truth"" that African American history is ""under attack"" and being erased by the current administration (uk_2025-06-20.txt).
    *   The speaker frames the priority as defending Juneteenth and the history it represents from being erased, fighting the stripping of diversity, equity, and inclusion (DEI) from federal institutions, and resisting the censoring of school curriculums (uk_2025-06-20.txt).
    *   It is also used to highlight ongoing systemic racism and the denial of opportunity in areas like education, economic security, health care, employment, housing, and the criminal justice system (uk_2025-06-20.txt).
*   **Black History Month:** The recognition of Shirley Anita St. Hill Chisholm during Black History Month is used to frame the priority of paving the way for Black women to lead in politics by challenging the political system (us_2024-02-15.txt).
*   **National Association of Blacks in Criminal Justice (NABCJ) Anniversary:** The 50th Anniversary of the NABCJ is recognized as signifying decades of positive change and a commitment to criminal justice as a fundamental aspect of democracy. Its mission is to act upon the needs, concerns, and contributions of African Americans and other people of color regarding the administration of equal justice (uk_2023-07-14.txt).
*   **Veterans Legislation:** Veterans Day is used to advocate for current legislative proposals, including H.R. 232, the Real Justice for Our Veterans Act of 2023, which aims to prioritize veterans court treatment programs and ensure equal access for women, as well as racial and ethnic minorities who have served (uk_2023-11-09.txt).

**Framing Current Funding and Maintenance:**

*   **World War II Memorial Anniversary:** The commemoration is linked to current efforts led by Congresswoman Marcy Kaptur for the United States Mint's 2024 Greatest Generation Commemorative Coin program, which is intended to help fund the Memorial's maintenance and educational programs (uk_2024-05-28.txt)."
12/31/2025 21:12,In what ways do the speakers use historical commemorations such as Black History Month or the Pearl Harbor anniversary to frame current national security or social justice priorities?,fixed_660,dense,3,3,"uk_2025-05-23.txt, uk_2025-06-20.txt, us_2024-02-23.txt","chunks_660_output\uk_2025-05-23.txt_chunks\uk_2025-05-23_chunk_6.txt, chunks_660_output\uk_2025-06-20.txt_chunks\uk_2025-06-20_chunk_2.txt, chunks_660_output\us_2024-02-23.txt_chunks\us_2024-02-23_chunk_1.txt","[uk_2025-05-23.txt | uk_2025-05-23_chunk_6] Mr. Speaker, I rise today in recognition of Memorial Day, a time to  commemorate the valor and sacrifices of the brave men and women who  laid down their lives in service to our nation. To recall those who  enlisted in our armed forces and fought to preserve our American  liberties, values, and way
[uk_2025-06-20.txt | uk_2025-06-20_chunk_2] Mr. Speaker, after just four short years since  I proudly cast my vote to establish Juneteenth as a federal holiday  through the Juneteenth National Independence Day Act, the very history  that this day honors is now under attack by the current administration. While we mark Juneteenth with prayers a
[us_2024-02-23.txt | us_2024-02-23_chunk_1] COMMEMORATING BLACK HISTORY MONTH AND THE ERTEGUN BROTHERS; Congressional Record Vol. 170, No. 33    Date: 2024-02-23 Volume: 170, Issue: 33 Pages: E176 - E176 ================================================================================ [Extensions of Remarks] From the Congressional Record Onlin","Speakers use historical commemorations to frame current national security and social justice priorities in the following ways:

**Memorial Day (National Security/Values)**

*   Memorial Day is used to commemorate the valor and sacrifices of those who died in service, including those who fought in WWII (Normandy, Battle of Midway), Korea, Vietnam, and in the aftermath of 9/11 (uk_2025-05-23.txt).
*   The commemoration frames the current priority as owing the fallen ""gratitude, respect, and a promise to forever uphold the values for which they fought and died"" (uk_2025-05-23.txt).

**Juneteenth (Social Justice)**

*   Juneteenth, which commemorates June 19, 1865, when enslaved Black people in Texas were informed they were free, is used to confront the ""harsh and unsettling truth"" that the history it honors is ""under attack by the current administration"" (uk_2025-06-20.txt).
*   The speaker frames the commemoration as a call to action to resist the systemic loss of hard-fought gains, including the stripping of diversity, equity, and inclusion (DEI) from federal institutions, censoring school curriculums, and silencing conversations about true American history (uk_2025-06-20.txt).
*   The speaker specifically mentions resisting the Trump Administration's threat to Chicago Public Schools with the loss of over one billion dollars in federal funding for efforts to improve Black student success, teach Black history, and recruit teachers who reflect the students they teach (uk_2025-06-20.txt). The struggle for freedom is framed as ongoing, requiring a commitment to protecting the truth of the past and fighting for justice and equity in the present (uk_2025-06-20.txt).

**Black History Month (Social Justice/Cultural Diplomacy)**

*   Black History Month is used to recognize the contributions of African Americans, particularly their profound impact on the world of music, such as jazz (us_2024-02-23.txt).
*   The commemoration is used to emphasize the importance of continued collaboration and dialogue to build a more harmonious future (us_2024-02-23.txt).
*   The blending of Black history and jazz, coupled with the endeavors of entities like the Turkish Embassy and the Ertegun brothers, is presented as a powerful tribute to the transformative potential of cultural interchange and the unifying power of music (us_2024-02-23.txt)."
12/31/2025 21:12,In what ways do the speakers use historical commemorations such as Black History Month or the Pearl Harbor anniversary to frame current national security or social justice priorities?,fixed_660,dense,5,5,"uk_2024-02-23.txt, uk_2025-04-29.txt, uk_2025-05-23.txt, uk_2025-06-20.txt, us_2024-02-23.txt","chunks_660_output\uk_2024-02-23.txt_chunks\uk_2024-02-23_chunk_2.txt, chunks_660_output\uk_2025-04-29.txt_chunks\uk_2025-04-29_chunk_5.txt, chunks_660_output\uk_2025-05-23.txt_chunks\uk_2025-05-23_chunk_6.txt, chunks_660_output\uk_2025-06-20.txt_chunks\uk_2025-06-20_chunk_2.txt, chunks_660_output\us_2024-02-23.txt_chunks\us_2024-02-23_chunk_1.txt","[uk_2025-05-23.txt | uk_2025-05-23_chunk_6] Mr. Speaker, I rise today in recognition of Memorial Day, a time to  commemorate the valor and sacrifices of the brave men and women who  laid down their lives in service to our nation. To recall those who  enlisted in our armed forces and fought to preserve our American  liberties, values, and way
[uk_2025-06-20.txt | uk_2025-06-20_chunk_2] Mr. Speaker, after just four short years since  I proudly cast my vote to establish Juneteenth as a federal holiday  through the Juneteenth National Independence Day Act, the very history  that this day honors is now under attack by the current administration. While we mark Juneteenth with prayers a
[us_2024-02-23.txt | us_2024-02-23_chunk_1] COMMEMORATING BLACK HISTORY MONTH AND THE ERTEGUN BROTHERS; Congressional Record Vol. 170, No. 33    Date: 2024-02-23 Volume: 170, Issue: 33 Pages: E176 - E176 ================================================================================ [Extensions of Remarks] From the Congressional Record Onlin
[uk_2025-04-29.txt | uk_2025-04-29_chunk_5] From the Congressional Record Online through the Government Publishing Office [<a href='https://www.gpo.gov'>www.gpo.gov</a>]  PROCLAIMING THIS AND EVERY APRIL 29TH AS #ENDJEWHATRED DAY  HON. FREDERICA S. WILSON  Ms. WILSON of Florida. Mr. Speaker, I rise to include in the Record  the following Proc
[uk_2024-02-23.txt | uk_2024-02-23_chunk_2] In the 1960s, Atlantic Records, often in partnerships with local labels  like Stax Records in Memphis, helped to develop the growth of soul  music, with artists such as Ben E. King, Solomon Burke, Otis Redding,  Sam and Dave, Percy Sledge, Aretha Franklin, and Wilson Pickett. The Turkish Embassy's c","Speakers use historical commemorations to frame current national security and social justice priorities in the following ways:

### Framing National Security Priorities

**Memorial Day (uk_2025-05-23.txt)**
The commemoration of the valor and sacrifices of service members who fought in conflicts such as WWII (Normandy, Battle of Midway), Korea, Vietnam, and the aftermath of 9/11 is used to frame current national priorities:
*   **Cost of Freedom:** The speaker emphasizes that America is the world's superpower, but this freedom comes at a cost, including the lives of the nation's brightest and boldest (uk_2025-05-23.txt).
*   **Upholding Values:** The speaker states that the nation owes the fallen more than just remembrance; it owes them gratitude, respect, and a promise to forever uphold the values for which they fought and died (uk_2025-05-23.txt).

### Framing Social Justice Priorities

**Juneteenth (uk_2025-06-20.txt)**
Commemorating June 19, 1865, when enslaved Black people in Galveston, Texas, were informed they were free, is used to frame current struggles for equity and inclusion:
*   **Resisting Erasure of History:** The speaker uses Juneteenth to confront the ""harsh and unsettling truth"" that the history it honors is ""under attack by the current administration"" (uk_2025-06-20.txt).
*   **Fighting Systemic Losses:** The day is used as a call to action against the systemic losses of hard-fought gains, including the stripping of diversity, equity, and inclusion (DEI) from federal institutions, censoring school curriculums, and silencing conversations about the true history of America (uk_2025-06-20.txt).
*   **Defending Education:** The speaker highlights the threat posed by the Trump Administration to Chicago Public Schools, which faces the potential loss of over one billion dollars in federal funding for efforts to teach Black history, improve the success of Black students, reduce suspensions, and recruit teachers who reflect the students they teach (uk_2025-06-20.txt).
*   **Commitment to Justice:** The speaker commits to protecting the truth of the past, fighting for justice in the present, and building a future where every African American can learn their history, see their worth, and know they belong (uk_2025-06-20.txt).

**Black History Month (us_2024-02-23.txt, uk_2024-02-23.txt)**
This month, dedicated to recognizing the contributions and resilience of African Americans, is used to promote dialogue and cultural unity:
*   **Building a Harmonious Future:** Speakers encourage recognizing the importance of continued collaboration and dialogue to build a more harmonious future (us_2024-02-23.txt, uk_2024-02-23.txt).
*   **Unifying Power of Culture:** The blending of Black history and jazz is highlighted as a powerful tribute to the transformative potential of cultural interchange and the unifying power of music (us_2024-02-23.txt, uk_2024-02-23.txt).

**#EndJewHatred Day (uk_2025-04-29.txt)**
Proclaiming April 29th as #EndJewHatred Day, in recognition of the Jewish people's history of persecution and contributions, is used to address contemporary antisemitism:
*   **Confronting Current Hate:** The day is used to address the current reality of antisemitism and Jew-hatred, which manifests in various forms, from microaggressions to violent attacks (uk_2025-04-29.txt).
*   **Moral Obligation and Vigilance:** The speaker frames the current priority as a moral obligation to confront and reject Jew-hatred in all its forms, and to remain vigilant and proactive to ensure that the painful history of the past is not forgotten or repeated (uk_2025-04-29.txt).
*   **Reshaping Public Dialogue:** The movement seeks to reshape public dialogue and create a society where Jew-hatred is intolerable, empowering individuals to embrace their Jewish heritage without fear (uk_2025-04-29.txt)."
12/31/2025 21:12,In what ways do the speakers use historical commemorations such as Black History Month or the Pearl Harbor anniversary to frame current national security or social justice priorities?,fixed_660,dense,10,10,"uk_2024-02-23.txt, uk_2024-07-02.txt, uk_2025-04-29.txt, uk_2025-05-23.txt, uk_2025-06-20.txt, us_2023-07-14.txt, us_2023-09-12.txt, us_2023-12-11.txt, us_2024-02-23.txt, us_2024-05-14.txt","chunks_660_output\uk_2024-02-23.txt_chunks\uk_2024-02-23_chunk_2.txt, chunks_660_output\uk_2024-07-02.txt_chunks\uk_2024-07-02_chunk_9.txt, chunks_660_output\uk_2025-04-29.txt_chunks\uk_2025-04-29_chunk_5.txt, chunks_660_output\uk_2025-05-23.txt_chunks\uk_2025-05-23_chunk_6.txt, chunks_660_output\uk_2025-06-20.txt_chunks\uk_2025-06-20_chunk_2.txt, chunks_660_output\us_2023-07-14.txt_chunks\us_2023-07-14_chunk_2.txt, chunks_660_output\us_2023-09-12.txt_chunks\us_2023-09-12_chunk_5.txt, chunks_660_output\us_2023-12-11.txt_chunks\us_2023-12-11_chunk_8.txt, chunks_660_output\us_2024-02-23.txt_chunks\us_2024-02-23_chunk_1.txt, chunks_660_output\us_2024-05-14.txt_chunks\us_2024-05-14_chunk_5.txt","[uk_2025-05-23.txt | uk_2025-05-23_chunk_6] Mr. Speaker, I rise today in recognition of Memorial Day, a time to  commemorate the valor and sacrifices of the brave men and women who  laid down their lives in service to our nation. To recall those who  enlisted in our armed forces and fought to preserve our American  liberties, values, and way
[uk_2025-06-20.txt | uk_2025-06-20_chunk_2] Mr. Speaker, after just four short years since  I proudly cast my vote to establish Juneteenth as a federal holiday  through the Juneteenth National Independence Day Act, the very history  that this day honors is now under attack by the current administration. While we mark Juneteenth with prayers a
[us_2024-02-23.txt | us_2024-02-23_chunk_1] COMMEMORATING BLACK HISTORY MONTH AND THE ERTEGUN BROTHERS; Congressional Record Vol. 170, No. 33    Date: 2024-02-23 Volume: 170, Issue: 33 Pages: E176 - E176 ================================================================================ [Extensions of Remarks] From the Congressional Record Onlin
[uk_2025-04-29.txt | uk_2025-04-29_chunk_5] From the Congressional Record Online through the Government Publishing Office [<a href='https://www.gpo.gov'>www.gpo.gov</a>]  PROCLAIMING THIS AND EVERY APRIL 29TH AS #ENDJEWHATRED DAY  HON. FREDERICA S. WILSON  Ms. WILSON of Florida. Mr. Speaker, I rise to include in the Record  the following Proc
[uk_2024-02-23.txt | uk_2024-02-23_chunk_2] In the 1960s, Atlantic Records, often in partnerships with local labels  like Stax Records in Memphis, helped to develop the growth of soul  music, with artists such as Ben E. King, Solomon Burke, Otis Redding,  Sam and Dave, Percy Sledge, Aretha Franklin, and Wilson Pickett. The Turkish Embassy's c
[us_2023-07-14.txt | us_2023-07-14_chunk_2] Mr. Speaker, I rise today to honor and recognize the National Association of Blacks in Criminal Justice (NABCJ) on their 50th Anniversary. The mission of the National Association of Blacks in Criminal Justice is to act upon the needs, concerns, and contributions of African Americans and other people
[uk_2024-07-02.txt | uk_2024-07-02_chunk_9] His service in the South Pacific  during World War II, and particularly in his role aboard the USS  Sarasota, stands as a testament to his sense of service. During his service, Stan participated in critical operations  throughout the war. Stan aided in disaster relief after the explosion  of the USS
[us_2024-05-14.txt | us_2024-05-14_chunk_5] IMPORTANCE OF ACTION AND ADVOCACY FOR BLACK MENTAL HEALTH; Congressional Record Vol. 170, No. 83    Date: 2024-05-14 Volume: 170, Issue: 83 Pages: E495 - E495 ================================================================================ [Extensions of Remarks] From the Congressional Record Online
[us_2023-12-11.txt | us_2023-12-11_chunk_8] I'd like to wish Bill and the IMMM all the best in their future endeavors. ____________________ REMARKS BY THE HONORABLE VENTRIS C. GIBSON UNITED STATES MINT DIRECTOR, GREATEST GENERATION COMMEMORATIVE COIN DESIGN DISPLAY; Congressional Record Vol. 169, No. 203    Date: 2023-12-11 Volume: 169, Issue
[us_2023-09-12.txt | us_2023-09-12_chunk_5] Security is not only about reducing lives lost and costs. It is also about safeguarding the institutions, freedoms and values that anchor our country, not only for ourselves but for future generations. The social compact between government and the people should not be the result of a series of hosta","Speakers use historical commemorations to frame current national security and social justice priorities in several ways:

**1. Framing National Security and Duty (Memorial Day / WWII):**

*   **Upholding Values and Sacrifice:** Memorial Day is used to commemorate the valor and sacrifices of service members who fought in conflicts like WWII, Korea, Vietnam, and the aftermath of 9/11, framing their actions as necessary to preserve ""American liberties, values, and way of life"" (uk_2025-05-23.txt). The current priority is defined as owing these heroes ""gratitude, respect, and a promise to forever uphold the values for which they fought and died"" (uk_2025-05-23.txt).
*   **Promoting National Unity:** The Greatest Generation Commemorative Coin Program, honoring WWII service, is presented as a ""timeless reminder of the moral strength and power that flows when free people are at once united and bonded together in a common and just cause for liberty"" (us_2023-12-11.txt).

**2. Framing Social Justice and Equity (Juneteenth / Black History Month / Civil Rights History):**

*   **Fighting Historical Erasure:** Juneteenth, which commemorates the day enslaved Black people in Texas were informed of their freedom in 1865, is used to confront the ""harsh and unsettling truth"" that African American history is currently ""under attack by the current administration"" (uk_2025-06-20.txt). The historical context is used to frame the current priority of resisting the stripping of diversity, equity, and inclusion, and fighting against the banning of books and censoring of lessons (uk_2025-06-20.txt).
*   **Addressing Systemic Racism:** The history commemorated by Juneteenth is linked directly to the ongoing fight for justice and equity in the face of ""deep-rooted, systemic racism"" across areas like education, economic security, and the criminal justice system (uk_2025-06-20.txt).
*   **Promoting Cultural Understanding:** Black History Month is used to celebrate the contributions and resilience of the Black community, particularly their profound impact on music like jazz (us_2024-02-23.txt). This history is used to emphasize the importance of ""continued collaboration and dialogue to build a more harmonious future"" and recognize the unifying power of cultural interchange (us_2024-02-23.txt, uk_2024-02-23.txt).
*   **Advocating for Mental Health:** The historical and ongoing effects of racism and racial trauma are cited as complex barriers to mental wellness for Black Americans. This history is used to call for current ""advocacy, awareness, and action"" to dismantle systemic barriers and ensure mental health is upheld as a right (us_2024-05-14.txt).
*   **Defending Voting Rights:** The passage of the Voting Rights Act of 1965 is recognized as a ""crucial benchmark of progress and inclusion"" (uk_2024-07-02.txt). This historical achievement is used to frame the current priority of defending the right to vote, which is described as being ""at the heart of American democracy"" (uk_2024-07-02.txt).
*   **Advancing Equal Justice:** The 50th Anniversary of the National Association of Blacks in Criminal Justice (NABCJ) is recognized as signifying decades of positive change and a commitment to criminal justice. This history is used to highlight the ongoing mission to act upon the needs of African Americans and other people of color as they relate to the administration of equal justice (us_2023-07-14.txt).

**3. Confronting Bigotry (#EndJewHatred Day):**

*   **Rejecting Persecution:** The history of the Jewish people sustaining their identity despite centuries of ""enslavement, persecution, genocide, segregation and discrimination"" is used to frame the current moral obligation to confront and reject antisemitism and Jew-hatred (uk_2025-04-29.txt). Proclaiming #EndJewHatred Day is intended to empower collective action to ensure that the painful history of the past is not forgotten or repeated (uk_2025-04-29.txt)."
12/31/2025 21:13,In what ways do the speakers use historical commemorations such as Black History Month or the Pearl Harbor anniversary to frame current national security or social justice priorities?,hierarchical,bm25,3,3,"us_2023-07-14.txt, us_2023-12-07.txt, us_2025-06-20.txt","hierarchical_chunks\us_2023-07-14.txt_chunks\us_2023-07-14_chunk_7.txt, hierarchical_chunks\us_2023-12-07.txt_chunks\us_2023-12-07_chunk_33.txt, hierarchical_chunks\us_2025-06-20.txt_chunks\us_2025-06-20_chunk_6.txt","[us_2023-12-07.txt | us_2023-12-07_chunk_33] Mr. NEAL. Mr. Speaker, I rise today to honor a remarkable veteran, an esteemed member of our community in western Massachusetts, and a national hero. Born and raised in Holyoke, Massachusetts, Harry L. Chandler is one of the few remaining members of the Greatest Generation. Now 102 years old, Harry
[us_2025-06-20.txt | us_2025-06-20_chunk_6] through the Juneteenth National Independence Day Act, the very history that this day honors is now under attack by the current administration. While we mark Juneteenth with prayers and proclamations, we must also confront a harsh and unsettling truth: the significance of this day and African America
[us_2023-07-14.txt | us_2023-07-14_chunk_7] Mr. SCOTT. Mr. Speaker, I rise today to honor and recognize the National Association of Blacks in Criminal Justice (NABCJ) on their 50th Anniversary. The mission of the National Association of Blacks in Criminal Justice is to act upon the needs, concerns, and contributions of African Americans and o","Speakers use historical commemorations to frame current priorities in the following ways:

**Regarding the Pearl Harbor Anniversary (National Heroism and Commitment):**

The commemoration of the Pearl Harbor attack is used to honor veterans, such as Harry L. Chandler, as a ""national hero"" and a ""living testament to the bravery of those who served alongside him"" (us_2023-12-07.txt). This frames the event as a reminder of courage and commitment to the country (us_2023-12-07.txt).

**Regarding Juneteenth and African American History (Social Justice Priorities):**

The commemoration of Juneteenth (June 19, 1865) is used to frame current social justice priorities by highlighting that the history this day honors is ""under attack"" and ""being erased"" (us_2025-06-20.txt). The speaker uses this historical context to call attention to ongoing struggles and resistance:

*   **Fighting Erasure and Censorship:** The speaker links the historical delay of freedom to current efforts to strip diversity, equity, and inclusion (DEI) from federal institutions, censor school curriculums, silence conversations about true history, ban books, and eliminate honest conversations about race (us_2025-06-20.txt).
*   **Protecting Education:** The speaker notes that the Trump Administration threatens Chicago Public Schools with the loss of federal funding due to their efforts to teach Black history, improve the success of Black students, reduce suspensions, and recruit teachers who reflect the students they teach (us_2025-06-20.txt).
*   **Call to Action:** The commemoration is framed as a ""day of truth"" and a ""call to action"" to protect the truth of the past, fight for justice in the present, and build a future where African Americans can learn their history and know they belong (us_2025-06-20.txt).

**Regarding the 50th Anniversary of the National Association of Blacks in Criminal Justice (Equal Justice):**

The 50th Anniversary of the National Association of Blacks in Criminal Justice (NABCJ) is used to frame the priority of achieving ""equal justice"" for African Americans and other people of color (us_2023-07-14.txt). This commemoration highlights the commitment to improving law enforcement and the criminal justice system through evidence-based policies (us_2023-07-14.txt). The speaker notes that the organization's history of advancing justice signifies decades of positive change and supports current efforts, such as the Youth Prison Reduction through Mentoring, Intervention, Support and Education (Youth PROMISE) Act (us_2023-07-14.txt)."
12/31/2025 21:13,In what ways do the speakers use historical commemorations such as Black History Month or the Pearl Harbor anniversary to frame current national security or social justice priorities?,hierarchical,bm25,5,5,"us_2023-07-14.txt, us_2023-12-07.txt, us_2025-06-10.txt, us_2025-06-20.txt, us_2025-06-26.txt","hierarchical_chunks\us_2023-07-14.txt_chunks\us_2023-07-14_chunk_7.txt, hierarchical_chunks\us_2023-12-07.txt_chunks\us_2023-12-07_chunk_33.txt, hierarchical_chunks\us_2025-06-10.txt_chunks\us_2025-06-10_chunk_10.txt, hierarchical_chunks\us_2025-06-20.txt_chunks\us_2025-06-20_chunk_6.txt, hierarchical_chunks\us_2025-06-26.txt_chunks\us_2025-06-26_chunk_18.txt","[us_2023-12-07.txt | us_2023-12-07_chunk_33] Mr. NEAL. Mr. Speaker, I rise today to honor a remarkable veteran, an esteemed member of our community in western Massachusetts, and a national hero. Born and raised in Holyoke, Massachusetts, Harry L. Chandler is one of the few remaining members of the Greatest Generation. Now 102 years old, Harry
[us_2025-06-20.txt | us_2025-06-20_chunk_6] through the Juneteenth National Independence Day Act, the very history that this day honors is now under attack by the current administration. While we mark Juneteenth with prayers and proclamations, we must also confront a harsh and unsettling truth: the significance of this day and African America
[us_2023-07-14.txt | us_2023-07-14_chunk_7] Mr. SCOTT. Mr. Speaker, I rise today to honor and recognize the National Association of Blacks in Criminal Justice (NABCJ) on their 50th Anniversary. The mission of the National Association of Blacks in Criminal Justice is to act upon the needs, concerns, and contributions of African Americans and o
[us_2025-06-26.txt | us_2025-06-26_chunk_18] Mr. CARSON. Mr. Speaker, I rise today to introduce my resolution recognizing National Caribbean American Heritage Month. Caribbean Americans have enriched our nation through their contributions in the arts, sciences, education, business, sports, military, and government. Since before our nation's fo
[us_2025-06-10.txt | us_2025-06-10_chunk_10] Mr. NUNN. Mr. Speaker, I rise today to recognize Lieutenant Colonel Daniel Blackledge for his more than two decades of service in the United States Air Force. A graduate of the U.S. Air Force Academy and a proud leader within the intelligence community, Lt. Col. Blackledge has represented our Nation","Speakers use historical commemorations and recognitions to frame current national security and social justice priorities in the following ways:

### Framing Social Justice and Racial Equity Priorities

1.  **Juneteenth and the Fight Against Historical Erasure:** The commemoration of Juneteenth (June 19, 1865) is used to frame the current priority of defending African American history and fighting systemic racism. The speaker argues that the significance of this day is being erased by the current administration through the stripping of diversity, equity, and inclusion (DEI) from federal institutions, censoring school curriculums, and silencing conversations about true history (us_2025-06-20.txt). The commemoration is presented as a ""call to action"" to protect the truth of the past and fight for justice in the present (us_2025-06-20.txt).
2.  **Defending Education and Funding:** The historical context of Juneteenth is used to highlight current threats, specifically mentioning the Trump Administration threatening Chicago Public Schools with the loss of over one billion dollars in federal funding for efforts to teach Black history, improve success, reduce suspensions of Black students, and recruit diverse teachers (us_2025-06-20.txt).
3.  **Advancing Equal Justice:** The 50th Anniversary of the National Association of Blacks in Criminal Justice (NABCJ) and the engagement of the 400 Years African American History Commission are used to frame the priority of achieving ""equal justice"" for African Americans and other people of color (us_2023-07-14.txt). This history supports the need for evidence-based strategies to improve law enforcement and the criminal justice system, such as the Youth Prison Reduction through Mentoring, Intervention, Support and Education (Youth PROMISE) Act and provisions in the Justice Reform Act of 2018 (us_2023-07-14.txt).
4.  **Recognizing Cultural Contributions:** National Caribbean American Heritage Month is recognized to emphasize the need for Congress to acknowledge the ""invaluable contributions"" of Caribbean Americans—including those in the military and government—to the nation's history and their role in shaping the future (us_2025-06-26.txt).

### Framing National Security Priorities

1.  **Honoring Military Courage and Commitment (Pearl Harbor):** The return of veteran Harry L. Chandler to Pearl Harbor to commemorate the attack on December 7, 1941, is used to frame the importance of honoring the ""Greatest Generation"" and remembering national sacrifice (us_2023-12-07.txt). Harry's actions rescuing fellow sailors are presented as a ""living testament to the bravery of those who served"" and a ""stark reminder"" of courage and commitment to the country (us_2023-12-07.txt).
2.  **Highlighting Strategic Readiness:** The recognition of Lieutenant Colonel Daniel Blackledge's two decades of service in the U.S. Air Force is used to emphasize the importance of national security, strategic readiness, and the capabilities of the intelligence community. His work is noted for helping shape national policy and defense priorities, particularly concerning intelligence gathering, communications, and battlefield awareness (us_2025-06-10.txt)."
12/31/2025 21:13,In what ways do the speakers use historical commemorations such as Black History Month or the Pearl Harbor anniversary to frame current national security or social justice priorities?,hierarchical,bm25,10,10,"UK_debates2024-11-20.txt, us_2023-07-14.txt, us_2023-12-07.txt, us_2024-04-12.txt, us_2024-05-28.txt, us_2024-09-09.txt, us_2025-06-09.txt, us_2025-06-10.txt, us_2025-06-20.txt, us_2025-06-26.txt","hierarchical_chunks\UK_debates2024-11-20.txt_chunks\UK_debates2024-11-20_chunk_9.txt, hierarchical_chunks\us_2023-07-14.txt_chunks\us_2023-07-14_chunk_7.txt, hierarchical_chunks\us_2023-12-07.txt_chunks\us_2023-12-07_chunk_33.txt, hierarchical_chunks\us_2024-04-12.txt_chunks\us_2024-04-12_chunk_23.txt, hierarchical_chunks\us_2024-05-28.txt_chunks\us_2024-05-28_chunk_5.txt, hierarchical_chunks\us_2024-09-09.txt_chunks\us_2024-09-09_chunk_6.txt, hierarchical_chunks\us_2025-06-09.txt_chunks\us_2025-06-09_chunk_19.txt, hierarchical_chunks\us_2025-06-10.txt_chunks\us_2025-06-10_chunk_10.txt, hierarchical_chunks\us_2025-06-20.txt_chunks\us_2025-06-20_chunk_6.txt, hierarchical_chunks\us_2025-06-26.txt_chunks\us_2025-06-26_chunk_18.txt","[us_2023-12-07.txt | us_2023-12-07_chunk_33] Mr. NEAL. Mr. Speaker, I rise today to honor a remarkable veteran, an esteemed member of our community in western Massachusetts, and a national hero. Born and raised in Holyoke, Massachusetts, Harry L. Chandler is one of the few remaining members of the Greatest Generation. Now 102 years old, Harry
[us_2025-06-20.txt | us_2025-06-20_chunk_6] through the Juneteenth National Independence Day Act, the very history that this day honors is now under attack by the current administration. While we mark Juneteenth with prayers and proclamations, we must also confront a harsh and unsettling truth: the significance of this day and African America
[us_2023-07-14.txt | us_2023-07-14_chunk_7] Mr. SCOTT. Mr. Speaker, I rise today to honor and recognize the National Association of Blacks in Criminal Justice (NABCJ) on their 50th Anniversary. The mission of the National Association of Blacks in Criminal Justice is to act upon the needs, concerns, and contributions of African Americans and o
[us_2025-06-26.txt | us_2025-06-26_chunk_18] Mr. CARSON. Mr. Speaker, I rise today to introduce my resolution recognizing National Caribbean American Heritage Month. Caribbean Americans have enriched our nation through their contributions in the arts, sciences, education, business, sports, military, and government. Since before our nation's fo
[us_2025-06-10.txt | us_2025-06-10_chunk_10] Mr. NUNN. Mr. Speaker, I rise today to recognize Lieutenant Colonel Daniel Blackledge for his more than two decades of service in the United States Air Force. A graduate of the U.S. Air Force Academy and a proud leader within the intelligence community, Lt. Col. Blackledge has represented our Nation
[us_2025-06-09.txt | us_2025-06-09_chunk_19] Mr. AMO. Mr. Speaker, with admiration and appreciation, I wish to recognize the 100th anniversary of the Rhode Island State Police. For a century, these tireless men and women in uniform have traveled the highways and byways of our state to ensure the safety of our communities. They have lived up to
[us_2024-04-12.txt | us_2024-04-12_chunk_23] Ms. NORTON. Mr. Speaker, today, on the anniversary of the week of the start of the Civil War, I introduce the Civil War Defenses of Washington National Historical Park Act, which would recognize and preserve the Civil War Defenses of Washington located in the District of Columbia, Virginia and Maryl
[us_2024-09-09.txt | us_2024-09-09_chunk_6] Ms. WILLIAMS. Mr. Speaker, as students return to school for the upcoming school year, I rise today to recognize the 100th Anniversary of the opening of Booker T. Washington High School in Georgia's Fighting Fifth Congressional District. In September 1924, the opening of Booker T. Washington High Sch
[UK_debates2024-11-20.txt | UK_debates2024-11-20_chunk_9] The Minister will be aware that there is a strong link between communications technology and the roll-out of smart meter technology in areas in the north of Scotland that are suffering from cold weather. Particularly at the moment, connectivity is really important for such alternative technologies t
[us_2024-05-28.txt | us_2024-05-28_chunk_5] Good Morning. As I was listening to the beautiful music, I was reminded of one of my constituents whose name was John Szymanski, used to look out over a crowd like this and say, ``You look just beautiful.'' And you do. Dear Americans and guests, respectfully, on this Memorial Day of 2024, we gather","Speakers use historical commemorations to frame current national security and social justice priorities in the following ways:

### Framing Social Justice Priorities

Speakers use commemorations related to African American history, such as Juneteenth and the anniversary of the National Association of Blacks in Criminal Justice (NABCJ), to highlight ongoing struggles for equality and to resist efforts to diminish this history:

*   **Defending History and Equity (Juneteenth):** The history honored by Juneteenth (commemorating June 19, 1865) is framed as being ""under attack"" by the current administration (Source: us_2025-06-20.txt). This commemoration is used as a platform to confront the ""systemic losses of our hard-fought gains,"" including the stripping of diversity, equity, and inclusion (DEI) from federal institutions, censoring school curriculums, and silencing conversations about true history (Source: us_2025-06-20.txt).
*   **Resisting Funding Threats:** The speaker uses the context of Juneteenth to mention that the Trump Administration threatens Chicago Public Schools with the loss of over one billion dollars in federal funding due to the schools' efforts to improve the success and reduce suspensions of Black students, teach Black history, and recruit teachers who reflect the students they teach (Source: us_2025-06-20.txt).
*   **Call to Action:** Juneteenth is presented not just as a day off, but as a ""day of truth"" and a call to action to fight for justice in the present and build a future where every African American can learn their history (Source: us_2025-06-20.txt).
*   **Criminal Justice Reform:** The 50th Anniversary of the NABCJ is recognized for its mission to advance equal justice for African Americans and other people of color. This history is linked to current priorities of improving law enforcement and the criminal justice system through evidence-based policies, such as supporting the Youth Prison Reduction through Mentoring, Intervention, Support and Education (Youth PROMISE) Act (Source: us_2023-07-14.txt).
*   **Military Equality:** During Memorial Day commemorations, speakers recall the history of military integration (post-World War II in 1948) and use the service of African American foot soldiers and Tuskegee airmen to proclaim that ""Liberty has no color"" (Source: us_2024-05-28.txt).

### Framing National Security Priorities

The Pearl Harbor anniversary and Memorial Day are used to honor military service and commitment to national defense:

*   **Honoring Commitment and Courage (Pearl Harbor):** The return of veteran Harry L. Chandler to Pearl Harbor to commemorate the December 7, 1941, attack is used to honor the ""Greatest Generation"" and serve as a ""living testament to the bravery of those who served"" (Source: us_2023-12-07.txt).
*   **Recalling Defense of Liberty (Memorial Day):** Memorial Day is used to honor the memory of all Americans who died in military service to Liberty, recalling the victory of Liberty over tyranny achieved during World War II (Source: us_2024-05-28.txt)."
12/31/2025 21:13,In what ways do the speakers use historical commemorations such as Black History Month or the Pearl Harbor anniversary to frame current national security or social justice priorities?,hierarchical,dense,3,3,"us_2025-04-30.txt, us_2025-05-08.txt, us_2025-05-23.txt","hierarchical_chunks\us_2025-04-30.txt_chunks\us_2025-04-30_chunk_30.txt, hierarchical_chunks\us_2025-05-08.txt_chunks\us_2025-05-08_chunk_3.txt, hierarchical_chunks\us_2025-05-23.txt_chunks\us_2025-05-23_chunk_30.txt","[us_2025-05-08.txt | us_2025-05-08_chunk_3] Mr. FROST. Mr. Speaker, Black History is American History. The annual observance of Black History Month is more than a chronological account of our past, it is that of our present and our future. It's about the joy, the culture, the resistance, the fight, and how far Black Americans have come in thi
[us_2025-05-23.txt | us_2025-05-23_chunk_30] Mr. Speaker, I rise today in recognition of Memorial Day, a time to commemorate the valor and sacrifices of the brave men and women who laid down their lives in service to our nation. To recall those who enlisted in our armed forces and fought to preserve our American liberties, values, and way of l
[us_2025-04-30.txt | us_2025-04-30_chunk_30] Mr. Speaker, I ask my colleagues to join me in honoring this history, paying tribute to the lives lost and forever changed, and reaffirming our commitment to the universal values of freedom, democracy, and human dignity.","Speakers use historical commemorations to frame current priorities in the following ways:

**Social Justice Priorities (Black History Month):**
Mr. FROST uses the annual observance of Black History Month to frame current social justice priorities by stating that celebrating Black communities and history is important ""in times like this where values of diversity, equity and inclusion are under attack"" (us_2025-05-08.txt). He frames the path forward as moving in the steps of ""joy and resistance"" (us_2025-05-08.txt).

**National Security and Duty Priorities (Memorial Day and Military History):**
The speaker uses Memorial Day to commemorate the sacrifices of men and women who fought to preserve American liberties, values, and way of life (us_2025-05-23.txt). This history, which includes conflicts like WWII, Korea, Vietnam, and the aftermath of 9/11, is used to frame the current priority of duty (us_2025-05-23.txt). The speaker emphasizes that freedom comes at a cost and quotes Navy veteran Jack Crawford regarding the ""consciousness of duty faithfully performed"" (us_2025-05-23.txt). Duty is described as the ""motto, way of life and heartfelt song"" of service members who constantly put their lives on the line for freedoms (us_2025-05-23.txt).

**Universal Values:**
A speaker also links honoring history and paying tribute to lives lost with reaffirming commitment to the ""universal values of freedom, democracy, and human dignity"" (us_2025-04-30.txt).

*Note: The provided documents do not mention the Pearl Harbor anniversary.*"
12/31/2025 21:13,In what ways do the speakers use historical commemorations such as Black History Month or the Pearl Harbor anniversary to frame current national security or social justice priorities?,hierarchical,dense,5,5,"us_2024-02-07.txt, us_2024-07-05.txt, us_2025-04-30.txt, us_2025-05-08.txt, us_2025-05-23.txt","hierarchical_chunks\us_2024-02-07.txt_chunks\us_2024-02-07_chunk_29.txt, hierarchical_chunks\us_2024-07-05.txt_chunks\us_2024-07-05_chunk_3.txt, hierarchical_chunks\us_2025-04-30.txt_chunks\us_2025-04-30_chunk_30.txt, hierarchical_chunks\us_2025-05-08.txt_chunks\us_2025-05-08_chunk_3.txt, hierarchical_chunks\us_2025-05-23.txt_chunks\us_2025-05-23_chunk_30.txt","[us_2025-05-08.txt | us_2025-05-08_chunk_3] Mr. FROST. Mr. Speaker, Black History is American History. The annual observance of Black History Month is more than a chronological account of our past, it is that of our present and our future. It's about the joy, the culture, the resistance, the fight, and how far Black Americans have come in thi
[us_2025-05-23.txt | us_2025-05-23_chunk_30] Mr. Speaker, I rise today in recognition of Memorial Day, a time to commemorate the valor and sacrifices of the brave men and women who laid down their lives in service to our nation. To recall those who enlisted in our armed forces and fought to preserve our American liberties, values, and way of l
[us_2025-04-30.txt | us_2025-04-30_chunk_30] Mr. Speaker, I ask my colleagues to join me in honoring this history, paying tribute to the lives lost and forever changed, and reaffirming our commitment to the universal values of freedom, democracy, and human dignity.
[us_2024-02-07.txt | us_2024-02-07_chunk_29] Mr. Speaker, I urge my colleagues to join me in somber remembrance of Black January and the lives tragically lost during this saddening event. I also urge my colleagues to join me in strong condemnation of the evils of communism, as well as in recognition of the stalwart friendship between the Unite
[us_2024-07-05.txt | us_2024-07-05_chunk_3] Ms. JACKSON LEE. Mr. Speaker, each July 4th we have an opportunity to pause and reflect upon our past and celebrate our future for what we as a Nation have accomplished. Today, we can celebrate that over the nearly two and a half centuries we have conquered the crucibles faced: from the civil war, g","Speakers use historical commemorations to frame current national security and social justice priorities in several ways:

**Framing Social Justice and Resistance:**

*   **Black History Month:** The annual observance of Black History Month is framed as being relevant to the present and future, not just the past. Mr. FROST uses this commemoration to emphasize the importance of celebrating Black communities and history, especially ""in times like this where values of diversity, equity and inclusion are under attack."" He connects it to moving forward ""in the steps of joy and resistance"" (us\_2025-05-08.txt).

**Framing National Security and Duty:**

*   **Memorial Day:** This observance is used to commemorate the sacrifices of service members who fought to ""preserve our American liberties, values, and way of life."" Historical conflicts (WWII, Korea, Vietnam, and the aftermath of 9/11) are recalled to emphasize that American freedom ""comes at a cost."" The speaker uses the occasion to reflect on the concept of ""duty,"" which is described as the ""motto, way of life and heartfelt song"" of service members who constantly put their lives on the line for freedoms (us\_2025-05-23.txt).
*   **Black January:** The somber remembrance of Black January is used to urge colleagues to join in the ""strong condemnation of the evils of communism,"" as well as in recognition of the friendship between the United States and ""the Republic"" (us\_2024-02-07.txt).

**Framing Democracy and Universal Values:**

*   **July 4th:** This celebration is used to reflect on the nation's past accomplishments in conquering ""crucibles"" such as the civil war, global conflicts, pandemics, and the assault on the Capitol. Ms. JACKSON LEE frames the success of democracy and the means provided to the people to shape the future as being dependent on the ""ballot box,"" referencing Martin Luther King's speech on the power of the vote (us\_2024-07-05.txt).
*   **General Historical Honoring:** Honoring history and paying tribute to lives lost is linked to reaffirming commitment to the ""universal values of freedom, democracy, and human dignity"" (us\_2025-04-30.txt)."
12/31/2025 21:13,In what ways do the speakers use historical commemorations such as Black History Month or the Pearl Harbor anniversary to frame current national security or social justice priorities?,hierarchical,dense,10,10,"us_2024-02-07.txt, us_2024-02-28.txt, us_2024-07-05.txt, us_2024-09-17.txt, us_2024-11-01.txt, us_2025-04-30.txt, us_2025-05-08.txt, us_2025-05-21.txt, us_2025-05-23.txt","hierarchical_chunks\us_2024-02-07.txt_chunks\us_2024-02-07_chunk_29.txt, hierarchical_chunks\us_2024-02-28.txt_chunks\us_2024-02-28_chunk_28.txt, hierarchical_chunks\us_2024-07-05.txt_chunks\us_2024-07-05_chunk_3.txt, hierarchical_chunks\us_2024-09-17.txt_chunks\us_2024-09-17_chunk_9.txt, hierarchical_chunks\us_2024-11-01.txt_chunks\us_2024-11-01_chunk_28.txt, hierarchical_chunks\us_2025-04-30.txt_chunks\us_2025-04-30_chunk_30.txt, hierarchical_chunks\us_2025-05-08.txt_chunks\us_2025-05-08_chunk_3.txt, hierarchical_chunks\us_2025-05-21.txt_chunks\us_2025-05-21_chunk_5.txt, hierarchical_chunks\us_2025-05-23.txt_chunks\us_2025-05-23_chunk_30.txt, hierarchical_chunks\us_2025-05-23.txt_chunks\us_2025-05-23_chunk_31.txt","[us_2025-05-08.txt | us_2025-05-08_chunk_3] Mr. FROST. Mr. Speaker, Black History is American History. The annual observance of Black History Month is more than a chronological account of our past, it is that of our present and our future. It's about the joy, the culture, the resistance, the fight, and how far Black Americans have come in thi
[us_2025-05-23.txt | us_2025-05-23_chunk_30] Mr. Speaker, I rise today in recognition of Memorial Day, a time to commemorate the valor and sacrifices of the brave men and women who laid down their lives in service to our nation. To recall those who enlisted in our armed forces and fought to preserve our American liberties, values, and way of l
[us_2025-04-30.txt | us_2025-04-30_chunk_30] Mr. Speaker, I ask my colleagues to join me in honoring this history, paying tribute to the lives lost and forever changed, and reaffirming our commitment to the universal values of freedom, democracy, and human dignity.
[us_2024-02-07.txt | us_2024-02-07_chunk_29] Mr. Speaker, I urge my colleagues to join me in somber remembrance of Black January and the lives tragically lost during this saddening event. I also urge my colleagues to join me in strong condemnation of the evils of communism, as well as in recognition of the stalwart friendship between the Unite
[us_2024-07-05.txt | us_2024-07-05_chunk_3] Ms. JACKSON LEE. Mr. Speaker, each July 4th we have an opportunity to pause and reflect upon our past and celebrate our future for what we as a Nation have accomplished. Today, we can celebrate that over the nearly two and a half centuries we have conquered the crucibles faced: from the civil war, g
[us_2024-11-01.txt | us_2024-11-01_chunk_28] Mr. Speaker, I ask that you and my distinguished colleagues join me as we pay tribute to such a treasure to our community. I pledge to continue to carry out her tradition of provoking thought and feeling for all who have lost their way or simply need to be reminded of who we are, what we come from,
[us_2024-02-28.txt | us_2024-02-28_chunk_28] Mr. Speaker, even in the darkest hour of our civilization, courageous truth tellers like Ben Cooper refuse to be silenced by fear or indifference. Ben's impact on our nation's citizens is immeasurable, and scores of young citizens will remember his stories and examples. Regrettably understanding the
[us_2024-09-17.txt | us_2024-09-17_chunk_9] Mr. Speaker, I ask my colleagues to join me in celebrating Constitution Week and recognizing the Daughters of the American Revolution and the Children of the American Revolution for their remarkable achievements and their continued commitment to educating the American people about the United States
[us_2025-05-21.txt | us_2025-05-21_chunk_5] Mr. LANGWORTHY. Mr. Speaker, I rise today in solemn remembrance of those brave men and women who gave the ultimate sacrifice in defense of the United States. On behalf of the United States Congress, and the constituents of the 23rd Congressional District, I am proud to recognize our brave service me
[us_2025-05-23.txt | us_2025-05-23_chunk_31] Mr. Speaker, the men and women who have given their lives in service to this nation are--irrevocably--heroes. When their country called, they answered. No matter how they found their way to service, each took it upon him or herself to serve faithfully and to their fullest, while giving their last me","Speakers use historical commemorations to frame current national security and social justice priorities in several ways:

**Framing Social Justice and Inclusion:**

*   **Black History Month:** The annual observance is used to frame current social justice priorities by noting that celebrating Black communities and history is important ""especially now, in times like this where values of diversity, equity and inclusion are under attack"" (us_2025-05-08.txt). The speaker encourages moving forward in the ""steps of joy and resistance"" (us_2025-05-08.txt).
*   **July 4th and the March on Washington:** Reflection on the nation's past struggles (including the Civil War, global conflicts, and the assault on the Capitol) is used to emphasize the success of democracy and the power of the ballot box to shape the nation's present and future (us_2024-07-05.txt). Martin Luther King's Speech at the March on Washington is cited to explain the power of the vote to empower ""We The People"" (us_2024-07-05.txt).

**Framing National Security and Values:**

*   **Memorial Day and Military Service:** This commemoration is used to reflect on the cost of freedom and the sacrifices made by service members in conflicts like WWII, Korea, Vietnam, and the aftermath of 9/11 (us_2025-05-23.txt). These sacrifices are linked to preserving ""American liberties, values, and way of life"" (us_2025-05-23.txt) and upholding the nation's founding promise of ""life, liberty, and the pursuit of happiness"" (us_2025-05-21.txt). The colors of the American flag are also framed in terms of current values: blue stands for ""vigilance and justice,"" and white reflects the nation's ideals and ""purity defending our rights"" (us_2025-05-21.txt).
*   **Black January:** The remembrance of Black January is used to urge the ""strong condemnation of the evils of communism"" and recognize the ""stalwart friendship between the United States and the Republic"" (us_2024-02-07.txt).
*   **Nazi Barbarism:** The story of Ben Cooper and the history of Nazi barbarism are highlighted, with the speaker stating that understanding the savagery of Nazi barbarism ""is of critical importance in the world we live in today"" (us_2024-02-28.txt).
*   **General Historical Reflection:** Honoring history and lives lost is used to reaffirm commitment to the ""universal values of freedom, democracy, and human dignity"" (us_2025-04-30.txt)."
12/31/2025 21:14,"How is the Palestinian-Israeli conflict discussed through the perspective of the author Raja Shehadeh, and what ethical arguments are presented regarding Israel’s integration into the Middle East versus a Western orientation?",fixed_660,bm25,3,3,uk_2024-09-17.txt,"chunks_660_output\uk_2024-09-17.txt_chunks\uk_2024-09-17_chunk_7.txt, chunks_660_output\uk_2024-09-17.txt_chunks\uk_2024-09-17_chunk_8.txt, chunks_660_output\uk_2024-09-17.txt_chunks\uk_2024-09-17_chunk_9.txt","[uk_2024-09-17.txt | uk_2024-09-17_chunk_8] New York: Other Press. 2024,  Shehadeh, clearly a Palestinian patriot who was born in 1951  in the West Bank town of Ramallah, offers us a concise packed  yet imbalanced perspective on the long and agonizing  Palestinian-Israeli conflict that the October 7, 2023,  Hamas's vile attack with terrifying
[uk_2024-09-17.txt | uk_2024-09-17_chunk_9] Sadly, I  share with the author, only 3% of Israeli Jews are literate  in Arabic. That is part of an important discussion concerning  Israel's better integration into the surrounding Arab Middle  East while there are those Israelis who prefer a Western  orientation. I suggest that both approaches ou
[uk_2024-09-17.txt | uk_2024-09-17_chunk_7] To honor this year's Constitution Week, I ask my fellow citizens, and  especially my fellow Members of Congress, to reaffirm the ideals the  Framers of the Constitution had in 1787 by vigilantly protecting the  freedoms guaranteed to us through this guardian of our liberties. I extend my sincerest g","The Palestinian-Israeli conflict is discussed through the perspective of Raja Shehadeh, a Palestinian award-winning author, lawyer, and co-founder of the Palestinian human rights organization Al-Haq (uk_2024-09-17.txt). Shehadeh, described as a Palestinian patriot born in Ramallah in 1951, offers a ""concise packed yet imbalanced perspective"" in his latest book, *What Does Israel Fear From Palestine?* (uk_2024-09-17.txt).

**Shehadeh's Perspective on the Conflict:**

*   **Historical Grievances:** Shehadeh's perspective is anchored in the Palestinian saga of loss and grievances dating back to the 1948 victorious Israeli War of Independence, which Palestinians regard as their Nakba (Catastrophe) (uk_2024-09-17.txt).
*   **Blame for 1948:** He blames the British for the 1948 Arab defeat and the Palestinian debacle, pointing to the 1917 Balfour Declaration as the root cause. He states that the 1922 to 1948 British Mandate was dedicated to fulfilling the British commitment toward the Jewish people (uk_2024-09-17.txt).
*   **National Dissolution and Identity:** He claims that ""what happened in Palestine was the utter dissolution of a nation"" (uk_2024-09-17.txt). He defines Israel's success in establishing a modern Jewish national identity as ""Zionist colonization"" (uk_2024-09-17.txt).
*   **Dismissal of Biblical Claims:** Shehadeh cavalierly dismisses the Israeli Jewish narrative supported by the Bible, noting that Israel ""treated the Bible as a historical document and used it to back up the claim that the land had belonged to the Jews from time immemorial"" (uk_2024-09-17.txt).
*   **Palestinian Arabs in Israel:** He bemoans the fate of the approximately 160,000 Palestinian Arabs who remained in Israel and were ""forced"" to celebrate Israel Independence Day (uk_2024-09-17.txt).
*   **October 7 and Gaza War:** Shehadeh condemns Hamas's massacres of October 7, 2023, but was ""seemingly impressed with the military aspects"" of catching Israel by surprise (uk_2024-09-17.txt). He argues that while an occupied population has the right under international law to resist, they have no right to commit war crimes (uk_2024-09-17.txt). He regards the Israeli response to the October 7 massacres as excessive (uk_2024-09-17.txt).
*   **Conclusion on Fear:** He assesses that the ""very high human and material cost of the war in Gaza proves that what Israel fears from Palestine is Palestine's very existence"" (uk_2024-09-17.txt).

**Ethical Arguments on Israel’s Integration vs. Western Orientation:**

The provided documents discuss the importance of Israel's better integration into the surrounding Arab Middle East versus the preference of some Israelis for a Western orientation (uk_2024-09-17.txt).

*   The discussion notes that only 3% of Israeli Jews are literate in Arabic, which is presented as part of this important discussion (uk_2024-09-17.txt).
*   The reviewer suggests that both approaches—integration into the Arab Middle East and maintaining a Western orientation—ought to be pursued in tandem (uk_2024-09-17.txt)."
12/31/2025 21:14,"How is the Palestinian-Israeli conflict discussed through the perspective of the author Raja Shehadeh, and what ethical arguments are presented regarding Israel’s integration into the Middle East versus a Western orientation?",fixed_660,bm25,5,5,"uk_2024-09-17.txt, uk_2025-05-05.txt, us_2023-10-25.txt","chunks_660_output\uk_2024-09-17.txt_chunks\uk_2024-09-17_chunk_7.txt, chunks_660_output\uk_2024-09-17.txt_chunks\uk_2024-09-17_chunk_8.txt, chunks_660_output\uk_2024-09-17.txt_chunks\uk_2024-09-17_chunk_9.txt, chunks_660_output\uk_2025-05-05.txt_chunks\uk_2025-05-05_chunk_4.txt, chunks_660_output\us_2023-10-25.txt_chunks\us_2023-10-25_chunk_5.txt","[uk_2024-09-17.txt | uk_2024-09-17_chunk_8] New York: Other Press. 2024,  Shehadeh, clearly a Palestinian patriot who was born in 1951  in the West Bank town of Ramallah, offers us a concise packed  yet imbalanced perspective on the long and agonizing  Palestinian-Israeli conflict that the October 7, 2023,  Hamas's vile attack with terrifying
[uk_2024-09-17.txt | uk_2024-09-17_chunk_9] Sadly, I  share with the author, only 3% of Israeli Jews are literate  in Arabic. That is part of an important discussion concerning  Israel's better integration into the surrounding Arab Middle  East while there are those Israelis who prefer a Western  orientation. I suggest that both approaches ou
[uk_2024-09-17.txt | uk_2024-09-17_chunk_7] To honor this year's Constitution Week, I ask my fellow citizens, and  especially my fellow Members of Congress, to reaffirm the ideals the  Framers of the Constitution had in 1787 by vigilantly protecting the  freedoms guaranteed to us through this guardian of our liberties. I extend my sincerest g
[uk_2025-05-05.txt | uk_2025-05-05_chunk_4] JENNIFER A. KIGGANS  Mrs. KIGGANS of Virginia. Mr. Speaker, I include in the Record  remarks submitted at the request of a Virginia Beach constituent, Rabbi  Dr. Israel Zoberman of Temple Lev Tikvah, and are a reflection of his  views:  Israel At 77--How poignant to affirm the special  relationship
[us_2023-10-25.txt | us_2023-10-25_chunk_5] Your very timely visit with us so shortly after the October 7 terrorist Hamas vicious attacks on Israel's innocent civilians near the Gaza border is deeply appreciated along with ordering the lowering of the flag throughout the Commonwealth. We turn to our shared one God of life's blessings who alwa","Raja Shehadeh is discussed as a Palestinian award-winning author and lawyer, and co-founder of Al-Haq, the Palestinian human rights organization (uk_2024-09-17.txt). He is described as a Palestinian patriot who was born in 1951 in Ramallah, West Bank (uk_2024-09-17.txt).

**Shehadeh's Perspective on the Conflict:**

His latest book, *What Does Israel Fear From Palestine?* (New York: Other Press. 2024), offers a ""concise packed yet imbalanced perspective"" on the conflict (uk_2024-09-17.txt).

1.  **Historical Grievances:** Shehadeh anchors the conflict in the Palestinian saga of loss and grievances dating back to the 1948 victorious Israeli War of Independence, which Palestinians regard as their Nakba (Catastrophe) (uk_2024-09-17.txt).
2.  **Blame for 1948:** He blames the British for the events culminating in the 1948 Arab defeat and Palestinian debacle, pointing to the 1917 Balfour Declaration as the root cause. He states that the 1922 to 1948 British Mandate was dedicated to fulfilling the earlier declared British commitment toward the Jewish people (uk_2024-09-17.txt).
3.  **National Dissolution and Identity:** He claims that ""what happened in Palestine was the utter dissolution of a nation"" (uk_2024-09-17.txt). He defines Israel's success in establishing a modern Jewish national identity as ""Zionist colonization"" (uk_2024-09-17.txt). He also bemoans the fate of the approximately 160,000 Palestinian Arabs who remained in Israel and were ""forced"" to celebrate Israel Independence Day (uk_2024-09-17.txt).
4.  **The Bible Narrative:** Shehadeh dismisses the Israeli Jewish narrative supported by the Bible, stating that Israel treated the Bible as a historical document and used it to back up the claim that the land had belonged to the Jews from time immemorial (uk_2024-09-17.txt).
5.  **Post-1967 Proposal:** He points to a proposal by his late father, Aziz Shehadeh, following the 1967 War, to use the 1947 Partition Resolution—which the Arabs had previously denied—for a Palestinian state (uk_2024-09-17.txt).
6.  **October 7 and Gaza War:** Shehadeh condemns the October 7, 2023, Hamas massacres, but was ""seemingly impressed with the military aspects"" of catching Israel by surprise (uk_2024-09-17.txt). He argues that while an occupied population has the right under international law to resist, they have no right to commit war crimes (uk_2024-09-17.txt). He regards the Israeli response to the October 7 Nazi-like Hamas massacres as excessive (uk_2024-09-17.txt).
7.  **Core Fear:** He assesses that the high human and material cost of the war in Gaza proves that ""what Israel fears from Palestine is Palestine's very existence"" (uk_2024-09-17.txt).

**Ethical Arguments Regarding Israel’s Integration:**

The documents present a discussion concerning Israel's ""better integration into the surrounding Arab Middle East"" versus the preference of ""those Israelis who prefer a Western orientation"" (uk_2024-09-17.txt).

Arguments related to this discussion include:

*   **Language and Culture:** Only 3% of Israeli Jews are literate in Arabic, which is cited as part of this important discussion (uk_2024-09-17.txt).
*   **Legal Issues:** The controversial Jewish State Law of July 19, 2018, exacerbated tensions by dropping Arabic as an official language, causing ""understandable consternation among Israeli Arabs"" (uk_2024-09-17.txt).
*   **Suggested Approach:** The reviewer suggests that both approaches—integration into the Arab Middle East and a Western orientation—ought to be pursued tandem (uk_2024-09-17.txt)."
12/31/2025 21:14,"How is the Palestinian-Israeli conflict discussed through the perspective of the author Raja Shehadeh, and what ethical arguments are presented regarding Israel’s integration into the Middle East versus a Western orientation?",fixed_660,bm25,10,10,"uk_2023-07-25.txt, uk_2023-10-25.txt, uk_2024-05-24.txt, uk_2024-07-11.txt, uk_2024-09-17.txt, uk_2025-05-05.txt, us_2023-10-25.txt","chunks_660_output\uk_2023-07-25.txt_chunks\uk_2023-07-25_chunk_1.txt, chunks_660_output\uk_2023-10-25.txt_chunks\uk_2023-10-25_chunk_6.txt, chunks_660_output\uk_2024-05-24.txt_chunks\uk_2024-05-24_chunk_2.txt, chunks_660_output\uk_2024-07-11.txt_chunks\uk_2024-07-11_chunk_10.txt, chunks_660_output\uk_2024-07-11.txt_chunks\uk_2024-07-11_chunk_9.txt, chunks_660_output\uk_2024-09-17.txt_chunks\uk_2024-09-17_chunk_7.txt, chunks_660_output\uk_2024-09-17.txt_chunks\uk_2024-09-17_chunk_8.txt, chunks_660_output\uk_2024-09-17.txt_chunks\uk_2024-09-17_chunk_9.txt, chunks_660_output\uk_2025-05-05.txt_chunks\uk_2025-05-05_chunk_4.txt, chunks_660_output\us_2023-10-25.txt_chunks\us_2023-10-25_chunk_5.txt","[uk_2024-09-17.txt | uk_2024-09-17_chunk_8] New York: Other Press. 2024,  Shehadeh, clearly a Palestinian patriot who was born in 1951  in the West Bank town of Ramallah, offers us a concise packed  yet imbalanced perspective on the long and agonizing  Palestinian-Israeli conflict that the October 7, 2023,  Hamas's vile attack with terrifying
[uk_2024-09-17.txt | uk_2024-09-17_chunk_9] Sadly, I  share with the author, only 3% of Israeli Jews are literate  in Arabic. That is part of an important discussion concerning  Israel's better integration into the surrounding Arab Middle  East while there are those Israelis who prefer a Western  orientation. I suggest that both approaches ou
[uk_2024-09-17.txt | uk_2024-09-17_chunk_7] To honor this year's Constitution Week, I ask my fellow citizens, and  especially my fellow Members of Congress, to reaffirm the ideals the  Framers of the Constitution had in 1787 by vigilantly protecting the  freedoms guaranteed to us through this guardian of our liberties. I extend my sincerest g
[uk_2025-05-05.txt | uk_2025-05-05_chunk_4] JENNIFER A. KIGGANS  Mrs. KIGGANS of Virginia. Mr. Speaker, I include in the Record  remarks submitted at the request of a Virginia Beach constituent, Rabbi  Dr. Israel Zoberman of Temple Lev Tikvah, and are a reflection of his  views:  Israel At 77--How poignant to affirm the special  relationship
[us_2023-10-25.txt | us_2023-10-25_chunk_5] Your very timely visit with us so shortly after the October 7 terrorist Hamas vicious attacks on Israel's innocent civilians near the Gaza border is deeply appreciated along with ordering the lowering of the flag throughout the Commonwealth. We turn to our shared one God of life's blessings who alwa
[uk_2023-10-25.txt | uk_2023-10-25_chunk_6] Thank you Governor Youngkin for your initiatives to fight  the precipitous rise of anti-Semitism in these United States  and around the world. Your very timely visit with us so  shortly after the October 7 terrorist Hamas vicious attacks  on Israel's innocent civilians near the Gaza border is deeply
[uk_2024-07-11.txt | uk_2024-07-11_chunk_9] As a  lifelong member of the NAACP, Reverend Hines was actively involved in  the political and government decisions that affected his community. In  1995, he became the first African American to represent House Seat 59  in the South Carolina General Assembly and was later awarded the Order  of the P
[uk_2024-07-11.txt | uk_2024-07-11_chunk_10] Time and again, he has rejected President Biden's  plan to remove Hamas from power in Gaza through the  establishment of a peacekeeping force. Such a move would very  likely bring in its wake a far broader regional alliance,  including a vision to solve the Israeli-Palestinian conflict,  which is no
[uk_2023-07-25.txt | uk_2023-07-25_chunk_1] ?Title: EXPRESSING THE SENSE OF CONGRESS SUPPORTING THE STATE OF ISRAEL; Congressional Record Vol. 169, No. 128  From the Congressional Record Online through the Government Publishing Office [<a href='https://www.gpo.gov'>www.gpo.gov</a>]  EXPRESSING THE SENSE OF CONGRESS SUPPORTING THE STATE OF ISR
[uk_2024-05-24.txt | uk_2024-05-24_chunk_2] This bill will only exacerbate this issue. We must reject  H.R. 4763 and work to create a regulatory framework that will protect  everyday investors and consumers. Crypto is the currency of choice for our foreign adversaries,  terrorist groups, drug and human traffickers, child sex abusers, and  ran","Raja Shehadeh, a Palestinian award-winning author and lawyer who co-founded the Palestinian human rights organization Al-Haq in 1979, offers a perspective on the Palestinian-Israeli conflict in his latest book, *What Does Israel Fear From Palestine?* (New York: Other Press. 2024) (uk_2024-09-17.txt). Shehadeh was born in 1951 in Ramallah, West Bank, and is described as a Palestinian patriot (uk_2024-09-17.txt).

**Shehadeh's Perspective on the Conflict:**

*   **Historical Grievances:** His perspective is anchored in the Palestinian saga of loss and grievances dating back to the 1948 victorious Israeli War of Independence, which Palestinians regard as their Nakba (Catastrophe) (uk_2024-09-17.txt).
*   **Personal History:** He recounts growing up in Ramallah with his grandmother, a refugee from Jaffa, who missed her old home and instilled in him an attachment to the family's past. He felt ""hostage to the memories, perceptions and attitudes of others"" until he visited Jaffa after the 1967 War, which gave his family's roots a realistic sense of belonging (uk_2024-09-17.txt).
*   **Blame for 1948:** Shehadeh blames the British for the events culminating in the 1948 Arab defeat, citing the 1917 Balfour Declaration as the root cause. He states that the 1922 to 1948 British Mandate was dedicated to fulfilling the British commitment toward the Jewish people (uk_2024-09-17.txt).
*   **View on Palestinian Nationhood and Zionism:** He claims that ""what happened in Palestine was the utter dissolution of a nation,"" and defines Israel's success in establishing a modern Jewish national identity as ""Zionist colonization"" (uk_2024-09-17.txt). He notes that Israel treated the Bible as a historical document to back up its claim that the land belonged to the Jews from time immemorial (uk_2024-09-17.txt).
*   **Post-1967 Proposal:** He mentions a proposal by his late father, Aziz Shehadeh, following the 1967 War, to use the 1947 Partition Resolution—which the Arabs had previously denied—for a Palestinian state (uk_2024-09-17.txt).
*   **October 7 and Gaza War:** Shehadeh condemns the Hamas massacres that triggered the Gaza War (2023-4), though he was ""seemingly impressed with the military aspects of catching Israel by surprise"" (uk_2024-09-17.txt). He argues that while an occupied population has the right under international law to resist, they have no right to commit war crimes (uk_2024-09-17.txt). He regards the Israeli response to the October 7 Nazi-like Hamas massacres as excessive (uk_2024-09-17.txt).
*   **Conclusion on Fear:** Shehadeh's own response to his book's title is: ""The very high human and material cost of the war in Gaza proves that what Israel fears from Palestine is Palestine's very existence"" (uk_2024-09-17.txt).

**Ethical Arguments Regarding Israel’s Integration:**

The provided documents discuss Israel's better integration into the surrounding Arab Middle East versus a Western orientation (uk_2024-09-17.txt).

*   **The Discussion:** The issue of Israel's integration into the Arab Middle East is described as an ""important discussion"" (uk_2024-09-17.txt).
*   **Conflicting Preferences:** There are Israelis who prefer a Western orientation (uk_2024-09-17.txt).
*   **Related Fact:** A fact related to this discussion is that only 3% of Israeli Jews are literate in Arabic (uk_2024-09-17.txt).
*   **Suggested Approach:** The reviewer suggests that both approaches—integration into the Arab Middle East and a Western orientation—ought to be pursued in tandem (uk_2024-09-17.txt)."
12/31/2025 21:14,"How is the Palestinian-Israeli conflict discussed through the perspective of the author Raja Shehadeh, and what ethical arguments are presented regarding Israel’s integration into the Middle East versus a Western orientation?",fixed_660,dense,3,3,"uk_2024-09-17.txt, us_2024-04-05.txt","chunks_660_output\uk_2024-09-17.txt_chunks\uk_2024-09-17_chunk_8.txt, chunks_660_output\uk_2024-09-17.txt_chunks\uk_2024-09-17_chunk_9.txt, chunks_660_output\us_2024-04-05.txt_chunks\us_2024-04-05_chunk_5.txt","[uk_2024-09-17.txt | uk_2024-09-17_chunk_8] New York: Other Press. 2024,  Shehadeh, clearly a Palestinian patriot who was born in 1951  in the West Bank town of Ramallah, offers us a concise packed  yet imbalanced perspective on the long and agonizing  Palestinian-Israeli conflict that the October 7, 2023,  Hamas's vile attack with terrifying
[uk_2024-09-17.txt | uk_2024-09-17_chunk_9] Sadly, I  share with the author, only 3% of Israeli Jews are literate  in Arabic. That is part of an important discussion concerning  Israel's better integration into the surrounding Arab Middle  East while there are those Israelis who prefer a Western  orientation. I suggest that both approaches ou
[us_2024-04-05.txt | us_2024-04-05_chunk_5] 58    Date: 2024-04-05 Volume: 170, Issue: 58 Pages: E306 - E306 ================================================================================ [Extensions of Remarks] From the Congressional Record Online through the Government Publishing Office [ www.gpo.gov ] RECOGNIZING MOTAZ AZAIZA ______ of m","The Palestinian-Israeli conflict is discussed through the perspective of Raja Shehadeh, a Palestinian patriot born in Ramallah in 1951, who offers a ""concise packed yet imbalanced perspective"" on the conflict (`uk_2024-09-17.txt`).

**Raja Shehadeh's Perspective on the Conflict:**

*   **Historical Grievances:** Shehadeh is anchored in the Palestinian saga of loss and grievances, viewing the 1948 victorious Israeli War of Independence as the Palestinian Nakba (Catastrophe) (`uk_2024-09-17.txt`).
*   **Blame for 1948:** He blames the British for the turn of events culminating in the 1948 Arab defeat, pointing to the 1917 Balfour Declaration as the root cause. He states that the 1922 to 1948 British Mandate was dedicated to fulfilling the British commitment toward the Jewish people (`uk_2024-09-17.txt`).
*   **National Identity:** He claims that ""what happened in Palestine was the utter dissolution of a nation,"" and defines Israel's success in establishing a modern Jewish national identity as ""Zionist colonization."" He notes that the revitalized Hebrew language was used to bestow Hebrew names on the rebuilt landscape that had previously carried Arab ones (`uk_2024-09-17.txt`).
*   **Post-1967 Proposal:** He points to a proposal by his late father, Aziz Shehadeh, following the 1967 War, to use the 1947 Partition Resolution—which the Arabs had previously denied—for a Palestinian state (`uk_2024-09-17.txt`).
*   **Gaza War (2023-2024):** Shehadeh condemns the October 7, 2023, Hamas massacres but was ""seemingly impressed with the military aspects"" of catching Israel by surprise, comparing it to Egypt's surprise attack in the 1973 Yom Kippur War (`uk_2024-09-17.txt`).
*   **War Crimes and Resistance:** He acknowledges that while an occupied population has the right under international law to resist, they have no right to commit war crimes. He regards the Israeli response to the October 7 massacres as excessive (`uk_2024-09-17.txt`).
*   **Israel's Fear:** Shehadeh's assessment is that the ""very high human and material cost of the war in Gaza proves that what Israel fears from Palestine is Palestine's very existence"" (`uk_2024-09-17.txt`).

**Ethical Arguments Regarding Israel’s Integration and Orientation:**

The discussion concerning Israel’s integration into the Middle East versus a Western orientation is framed around the issue of Arabic literacy and cultural policy (`uk_2024-09-17.txt`).

*   **The Problem:** The controversial Jewish State Law of July 19, 2018, caused consternation among Israeli Arabs, exacerbated by the dropping of Arabic as an official language. Furthermore, only 3% of Israeli Jews are literate in Arabic (`uk_2024-09-17.txt`).
*   **The Discussion:** This lack of Arabic literacy is considered ""part of an important discussion concerning Israel's better integration into the surrounding Arab Middle East while there are those Israelis who prefer a Western orientation"" (`uk_2024-09-17.txt`).
*   **The Suggestion:** The reviewer suggests that both approaches—integration into the Arab Middle East and a Western orientation—""ought be pursued tandem"" (`uk_2024-09-17.txt`)."
12/31/2025 21:14,"How is the Palestinian-Israeli conflict discussed through the perspective of the author Raja Shehadeh, and what ethical arguments are presented regarding Israel’s integration into the Middle East versus a Western orientation?",fixed_660,dense,5,5,"uk_2024-04-19.txt, uk_2024-09-17.txt, uk_2025-04-29.txt, us_2024-04-05.txt","chunks_660_output\uk_2024-04-19.txt_chunks\uk_2024-04-19_chunk_3.txt, chunks_660_output\uk_2024-09-17.txt_chunks\uk_2024-09-17_chunk_8.txt, chunks_660_output\uk_2024-09-17.txt_chunks\uk_2024-09-17_chunk_9.txt, chunks_660_output\uk_2025-04-29.txt_chunks\uk_2025-04-29_chunk_5.txt, chunks_660_output\us_2024-04-05.txt_chunks\us_2024-04-05_chunk_5.txt","[uk_2024-09-17.txt | uk_2024-09-17_chunk_8] New York: Other Press. 2024,  Shehadeh, clearly a Palestinian patriot who was born in 1951  in the West Bank town of Ramallah, offers us a concise packed  yet imbalanced perspective on the long and agonizing  Palestinian-Israeli conflict that the October 7, 2023,  Hamas's vile attack with terrifying
[uk_2024-09-17.txt | uk_2024-09-17_chunk_9] Sadly, I  share with the author, only 3% of Israeli Jews are literate  in Arabic. That is part of an important discussion concerning  Israel's better integration into the surrounding Arab Middle  East while there are those Israelis who prefer a Western  orientation. I suggest that both approaches ou
[us_2024-04-05.txt | us_2024-04-05_chunk_5] 58    Date: 2024-04-05 Volume: 170, Issue: 58 Pages: E306 - E306 ================================================================================ [Extensions of Remarks] From the Congressional Record Online through the Government Publishing Office [ www.gpo.gov ] RECOGNIZING MOTAZ AZAIZA ______ of m
[uk_2025-04-29.txt | uk_2025-04-29_chunk_5] From the Congressional Record Online through the Government Publishing Office [<a href='https://www.gpo.gov'>www.gpo.gov</a>]  PROCLAIMING THIS AND EVERY APRIL 29TH AS #ENDJEWHATRED DAY  HON. FREDERICA S. WILSON  Ms. WILSON of Florida. Mr. Speaker, I rise to include in the Record  the following Proc
[uk_2024-04-19.txt | uk_2024-04-19_chunk_3] With antisemitism and antisemitic attacks on  the rise in the U.S. and around the world, we must swiftly condemn  antisemitism in all its forms. However, this resolution should have been written better. For  example, H. Res. 883, fails to acknowledge that some who use the phrase  do so to advocate f","The Palestinian-Israeli conflict is discussed through the perspective of Raja Shehadeh, a Palestinian patriot born in Ramallah in 1951, who offers a concise, packed, yet imbalanced perspective on the conflict (`uk_2024-09-17.txt`).

**Shehadeh's Perspective on the Conflict:**

*   **Historical Grievances:** Shehadeh is anchored in the Palestinian saga of loss and grievances dating back to the 1948 Israeli War of Independence, which Palestinians regard as their Nakba (Catastrophe) (`uk_2024-09-17.txt`).
*   **Personal History:** He recounts growing up in Ramallah with his grandmother, a refugee from Jaffa, who missed her old home and instilled in him an attachment to the family's past (`uk_2024-09-17.txt`).
*   **Blame for 1948:** He blames the British for the 1948 Arab defeat and the Palestinian debacle, citing the 1917 Balfour Declaration as the root cause. He states that the 1922 to 1948 British Mandate was dedicated to fulfilling the British commitment toward the Jewish people (`uk_2024-09-17.txt`).
*   **National Dissolution:** He claims that ""what happened in Palestine was the utter dissolution of a nation"" (`uk_2024-09-17.txt`).
*   **Zionism and Identity:** He defines Israel's success in establishing a modern Jewish national identity as ""Zionist colonization"" (`uk_2024-09-17.txt`).
*   **Fate of Arabs in Israel:** He bemoans the fate of the approximately 160,000 Palestinian Arabs who remained in Israel and were ""forced"" to celebrate Israel Independence Day (`uk_2024-09-17.txt`).
*   **Gaza War (2023-4):** He condemns the October 7, 2023, Hamas massacres, though he was seemingly impressed with the military aspects of catching Israel by surprise (`uk_2024-09-17.txt`). He notes that while an occupied population has the right under international law to resist, they have no right to commit war crimes (`uk_2024-09-17.txt`). He regards the Israeli response to the October 7 massacres as excessive (`uk_2024-09-17.txt`).
*   **Israel's Fear:** He shares his book's title response, stating that ""The very high human and material cost of the war in Gaza proves that what Israel fears from Palestine is Palestine's very existence"" (`uk_2024-09-17.txt`).
*   **Optimism:** He expresses optimism concerning the future, believing that hopeful consequences follow only after great upheavals (`uk_2024-09-17.txt`).

**Ethical Arguments Regarding Israel’s Integration vs. Western Orientation:**

The provided documents discuss the need for Israel's better integration into the surrounding Arab Middle East, noting that there are Israelis who prefer a Western orientation (`uk_2024-09-17.txt`). The reviewer suggests that both approaches ought to be pursued tandem (`uk_2024-09-17.txt`). This discussion is framed by the fact that only 3% of Israeli Jews are literate in Arabic (`uk_2024-09-17.txt`)."
12/31/2025 21:14,"How is the Palestinian-Israeli conflict discussed through the perspective of the author Raja Shehadeh, and what ethical arguments are presented regarding Israel’s integration into the Middle East versus a Western orientation?",fixed_660,dense,10,10,"uk_2024-04-19.txt, uk_2024-08-06.txt, uk_2024-09-17.txt, uk_2025-04-29.txt, us_2023-07-12.txt, us_2023-09-22.txt, us_2023-10-12.txt, us_2024-02-23.txt, us_2024-04-05.txt","chunks_660_output\uk_2024-04-19.txt_chunks\uk_2024-04-19_chunk_3.txt, chunks_660_output\uk_2024-08-06.txt_chunks\uk_2024-08-06_chunk_4.txt, chunks_660_output\uk_2024-09-17.txt_chunks\uk_2024-09-17_chunk_8.txt, chunks_660_output\uk_2024-09-17.txt_chunks\uk_2024-09-17_chunk_9.txt, chunks_660_output\uk_2025-04-29.txt_chunks\uk_2025-04-29_chunk_5.txt, chunks_660_output\us_2023-07-12.txt_chunks\us_2023-07-12_chunk_8.txt, chunks_660_output\us_2023-09-22.txt_chunks\us_2023-09-22_chunk_4.txt, chunks_660_output\us_2023-10-12.txt_chunks\us_2023-10-12_chunk_5.txt, chunks_660_output\us_2024-02-23.txt_chunks\us_2024-02-23_chunk_2.txt, chunks_660_output\us_2024-04-05.txt_chunks\us_2024-04-05_chunk_5.txt","[uk_2024-09-17.txt | uk_2024-09-17_chunk_8] New York: Other Press. 2024,  Shehadeh, clearly a Palestinian patriot who was born in 1951  in the West Bank town of Ramallah, offers us a concise packed  yet imbalanced perspective on the long and agonizing  Palestinian-Israeli conflict that the October 7, 2023,  Hamas's vile attack with terrifying
[uk_2024-09-17.txt | uk_2024-09-17_chunk_9] Sadly, I  share with the author, only 3% of Israeli Jews are literate  in Arabic. That is part of an important discussion concerning  Israel's better integration into the surrounding Arab Middle  East while there are those Israelis who prefer a Western  orientation. I suggest that both approaches ou
[us_2024-04-05.txt | us_2024-04-05_chunk_5] 58    Date: 2024-04-05 Volume: 170, Issue: 58 Pages: E306 - E306 ================================================================================ [Extensions of Remarks] From the Congressional Record Online through the Government Publishing Office [ www.gpo.gov ] RECOGNIZING MOTAZ AZAIZA ______ of m
[uk_2025-04-29.txt | uk_2025-04-29_chunk_5] From the Congressional Record Online through the Government Publishing Office [<a href='https://www.gpo.gov'>www.gpo.gov</a>]  PROCLAIMING THIS AND EVERY APRIL 29TH AS #ENDJEWHATRED DAY  HON. FREDERICA S. WILSON  Ms. WILSON of Florida. Mr. Speaker, I rise to include in the Record  the following Proc
[uk_2024-04-19.txt | uk_2024-04-19_chunk_3] With antisemitism and antisemitic attacks on  the rise in the U.S. and around the world, we must swiftly condemn  antisemitism in all its forms. However, this resolution should have been written better. For  example, H. Res. 883, fails to acknowledge that some who use the phrase  do so to advocate f
[us_2023-10-12.txt | us_2023-10-12_chunk_5] It is crucial we continue to stand with Turkiye as it is attacked by terrorists, just as we defeat the barbarian terrorists of Gaza. MP Alec Shelbrooke of Britain presented a Resolution Strengthening Stability and Security to the Black Sea Region following Russia's invasion, emphasizing grain delive
[us_2023-07-12.txt | us_2023-07-12_chunk_8] Then they should learn to use mathematics to transform the world--a rather inappropriate task for math class. Conclusion There are close to  6 million students in California. What is done in California public schools influences practices in the rest of the country. Parents and taxpayers want math to
[us_2024-02-23.txt | us_2024-02-23_chunk_2] 44, I recorded my vote as Present. The reason for my vote is as follows: All acts of sexual violence are horrific. We should all be fighting to end it here at home and all over the world. So, while this resolution rightly denounces any sexual committed by Hamas, I am disturbed that it completely ign
[uk_2024-08-06.txt | uk_2024-08-06_chunk_4] Approximately one-fifth of D.C.  residents are considered obese. Most of the obesity epidemic is  exercise- and food-related. I urge support for this bill to mobilize the country before entirely  preventable health conditions, which often begin in childhood,  overwhelm the Nation's health care syste
[us_2023-09-22.txt | us_2023-09-22_chunk_4] 154    Date: 2023-09-22 Volume: 169, Issue: 154 Pages: E881 - E881 ================================================================================ [Extensions of Remarks] From the Congressional Record Online through the Government Publishing Office [ www.gpo.gov ] RECOGNIZING DR. SUSAN MICHAEL WHO","The Palestinian-Israeli conflict is discussed through the perspective of Raja Shehadeh, a Palestinian patriot born in Ramallah in 1951, who offers a concise, packed, yet imbalanced perspective on the conflict (`uk_2024-09-17.txt`).

**Shehadeh's Perspective on the Conflict:**

*   **Historical Grievances:** Shehadeh's views are anchored in the Palestinian saga of loss and grievances dating back to the 1948 Israeli War of Independence, which Palestinians regard as their Nakba (Catastrophe) (`uk_2024-09-17.txt`).
*   **Blame for 1948:** He blames the British for the 1948 Arab defeat and the Palestinian debacle, citing the 1917 Balfour Declaration as the root cause. He states that the 1922 to 1948 British Mandate was dedicated to fulfilling the British commitment toward the Jewish people (`uk_2024-09-17.txt`). (The reviewer notes that historians would beg to differ, regarding a gradual British shift in the Arabs' favor, manifested in severe limits on Jewish refugees before and after WWII and the Holocaust, in `uk_2024-09-17.txt`).
*   **National Dissolution:** He claims that ""what happened in Palestine was the utter dissolution of a nation,"" notwithstanding the acknowledged fact that no such ""nation"" historically existed (`uk_2024-09-17.txt`).
*   **Zionism and Identity:** He defines Israel's success in establishing a modern Jewish national identity as ""Zionist colonization"" (`uk_2024-09-17.txt`). He also notes that Israel used the Bible as a historical document to back up the claim that the land belonged to the Jews from time immemorial (`uk_2024-09-17.txt`).
*   **Palestinian Arabs in Israel:** He bemoans the fate of the approximately 160,000 Palestinian Arabs who remained in Israel and were ""forced"" to celebrate Israel Independence Day (`uk_2024-09-17.txt`). (The reviewer counters that there is no evidence they were coerced to celebrate Israel's national festivals, and they have enjoyed the benefits of becoming Israeli citizens (`uk_2024-09-17.txt`).)
*   **October 7 and Gaza War:** Shehadeh condemns the October 7, 2023, Hamas massacres, though he was ""seemingly impressed with the military aspects of catching Israel by surprise"" (`uk_2024-09-17.txt`). He notes that while an occupied population has the right under international law to resist, they have no right to commit war crimes (`uk_2024-09-17.txt`). He regards the Israeli response to the October 7 Nazi-like Hamas massacres as excessive (`uk_2024-09-17.txt`).
*   **Existential Fear:** He assesses that the high human and material cost of the war in Gaza proves that ""what Israel fears from Palestine is Palestine's very existence"" (`uk_2024-09-17.txt`).
*   **Comparison to Apartheid:** He compares Israel to the once South African apartheid state, a comparison the reviewer calls misleading (`uk_2024-09-17.txt`).
*   **Optimism:** Despite the conflict, Shehadeh expresses optimism concerning the future, believing that ""only after great upheavals that hopeful consequences follow"" (`uk_2024-09-17.txt`).

**Ethical Arguments Regarding Israel’s Integration:**

The provided documents discuss the need for Israel's better integration into the surrounding Arab Middle East versus a Western orientation (`uk_2024-09-17.txt`).

*   This discussion is considered important for Israel's future (`uk_2024-09-17.txt`).
*   The reviewer notes that there are Israelis who prefer a Western orientation (`uk_2024-09-17.txt`).
*   The reviewer suggests that both approaches—integration into the Arab Middle East and a Western orientation—ought to be pursued in tandem (`uk_2024-09-17.txt`).
*   A related fact mentioned is that only 3% of Israeli Jews are literate in Arabic (`uk_2024-09-17.txt`)."
12/31/2025 21:15,"How is the Palestinian-Israeli conflict discussed through the perspective of the author Raja Shehadeh, and what ethical arguments are presented regarding Israel’s integration into the Middle East versus a Western orientation?",hierarchical,bm25,3,3,"UK_debates2023-07-18.txt, UK_debates2025-01-07.txt, us_2024-09-17.txt","hierarchical_chunks\UK_debates2023-07-18.txt_chunks\UK_debates2023-07-18_chunk_5.txt, hierarchical_chunks\UK_debates2025-01-07.txt_chunks\UK_debates2025-01-07_chunk_35.txt, hierarchical_chunks\us_2024-09-17.txt_chunks\us_2024-09-17_chunk_38.txt","[us_2024-09-17.txt | us_2024-09-17_chunk_38] Palestinian award-winning author and lawyer, Raja Shehadeh is co-founder in 1979 of Al-Haq, the Palestinian human rights organization. The Observer loaded him, ``Palestine's greatest prose writer'' and the New York Times Book Review heaps praises as well, ``in his moral clarity and bearing of the he
[UK_debates2023-07-18.txt | UK_debates2023-07-18_chunk_5] The Secretary of State was asked— What diplomatic steps he is taking to help support the de-escalation of violence in Israel and the Occupied Palestinian Territories. What recent assessment he has made of the implications for his policies of illegal settlements in the Occupied Palestinian Territorie
[UK_debates2025-01-07.txt | UK_debates2025-01-07_chunk_35] May I begin by paying tribute to the bravery of  the hon. Member for Oxford West and Abingdon (Layla Moran)  in continuing to fight for the population in Gaza, even as her own family and friends are suffering? My Committee is currently undertaking an inquiry into the Israel-Palestine conflict, and w","Raja Shehadeh, an award-winning author, lawyer, and co-founder of the Palestinian human rights organization Al-Haq, offers a perspective on the Palestinian-Israeli conflict that is described as ""concise packed yet imbalanced"" in his latest book, *What Does Israel Fear From Palestine?* (us_2024-09-17.txt).

**Raja Shehadeh's Perspective on the Conflict:**

*   **Identity and History:** Shehadeh, a Palestinian patriot born in Ramallah in 1951, anchors the conflict in the Palestinian saga of loss and grievances dating back to the 1948 Israeli War of Independence, which Palestinians regard as their Nakba (Catastrophe) (us_2024-09-17.txt).
*   **Personal Connection:** His perspective is informed by his personal history, including reminiscences of growing up in Ramallah with his grandmother, a refugee from Jaffa, who instilled in him an attachment to the family's past (us_2024-09-17.txt).
*   **Blame for 1948:** He blames the British for the 1948 Arab defeat, citing the 1917 Balfour Declaration as the root cause and stating that the 1922 to 1948 British Mandate was dedicated to fulfilling the British commitment toward the Jewish people (us_2024-09-17.txt).
*   **Critique of Israel:** He claims that ""what happened in Palestine was the utter dissolution of a nation"" and defines Israel's success in establishing a modern Jewish national identity as ""Zionist colonization"" (us_2024-09-17.txt). He also dismisses the Israeli Jewish narrative that uses the Bible as a historical document to claim the land belonged to the Jews from time immemorial (us_2024-09-17.txt).
*   **The Gaza War (2023-2024):** Shehadeh dedicates Part Two of his book to the Gaza War, triggered by the October 7, 2023, Hamas massacres, which he condemns (us_2024-09-17.txt). He notes that while an occupied population has the right under international law to resist, they do not have the right to commit war crimes (us_2024-09-17.txt). He regards the Israeli response to the October 7 massacres as excessive (us_2024-09-17.txt).
*   **Israel's Fear:** Shehadeh shares his assessment regarding the book's title, stating that ""The very high human and material cost of the war in Gaza proves that what Israel fears from Palestine is Palestine's very existence"" (us_2024-09-17.txt).

**Ethical Arguments Regarding Israel’s Integration vs. Western Orientation:**

The discussion concerning Israel's integration into the Middle East versus a Western orientation is presented in the context of the controversial Jewish State Law of July 19, 2018, which caused consternation among Israeli Arabs and exacerbated issues by dropping Arabic as an official language (us_2024-09-17.txt).

The ethical discussion centers on the following points:

*   **Integration:** There is a discussion concerning Israel's better integration into the surrounding Arab Middle East (us_2024-09-17.txt).
*   **Western Orientation:** There are Israelis who prefer a Western orientation (us_2024-09-17.txt).
*   **Linguistic Barrier:** A related issue is the low literacy rate of Israeli Jews in Arabic, with only 3% being literate in the language (us_2024-09-17.txt).
*   **Suggested Approach:** The reviewer suggests that both approaches—integration into the Arab Middle East and maintaining a Western orientation—ought to be pursued tandem (us_2024-09-17.txt)."
12/31/2025 21:15,"How is the Palestinian-Israeli conflict discussed through the perspective of the author Raja Shehadeh, and what ethical arguments are presented regarding Israel’s integration into the Middle East versus a Western orientation?",hierarchical,bm25,5,5,"UK_debates2023-07-04.txt, UK_debates2023-07-18.txt, UK_debates2023-12-04.txt, UK_debates2025-01-07.txt, us_2024-09-17.txt","hierarchical_chunks\UK_debates2023-07-04.txt_chunks\UK_debates2023-07-04_chunk_34.txt, hierarchical_chunks\UK_debates2023-07-18.txt_chunks\UK_debates2023-07-18_chunk_5.txt, hierarchical_chunks\UK_debates2023-12-04.txt_chunks\UK_debates2023-12-04_chunk_35.txt, hierarchical_chunks\UK_debates2025-01-07.txt_chunks\UK_debates2025-01-07_chunk_35.txt, hierarchical_chunks\us_2024-09-17.txt_chunks\us_2024-09-17_chunk_38.txt","[us_2024-09-17.txt | us_2024-09-17_chunk_38] Palestinian award-winning author and lawyer, Raja Shehadeh is co-founder in 1979 of Al-Haq, the Palestinian human rights organization. The Observer loaded him, ``Palestine's greatest prose writer'' and the New York Times Book Review heaps praises as well, ``in his moral clarity and bearing of the he
[UK_debates2023-07-18.txt | UK_debates2023-07-18_chunk_5] The Secretary of State was asked— What diplomatic steps he is taking to help support the de-escalation of violence in Israel and the Occupied Palestinian Territories. What recent assessment he has made of the implications for his policies of illegal settlements in the Occupied Palestinian Territorie
[UK_debates2025-01-07.txt | UK_debates2025-01-07_chunk_35] May I begin by paying tribute to the bravery of  the hon. Member for Oxford West and Abingdon (Layla Moran)  in continuing to fight for the population in Gaza, even as her own family and friends are suffering? My Committee is currently undertaking an inquiry into the Israel-Palestine conflict, and w
[UK_debates2023-07-04.txt | UK_debates2023-07-04_chunk_34] The Secretary of State outlined the progress being made on small modular nuclear reactors. Can he provide an estimate of how many there might be within 10 years? Great British Nuclear will be launched later in July. We will also be launching the draw-down selection process for which technologies we
[UK_debates2023-12-04.txt | UK_debates2023-12-04_chunk_35] That is exactly our strategy. It is to use diplomatic efforts in concert with humanitarian efforts to bring about a situation whereby diplomacy can take effect and the foundations can be laid of a long-term peace. We are clearly not there yet, and it will require a huge amount of diplomatic effort r","Raja Shehadeh, an award-winning Palestinian author, lawyer, and co-founder of the Palestinian human rights organization Al-Haq, discusses the Palestinian-Israeli conflict from a perspective described as concise, packed, yet imbalanced (us_2024-09-17.txt).

**Shehadeh's Perspective on the Conflict:**

*   **Historical Grievances:** His work is anchored in the Palestinian saga of loss and grievances dating back to the 1948 victorious Israeli War of Independence, which Palestinians regard as their Nakba (Catastrophe) (us_2024-09-17.txt).
*   **Root Cause and Blame:** He blames the British for the 1948 Arab defeat, pointing to the 1917 Balfour Declaration as the root cause, and stating that the 1922 to 1948 British Mandate was dedicated to fulfilling the British commitment toward the Jewish people (us_2024-09-17.txt).
*   **Palestinian Nationhood and Israeli Identity:** Shehadeh claims that ""what happened in Palestine was the utter dissolution of a nation,"" and he defines Israel's success in establishing a modern Jewish national identity as ""Zionist colonization"" (us_2024-09-17.txt).
*   **The Bible and Land Claims:** He dismisses the Israeli Jewish narrative supported by the Bible, stating that Israel treated the Bible as a historical document to back up the claim that the land had belonged to the Jews from time immemorial (us_2024-09-17.txt).
*   **Gaza War (2023-2024):** His latest book dedicates Part Two to the Gaza War, triggered by the October 7, 2023, Hamas massacres, which he condemns (us_2024-09-17.txt).
*   **Right to Resist vs. War Crimes:** Shehadeh asserts that while an occupied population has the right under international law to resist, they have no right to commit war crimes. He notes that following the October 7 attack, the Palestinians did not fit into the role of victims, and to Israelis, they seemed like aggressors challenging Israel's existence (us_2024-09-17.txt).
*   **Israeli Response:** He regards the Israeli response to the October 7 Nazi-like Hamas massacres as excessive (us_2024-09-17.txt).
*   **Israel's Fear:** Shehadeh's assessment regarding the book's title is that ""The very high human and material cost of the war in Gaza proves that what Israel fears from Palestine is Palestine's very existence"" (us_2024-09-17.txt).

**Ethical Arguments on Israel’s Integration vs. Western Orientation:**

The provided documents present a discussion concerning Israel's better integration into the surrounding Arab Middle East versus a preference among some Israelis for a Western orientation (us_2024-09-17.txt). This discussion is related to the fact that only 3% of Israeli Jews are literate in Arabic (us_2024-09-17.txt).

The reviewer of Shehadeh's book suggests that both approaches—integration into the Arab Middle East and a Western orientation—""ought be pursued tandem"" (us_2024-09-17.txt)."
12/31/2025 21:15,"How is the Palestinian-Israeli conflict discussed through the perspective of the author Raja Shehadeh, and what ethical arguments are presented regarding Israel’s integration into the Middle East versus a Western orientation?",hierarchical,bm25,10,10,"UK_debates2023-07-04.txt, UK_debates2023-07-18.txt, UK_debates2023-10-24.txt, UK_debates2023-11-08.txt, UK_debates2023-12-04.txt, UK_debates2024-03-14.txt, UK_debates2024-04-29.txt, UK_debates2025-01-07.txt, UK_debates2025-09-10.txt, us_2024-09-17.txt","hierarchical_chunks\UK_debates2023-07-04.txt_chunks\UK_debates2023-07-04_chunk_34.txt, hierarchical_chunks\UK_debates2023-07-18.txt_chunks\UK_debates2023-07-18_chunk_5.txt, hierarchical_chunks\UK_debates2023-10-24.txt_chunks\UK_debates2023-10-24_chunk_2.txt, hierarchical_chunks\UK_debates2023-11-08.txt_chunks\UK_debates2023-11-08_chunk_24.txt, hierarchical_chunks\UK_debates2023-12-04.txt_chunks\UK_debates2023-12-04_chunk_35.txt, hierarchical_chunks\UK_debates2024-03-14.txt_chunks\UK_debates2024-03-14_chunk_23.txt, hierarchical_chunks\UK_debates2024-04-29.txt_chunks\UK_debates2024-04-29_chunk_42.txt, hierarchical_chunks\UK_debates2025-01-07.txt_chunks\UK_debates2025-01-07_chunk_35.txt, hierarchical_chunks\UK_debates2025-09-10.txt_chunks\UK_debates2025-09-10_chunk_41.txt, hierarchical_chunks\us_2024-09-17.txt_chunks\us_2024-09-17_chunk_38.txt","[us_2024-09-17.txt | us_2024-09-17_chunk_38] Palestinian award-winning author and lawyer, Raja Shehadeh is co-founder in 1979 of Al-Haq, the Palestinian human rights organization. The Observer loaded him, ``Palestine's greatest prose writer'' and the New York Times Book Review heaps praises as well, ``in his moral clarity and bearing of the he
[UK_debates2023-07-18.txt | UK_debates2023-07-18_chunk_5] The Secretary of State was asked— What diplomatic steps he is taking to help support the de-escalation of violence in Israel and the Occupied Palestinian Territories. What recent assessment he has made of the implications for his policies of illegal settlements in the Occupied Palestinian Territorie
[UK_debates2025-01-07.txt | UK_debates2025-01-07_chunk_35] May I begin by paying tribute to the bravery of  the hon. Member for Oxford West and Abingdon (Layla Moran)  in continuing to fight for the population in Gaza, even as her own family and friends are suffering? My Committee is currently undertaking an inquiry into the Israel-Palestine conflict, and w
[UK_debates2023-07-04.txt | UK_debates2023-07-04_chunk_34] The Secretary of State outlined the progress being made on small modular nuclear reactors. Can he provide an estimate of how many there might be within 10 years? Great British Nuclear will be launched later in July. We will also be launching the draw-down selection process for which technologies we
[UK_debates2023-12-04.txt | UK_debates2023-12-04_chunk_35] That is exactly our strategy. It is to use diplomatic efforts in concert with humanitarian efforts to bring about a situation whereby diplomacy can take effect and the foundations can be laid of a long-term peace. We are clearly not there yet, and it will require a huge amount of diplomatic effort r
[UK_debates2023-11-08.txt | UK_debates2023-11-08_chunk_24] Britain is working intensively to get more aid into Gaza, to support the safe return of hostages and British nationals, to back Israel’s right to self-defence and to prevent a dangerous regional escalation. My right hon. Friends the Prime Minister and the Foreign Secretary have been engaging extensi
[UK_debates2024-04-29.txt | UK_debates2024-04-29_chunk_42] One of the main strategic aims of Iran, Russia’s ally, in supporting what Hamas did in October last year was to suck western powers into the middle eastern theatre, thereby diverting them from Russia’s existential conflict with Ukraine. May I urge the Minister not to comment on the suggestion that w
[UK_debates2025-09-10.txt | UK_debates2025-09-10_chunk_41] The Minister is absolutely right to call for a session at the United Nations—nobody can think that attacking the people trying to broker peace is going to lead to a ceasefire—but ahead of that, this country must have made some assessment of the case for the session and the motion. Will the Minister
[UK_debates2023-10-24.txt | UK_debates2023-10-24_chunk_2] The Secretary of State was asked— What steps he is taking to support peace and democracy in Sudan. Britain continues to advocate a return to a civilian-led Government in Sudan and improved humanitarian access. We have vigorously condemned the atrocities taking place in Darfur, as well as the other r
[UK_debates2024-03-14.txt | UK_debates2024-03-14_chunk_23] The Secretary of State is bringing forward a system of extended producer responsibility to obligate brand owners, including food suppliers, to bear the cost of recycling the packaging that they place on the market. However, in some estimates, the cost to obligated businesses will be 10 times higher","The Palestinian-Israeli conflict is discussed through the perspective of author and lawyer Raja Shehadeh, who is described as a Palestinian patriot born in Ramallah in 1951 and a co-founder of the Palestinian human rights organization Al-Haq (us_2024-09-17.txt).

**Raja Shehadeh's Perspective on the Conflict:**

*   **Historical Roots and Grievances:** Shehadeh’s perspective is anchored in the Palestinian saga of loss and grievances dating back to the 1948 Israeli War of Independence, which Palestinians regard as their Nakba (Catastrophe) (us_2024-09-17.txt). He blames the British for the 1948 Arab defeat, citing the 1917 Balfour Declaration as the root cause, believing the 1922 to 1948 British Mandate was dedicated to fulfilling the British commitment toward the Jewish people (us_2024-09-17.txt).
*   **National Identity and Colonization:** He claims that ""what happened in Palestine was the utter dissolution of a nation,"" although the document notes the acknowledged fact that no such ""nation"" historically existed (us_2024-09-17.txt). He defines Israel's success in establishing a modern Jewish national identity as ""Zionist colonization,"" noting the use of the revitalized Hebrew language to bestow Hebrew names on the rebuilt landscape that previously carried Arab ones (us_2024-09-17.txt).
*   **View on Israeli Narrative:** Shehadeh dismisses the Israeli Jewish narrative supported by the Bible, stating that Israel treated the Bible as a historical document to back up the claim that the land had belonged to the Jews from time immemorial (us_2024-09-17.txt).
*   **October 7 and Gaza War:** In his latest book, *What Does Israel Fear From Palestine?* (2024), Shehadeh condemns the October 7, 2023, Hamas massacres but seems impressed with the military aspects of catching Israel by surprise (us_2024-09-17.txt). He argues that while an occupied population has the right under international law to resist, they have no right to commit war crimes (us_2024-09-17.txt). He regards the Israeli response to the massacres as excessive (us_2024-09-17.txt).
*   **Conclusion on Israeli Fear:** Shehadeh’s own response to his book's title is: ""The very high human and material cost of the war in Gaza proves that what Israel fears from Palestine is Palestine's very existence"" (us_2024-09-17.txt).

**Ethical Arguments on Israel’s Integration vs. Western Orientation:**

The discussion regarding Israel’s orientation is framed around the issue of language and integration (us_2024-09-17.txt).

The document notes that the controversial Jewish State Law of July 19, 2018, which included the dropping of Arabic as an official language, caused understandable consternation among Israeli Arabs (us_2024-09-17.txt).

The lack of Arabic literacy among Israeli Jews (only 3% are literate in Arabic) is highlighted as ""part of an important discussion concerning Israel's better integration into the surrounding Arab Middle East while there are those Israelis who prefer a Western orientation"" (us_2024-09-17.txt). The reviewer suggests that ""both approaches ought be pursued tandem"" (us_2024-09-17.txt)."
12/31/2025 21:15,"How is the Palestinian-Israeli conflict discussed through the perspective of the author Raja Shehadeh, and what ethical arguments are presented regarding Israel’s integration into the Middle East versus a Western orientation?",hierarchical,dense,3,3,"UK_debates2024-03-19.txt, UK_debates2024-07-19.txt, us_2024-09-17.txt","hierarchical_chunks\UK_debates2024-03-19.txt_chunks\UK_debates2024-03-19_chunk_33.txt, hierarchical_chunks\UK_debates2024-07-19.txt_chunks\UK_debates2024-07-19_chunk_71.txt, hierarchical_chunks\us_2024-09-17.txt_chunks\us_2024-09-17_chunk_38.txt","[us_2024-09-17.txt | us_2024-09-17_chunk_38] Palestinian award-winning author and lawyer, Raja Shehadeh is co-founder in 1979 of Al-Haq, the Palestinian human rights organization. The Observer loaded him, ``Palestine's greatest prose writer'' and the New York Times Book Review heaps praises as well, ``in his moral clarity and bearing of the he
[UK_debates2024-07-19.txt | UK_debates2024-07-19_chunk_71] I am grateful to my hon. Friend for his question, which gives me an opportunity to talk about what I saw on the west bank. The situation is febrile—it is anxious. There is tremendous hardship because of the withdrawal of those funds. It is phenomenally tense, and against that backdrop, people are wa
[UK_debates2024-03-19.txt | UK_debates2024-03-19_chunk_33] In response to my hon. Friend’s direct question, I met the head of the Egyptian Red Crescent in Egypt. We are in very close contact to make sure that British aid and British support enhance the excellent efforts that the Red Crescent is doing everything it possibly can to prosecute. It is clear that","The Palestinian-Israeli conflict is discussed through the perspective of author Raja Shehadeh, primarily in his latest book, *What Does Israel Fear From Palestine?* (us_2024-09-17.txt).

### Raja Shehadeh's Perspective on the Conflict

Raja Shehadeh, an award-winning author, lawyer, and Palestinian patriot born in Ramallah, offers a perspective anchored in the Palestinian saga of loss and grievances dating back to the 1948 Israeli War of Independence, which Palestinians regard as their Nakba (Catastrophe) (us_2024-09-17.txt).

**Historical Views and Blame:**
*   Shehadeh blames the British for the turn of events culminating in the 1948 Arab defeat and the Palestinian debacle, pointing to the 1917 Balfour Declaration as the root cause. He states that the 1922 to 1948 British Mandate was dedicated to fulfilling the earlier declared British commitment toward the Jewish people (us_2024-09-17.txt).
*   He claims that ""what happened in Palestine was the utter dissolution of a nation,"" though the document notes this is notwithstanding the acknowledged fact that no such ""nation"" historically existed (us_2024-09-17.txt).
*   He defines Israel's success in establishing a modern Jewish national identity as ""Zionist colonization"" (us_2024-09-17.txt).
*   He dismisses the Israeli Jewish narrative supported by the Bible, stating that Israel treated the Bible as a historical document to back up the claim that the land had belonged to the Jews from time immemorial (us_2024-09-17.txt).

**Views on the Gaza War (2023-2024):**
*   The book's Part Two is dedicated to the Gaza War, triggered by the October 7, 2023, Hamas massacres, which Shehadeh condemns (us_2024-09-17.txt).
*   He argues that while an occupied population has the right under international law to resist, they have no right to commit war crimes. He observes that following the October 7 attacks, the Palestinians ""did not fit into the role of victims"" (us_2024-09-17.txt).
*   He regards the Israeli response to the October 7 massacres as excessive (us_2024-09-17.txt).
*   Regarding the book's title, Shehadeh's assessment is that ""The very high human and material cost of the war in Gaza proves that what Israel fears from Palestine is Palestine's very existence"" (us_2024-09-17.txt).

### Ethical Arguments Regarding Israel’s Integration

The provided documents discuss Israel's orientation as part of an ""important discussion"" concerning Israel's better integration into the surrounding Arab Middle East versus the preference of some Israelis for a Western orientation (us_2024-09-17.txt).

The document notes that only 3% of Israeli Jews are literate in Arabic, which is part of this discussion (us_2024-09-17.txt).

The author of the review suggests that both approaches—integration into the surrounding Arab Middle East and a Western orientation—""ought be pursued tandem"" (us_2024-09-17.txt)."
12/31/2025 21:15,"How is the Palestinian-Israeli conflict discussed through the perspective of the author Raja Shehadeh, and what ethical arguments are presented regarding Israel’s integration into the Middle East versus a Western orientation?",hierarchical,dense,5,5,"UK_debates2024-01-15.txt, UK_debates2024-03-19.txt, UK_debates2024-07-19.txt, us_2024-09-17.txt","hierarchical_chunks\UK_debates2024-01-15.txt_chunks\UK_debates2024-01-15_chunk_30.txt, hierarchical_chunks\UK_debates2024-03-19.txt_chunks\UK_debates2024-03-19_chunk_27.txt, hierarchical_chunks\UK_debates2024-03-19.txt_chunks\UK_debates2024-03-19_chunk_33.txt, hierarchical_chunks\UK_debates2024-07-19.txt_chunks\UK_debates2024-07-19_chunk_71.txt, hierarchical_chunks\us_2024-09-17.txt_chunks\us_2024-09-17_chunk_38.txt","[us_2024-09-17.txt | us_2024-09-17_chunk_38] Palestinian award-winning author and lawyer, Raja Shehadeh is co-founder in 1979 of Al-Haq, the Palestinian human rights organization. The Observer loaded him, ``Palestine's greatest prose writer'' and the New York Times Book Review heaps praises as well, ``in his moral clarity and bearing of the he
[UK_debates2024-07-19.txt | UK_debates2024-07-19_chunk_71] I am grateful to my hon. Friend for his question, which gives me an opportunity to talk about what I saw on the west bank. The situation is febrile—it is anxious. There is tremendous hardship because of the withdrawal of those funds. It is phenomenally tense, and against that backdrop, people are wa
[UK_debates2024-03-19.txt | UK_debates2024-03-19_chunk_33] In response to my hon. Friend’s direct question, I met the head of the Egyptian Red Crescent in Egypt. We are in very close contact to make sure that British aid and British support enhance the excellent efforts that the Red Crescent is doing everything it possibly can to prosecute. It is clear that
[UK_debates2024-01-15.txt | UK_debates2024-01-15_chunk_30] I would like to begin by echoing the Prime Minister’s sentiments in relation to Ukraine. All of us on the SNP Benches remain firmly united behind its struggle against Vladimir Putin’s Russia. When Sir Walter Scott wrote that in war both sides lose, I am not quite sure he had factored into the equati
[UK_debates2024-03-19.txt | UK_debates2024-03-19_chunk_27] May I start by putting on the record my gratitude to the Minister for the Middle East, who made significant representations ahead of Ramadan to reduce tensions in Jerusalem and allow access to the Al-Aqsa mosque, which so far remains calm? The IPC report makes for breathtakingly difficult reading an","Raja Shehadeh, an award-winning Palestinian author, lawyer, and co-founder of the Palestinian human rights organization Al-Haq, discusses the Palestinian-Israeli conflict from the perspective of a Palestinian patriot (us_2024-09-17.txt).

**Raja Shehadeh’s Perspective on the Conflict:**

*   **Historical Roots and Grievances:** Shehadeh anchors the conflict in the Palestinian saga of loss and grievances dating back to the 1948 Israeli War of Independence, which Palestinians regard as their Nakba (Catastrophe) (us_2024-09-17.txt).
*   **Personal Connection:** He shares reminiscences of growing up in Ramallah with his grandmother, a refugee from Jaffa, who instilled in him an attachment to the family's past. He notes that his sense of place was initially ""not my own,"" but gained a realistic sense of belonging after he was able to visit Jaffa following the 1967 War (us_2024-09-17.txt).
*   **Blame for 1948:** He blames the British for the 1948 Arab defeat, citing the 1917 Balfour Declaration as the root cause and stating that the 1922 to 1948 British Mandate was dedicated to fulfilling the British commitment toward the Jewish people (us_2024-09-17.txt).
*   **View of Israel:** He defines Israel's success in establishing a modern Jewish national identity as ""Zionist colonization"" and claims that ""what happened in Palestine was the utter dissolution of a nation"" (us_2024-09-17.txt).
*   **The Gaza War (2023-2024):** In his latest book, *What Does Israel Fear From Palestine?*, Part Two is dedicated to the Gaza War, triggered by the October 7, 2023, Hamas massacres, which he condemns (us_2024-09-17.txt).
*   **Assessment of October 7:** He notes that while an occupied population has the right under international law to resist, they have no right to commit war crimes. He observes that following the attack, the Palestinians ""did not fit into the role of victims,"" and to Israelis, they seemed like aggressors challenging Israel's existence (us_2024-09-17.txt). He regards the Israeli response to the massacres as excessive (us_2024-09-17.txt).
*   **Conclusion on Israeli Fear:** Shehadeh shares his own response to his book's title, stating that ""The very high human and material cost of the war in Gaza proves that what Israel fears from Palestine is Palestine's very existence"" (us_2024-09-17.txt).

**Ethical Arguments Regarding Israel’s Integration vs. Western Orientation:**

The discussion concerning Israel’s integration into the Middle East versus a Western orientation is linked to the status of the Arabic language and the Jewish State Law (us_2024-09-17.txt).

*   The controversial Jewish State Law of July 19, 2018, caused consternation among Israeli Arabs, exacerbated by the dropping of Arabic as an official language (us_2024-09-17.txt).
*   The fact that only 3% of Israeli Jews are literate in Arabic is cited as part of ""an important discussion concerning Israel's better integration into the surrounding Arab Middle East while there are those Israelis who prefer a Western orientation"" (us_2024-09-17.txt).
*   The ethical/strategic argument presented is that ""both approaches ought be pursued tandem"" (us_2024-09-17.txt)."
12/31/2025 21:16,"How is the Palestinian-Israeli conflict discussed through the perspective of the author Raja Shehadeh, and what ethical arguments are presented regarding Israel’s integration into the Middle East versus a Western orientation?",hierarchical,dense,10,10,"UK_debates2023-10-18.txt, UK_debates2023-12-12.txt, UK_debates2024-01-15.txt, UK_debates2024-03-19.txt, UK_debates2024-07-19.txt, UK_debates2025-03-04.txt, UK_debates2025-09-10.txt, us_2024-09-17.txt","hierarchical_chunks\UK_debates2023-10-18.txt_chunks\UK_debates2023-10-18_chunk_27.txt, hierarchical_chunks\UK_debates2023-12-12.txt_chunks\UK_debates2023-12-12_chunk_12.txt, hierarchical_chunks\UK_debates2024-01-15.txt_chunks\UK_debates2024-01-15_chunk_30.txt, hierarchical_chunks\UK_debates2024-03-19.txt_chunks\UK_debates2024-03-19_chunk_27.txt, hierarchical_chunks\UK_debates2024-03-19.txt_chunks\UK_debates2024-03-19_chunk_33.txt, hierarchical_chunks\UK_debates2024-07-19.txt_chunks\UK_debates2024-07-19_chunk_71.txt, hierarchical_chunks\UK_debates2025-03-04.txt_chunks\UK_debates2025-03-04_chunk_42.txt, hierarchical_chunks\UK_debates2025-03-04.txt_chunks\UK_debates2025-03-04_chunk_43.txt, hierarchical_chunks\UK_debates2025-09-10.txt_chunks\UK_debates2025-09-10_chunk_48.txt, hierarchical_chunks\us_2024-09-17.txt_chunks\us_2024-09-17_chunk_38.txt","[us_2024-09-17.txt | us_2024-09-17_chunk_38] Palestinian award-winning author and lawyer, Raja Shehadeh is co-founder in 1979 of Al-Haq, the Palestinian human rights organization. The Observer loaded him, ``Palestine's greatest prose writer'' and the New York Times Book Review heaps praises as well, ``in his moral clarity and bearing of the he
[UK_debates2024-07-19.txt | UK_debates2024-07-19_chunk_71] I am grateful to my hon. Friend for his question, which gives me an opportunity to talk about what I saw on the west bank. The situation is febrile—it is anxious. There is tremendous hardship because of the withdrawal of those funds. It is phenomenally tense, and against that backdrop, people are wa
[UK_debates2024-03-19.txt | UK_debates2024-03-19_chunk_33] In response to my hon. Friend’s direct question, I met the head of the Egyptian Red Crescent in Egypt. We are in very close contact to make sure that British aid and British support enhance the excellent efforts that the Red Crescent is doing everything it possibly can to prosecute. It is clear that
[UK_debates2024-01-15.txt | UK_debates2024-01-15_chunk_30] I would like to begin by echoing the Prime Minister’s sentiments in relation to Ukraine. All of us on the SNP Benches remain firmly united behind its struggle against Vladimir Putin’s Russia. When Sir Walter Scott wrote that in war both sides lose, I am not quite sure he had factored into the equati
[UK_debates2024-03-19.txt | UK_debates2024-03-19_chunk_27] May I start by putting on the record my gratitude to the Minister for the Middle East, who made significant representations ahead of Ramadan to reduce tensions in Jerusalem and allow access to the Al-Aqsa mosque, which so far remains calm? The IPC report makes for breathtakingly difficult reading an
[UK_debates2025-03-04.txt | UK_debates2025-03-04_chunk_42] The hon. Gentleman asked what we were doing practically. We are in daily contact with the region, including our mission there. Obviously, in the context of the international debate, interventions such as this urgent question push for a just solution for those on both sides of this terrible conflict.
[UK_debates2025-03-04.txt | UK_debates2025-03-04_chunk_43] I thank my hon. Friend for his question, and for his expertise on aid and foreign affairs. He is quite right to emphasise the actions of some settlers. There are many settler communities that just  get on with it, and that want a peaceful solution, but he is right to say that there is violence in th
[UK_debates2023-12-12.txt | UK_debates2023-12-12_chunk_12] Sri Lanka is a key member of the Commonwealth family and occupies a strategically vital position geographically. Warm relations are vital, but for far too long, those accused of brutal crimes in the past, including against the Tamil minority, have escaped justice. Will the Minister outline what step
[UK_debates2023-10-18.txt | UK_debates2023-10-18_chunk_27] As the Foreign Secretary said, we should soon know the direct cause of this explosion. I will send him and the Prime Minister a letter that I have received from the Worthing Islamic society—I think that Jewish people and others in my constituency will agree with every sentence. It ends by asking the
[UK_debates2025-09-10.txt | UK_debates2025-09-10_chunk_48] I am disappointed that my hon. Friend’s constituent did not reserve a cookie for me, but I am grateful for the important question that she asks. For the reasons I set out before, it is important that we continue to engage directly with the Israeli Government, particularly on questions such as the ev","The Palestinian-Israeli conflict is discussed through the perspective of author and lawyer Raja Shehadeh, a Palestinian patriot born in Ramallah in 1951, primarily in relation to his latest book, *What Does Israel Fear From Palestine?* (2024) (`us_2024-09-17.txt`).

### Raja Shehadeh's Perspective on the Conflict

Shehadeh, who is also the co-founder of the Palestinian human rights organization Al-Haq, offers a perspective that is described as ""concise packed yet imbalanced"" (`us_2024-09-17.txt`).

**Historical Views and Grievances:**
*   **The Nakba and 1948:** Shehadeh anchors the conflict in the Palestinian saga of loss and grievances dating back to the 1948 Israeli War of Independence, which Palestinians regard as their Nakba (Catastrophe) (`us_2024-09-17.txt`).
*   **Blame for Defeat:** He blames the British for the 1948 Arab defeat, citing the 1917 Balfour Declaration as the root cause and stating that the 1922 to 1948 British Mandate was dedicated to fulfilling the British commitment toward the Jewish people (`us_2024-09-17.txt`).
*   **National Dissolution:** He claims that ""what happened in Palestine was the utter dissolution of a nation,"" though the document notes the acknowledged fact that no such ""nation"" historically existed (`us_2024-09-17.txt`).
*   **Zionist Colonization:** He defines Israel's success in establishing a modern Jewish national identity as ""Zionist colonization"" (`us_2024-09-17.txt`).
*   **Personal Experience:** He shares reminiscences of growing up in Ramallah with his grandmother, a refugee from Jaffa, who instilled in him an attachment to the family's past. Following the 1967 War, when he was able to visit Jaffa, his family's roots gained a ""realistic sense of belonging"" (`us_2024-09-17.txt`).

**Views on the Gaza War (2023-2024):**
*   Shehadeh condemns the October 7, 2023, Hamas massacres that triggered the war (`us_2024-09-17.txt`).
*   He notes that while an occupied population has the right under international law to resist, they ""have no right to commit war crimes"" (`us_2024-09-17.txt`).
*   He regards the Israeli response to the October 7 massacres as excessive, expecting public Israeli criticism similar to the reaction following the 1982 Sabra and Shatila massacres (`us_2024-09-17.txt`).
*   He shares his assessment that ""The very high human and material cost of the war in Gaza proves that what Israel fears from Palestine is Palestine's very existence"" (`us_2024-09-17.txt`).

### Ethical Arguments on Israel's Integration

The discussion concerning Israel's integration into the Middle East versus a Western orientation is framed around the status of the Arabic language and the treatment of Israeli Arabs (`us_2024-09-17.txt`).

The document notes that the controversial Jewish State Law of July 19, 2018, caused ""understandable consternation among Israeli Arabs,"" exacerbated by the dropping of Arabic as an official language (`us_2024-09-17.txt`).

The author (Shehadeh) and the reviewer share the observation that only 3% of Israeli Jews are literate in Arabic. This lack of literacy is presented as ""part of an important discussion concerning Israel's better integration into the surrounding Arab Middle East while there are those Israelis who prefer a Western orientation"" (`us_2024-09-17.txt`).

The ethical/policy argument presented by the reviewer is that both approaches—integration into the surrounding Arab Middle East and a Western orientation—""ought be pursued tandem"" (`us_2024-09-17.txt`)."
