Timestamp,Query,Chunking,Method,K,Num_Chunks,Doc_IDs,Source_Paths,Chunks_Preview,Generated_Answer
2025-12-23 13:27:49,On what dates did the British Prime Minister deliver his speech on the defense budget?,fixed_660,bm25,3,3,"uk_2024-03-01.txt, uk_2024-07-25.txt, us_2024-03-01.txt","chunks_660_output\uk_2024-03-01.txt_chunks\uk_2024-03-01_chunk_3.txt, chunks_660_output\uk_2024-07-25.txt_chunks\uk_2024-07-25_chunk_8.txt, chunks_660_output\us_2024-03-01.txt_chunks\us_2024-03-01_chunk_2.txt","[uk_2024-07-25.txt | uk_2024-07-25_chunk_8] Currently, Dorothy still resides in the same house that she and her  husband built in 1955. She is a loving mother to four children with  whom she spends time with nearly every day. She has ten grandchildren  and seven great-grandchildren who she loves dearly, and she keeps  informed about her many
[uk_2024-03-01.txt | uk_2024-03-01_chunk_3] Opening day was gruesomely coincided with the announcement of the  assassination of Alexey Navalny by war criminal Putin. His widow Yulia  Navalnaya courageously spoke to proclaim the efforts to resist Putin's  oppression of the Russian people will continue. Highlights of our Saturday, February 17th
[us_2024-03-01.txt | us_2024-03-01_chunk_2] For 60 years, the Conference has been an extraordinary forum for world leaders to provide their policies with many side meetings. Opening day was gruesomely coincided with the announcement of the assassination of Alexey Navalny by war criminal Putin. His widow Yulia Navalnaya courageously spoke to p",I cannot answer this question based on the provided documents.
2025-12-23 13:27:53,On what dates did the British Prime Minister deliver his speech on the defense budget?,fixed_660,bm25,5,5,"uk_2024-03-01.txt, uk_2024-07-25.txt, uk_2024-08-06.txt, us_2024-03-01.txt","chunks_660_output\uk_2024-03-01.txt_chunks\uk_2024-03-01_chunk_2.txt, chunks_660_output\uk_2024-03-01.txt_chunks\uk_2024-03-01_chunk_3.txt, chunks_660_output\uk_2024-07-25.txt_chunks\uk_2024-07-25_chunk_8.txt, chunks_660_output\uk_2024-08-06.txt_chunks\uk_2024-08-06_chunk_4.txt, chunks_660_output\us_2024-03-01.txt_chunks\us_2024-03-01_chunk_2.txt","[uk_2024-07-25.txt | uk_2024-07-25_chunk_8] Currently, Dorothy still resides in the same house that she and her  husband built in 1955. She is a loving mother to four children with  whom she spends time with nearly every day. She has ten grandchildren  and seven great-grandchildren who she loves dearly, and she keeps  informed about her many
[uk_2024-03-01.txt | uk_2024-03-01_chunk_3] Opening day was gruesomely coincided with the announcement of the  assassination of Alexey Navalny by war criminal Putin. His widow Yulia  Navalnaya courageously spoke to proclaim the efforts to resist Putin's  oppression of the Russian people will continue. Highlights of our Saturday, February 17th
[us_2024-03-01.txt | us_2024-03-01_chunk_2] For 60 years, the Conference has been an extraordinary forum for world leaders to provide their policies with many side meetings. Opening day was gruesomely coincided with the announcement of the assassination of Alexey Navalny by war criminal Putin. His widow Yulia Navalnaya courageously spoke to p
[uk_2024-03-01.txt | uk_2024-03-01_chunk_2] Simply because coming together is a beginning,  staying together is progress but working together is success. From the Congressional Record Online through the Government Publishing Office [<a href='https://www.gpo.gov'>www.gpo.gov</a>]  COMMEMORATING BLACK HISTORY MONTH 2024  HON. ELEANOR HOLMES NOR
[uk_2024-08-06.txt | uk_2024-08-06_chunk_4] Approximately one-fifth of D.C.  residents are considered obese. Most of the obesity epidemic is  exercise- and food-related. I urge support for this bill to mobilize the country before entirely  preventable health conditions, which often begin in childhood,  overwhelm the Nation's health care syste",I cannot answer this question based on the provided documents.
2025-12-23 13:27:58,On what dates did the British Prime Minister deliver his speech on the defense budget?,fixed_660,bm25,10,10,"uk_2024-03-01.txt, uk_2024-05-22.txt, uk_2024-05-28.txt, uk_2024-07-25.txt, uk_2024-08-06.txt, uk_2024-09-17.txt, uk_2025-06-02.txt, us_2024-03-01.txt","chunks_660_output\uk_2024-03-01.txt_chunks\uk_2024-03-01_chunk_2.txt, chunks_660_output\uk_2024-03-01.txt_chunks\uk_2024-03-01_chunk_3.txt, chunks_660_output\uk_2024-05-22.txt_chunks\uk_2024-05-22_chunk_2.txt, chunks_660_output\uk_2024-05-28.txt_chunks\uk_2024-05-28_chunk_2.txt, chunks_660_output\uk_2024-07-25.txt_chunks\uk_2024-07-25_chunk_8.txt, chunks_660_output\uk_2024-08-06.txt_chunks\uk_2024-08-06_chunk_4.txt, chunks_660_output\uk_2024-09-17.txt_chunks\uk_2024-09-17_chunk_8.txt, chunks_660_output\uk_2024-09-17.txt_chunks\uk_2024-09-17_chunk_9.txt, chunks_660_output\uk_2025-06-02.txt_chunks\uk_2025-06-02_chunk_6.txt, chunks_660_output\us_2024-03-01.txt_chunks\us_2024-03-01_chunk_2.txt","[uk_2024-07-25.txt | uk_2024-07-25_chunk_8] Currently, Dorothy still resides in the same house that she and her  husband built in 1955. She is a loving mother to four children with  whom she spends time with nearly every day. She has ten grandchildren  and seven great-grandchildren who she loves dearly, and she keeps  informed about her many
[uk_2024-03-01.txt | uk_2024-03-01_chunk_3] Opening day was gruesomely coincided with the announcement of the  assassination of Alexey Navalny by war criminal Putin. His widow Yulia  Navalnaya courageously spoke to proclaim the efforts to resist Putin's  oppression of the Russian people will continue. Highlights of our Saturday, February 17th
[us_2024-03-01.txt | us_2024-03-01_chunk_2] For 60 years, the Conference has been an extraordinary forum for world leaders to provide their policies with many side meetings. Opening day was gruesomely coincided with the announcement of the assassination of Alexey Navalny by war criminal Putin. His widow Yulia Navalnaya courageously spoke to p
[uk_2024-03-01.txt | uk_2024-03-01_chunk_2] Simply because coming together is a beginning,  staying together is progress but working together is success. From the Congressional Record Online through the Government Publishing Office [<a href='https://www.gpo.gov'>www.gpo.gov</a>]  COMMEMORATING BLACK HISTORY MONTH 2024  HON. ELEANOR HOLMES NOR
[uk_2024-08-06.txt | uk_2024-08-06_chunk_4] Approximately one-fifth of D.C.  residents are considered obese. Most of the obesity epidemic is  exercise- and food-related. I urge support for this bill to mobilize the country before entirely  preventable health conditions, which often begin in childhood,  overwhelm the Nation's health care syste
[uk_2024-05-22.txt | uk_2024-05-22_chunk_2] On May 15,  2024, Taiwan's National Defense Ministry reported 45 Chinese military  aircraft around the island, in just one day. With these growing  tensions, the pressure on President Lai to balance security risks with  promises of protecting the independence of Taiwan are high. Though the United St
[uk_2025-06-02.txt | uk_2025-06-02_chunk_6] CHOB-210  10:15 a.m.  Committee on the Judiciary  Business meeting to consider S. 1829, to combat the  sexual exploitation of children by supporting victims  and promoting accountability and transparency by the  tech industry, and the nominations of Stanley Woodward,  Jr., of the District of Columbi
[uk_2024-09-17.txt | uk_2024-09-17_chunk_8] New York: Other Press. 2024,  Shehadeh, clearly a Palestinian patriot who was born in 1951  in the West Bank town of Ramallah, offers us a concise packed  yet imbalanced perspective on the long and agonizing  Palestinian-Israeli conflict that the October 7, 2023,  Hamas's vile attack with terrifying
[uk_2024-09-17.txt | uk_2024-09-17_chunk_9] Sadly, I  share with the author, only 3% of Israeli Jews are literate  in Arabic. That is part of an important discussion concerning  Israel's better integration into the surrounding Arab Middle  East while there are those Israelis who prefer a Western  orientation. I suggest that both approaches ou
[uk_2024-05-28.txt | uk_2024-05-28_chunk_2] After Imperialist Japan bombed Pearl Harbor on December 7th,  1941, the United States declared war on Japan and its allies,  Germany and Italy. In the immortal words of the Great  American General, George Marshall, quote, ``Before the sun  sets, our flag will be recognized throughout the world as a",I cannot answer this question based on the provided documents.
2025-12-23 13:28:02,On what dates did the British Prime Minister deliver his speech on the defense budget?,fixed_660,dense,3,3,"uk_2023-09-19.txt, uk_2023-12-07.txt, uk_2024-06-03.txt","chunks_660_output\uk_2023-09-19.txt_chunks\uk_2023-09-19_chunk_3.txt, chunks_660_output\uk_2023-12-07.txt_chunks\uk_2023-12-07_chunk_7.txt, chunks_660_output\uk_2024-06-03.txt_chunks\uk_2024-06-03_chunk_10.txt","[uk_2023-09-19.txt | uk_2023-09-19_chunk_3] Mr. Speaker, this year is special. Under the dedication and expertise  of Festival Coordinator Rick Marchand, the event has blossomed year  after year. This year, the festival will provide 1,000 complimentary  meals to children and their families, accommodate 230 local vendors,  and welcome several
[uk_2023-12-07.txt | uk_2023-12-07_chunk_7] Mr. Speaker, I rise today to honor a remarkable veteran, an  esteemed member of our community in western Massachusetts, and a  national hero. Born and raised in Holyoke, Massachusetts, Harry L.  Chandler is one of the few remaining members of the Greatest  Generation. Now 102 years old, Harry will b
[uk_2024-06-03.txt | uk_2024-06-03_chunk_10] JUNE 12  10 a.m.  Committee on Environment and Public Works  To hold hearings to examine the President's proposed  budget request for fiscal year 2025 for the Fish and  Wildlife Service. From the Congressional Record Online through the Government Publishing Office [<a href='https://www.gpo.gov'>www.",I cannot answer this question based on the provided documents.
2025-12-23 13:28:07,On what dates did the British Prime Minister deliver his speech on the defense budget?,fixed_660,dense,5,5,"uk_2023-09-19.txt, uk_2023-12-07.txt, uk_2024-05-15.txt, uk_2024-06-03.txt, uk_2025-05-23.txt","chunks_660_output\uk_2023-09-19.txt_chunks\uk_2023-09-19_chunk_3.txt, chunks_660_output\uk_2023-12-07.txt_chunks\uk_2023-12-07_chunk_7.txt, chunks_660_output\uk_2024-05-15.txt_chunks\uk_2024-05-15_chunk_7.txt, chunks_660_output\uk_2024-06-03.txt_chunks\uk_2024-06-03_chunk_10.txt, chunks_660_output\uk_2025-05-23.txt_chunks\uk_2025-05-23_chunk_6.txt","[uk_2023-09-19.txt | uk_2023-09-19_chunk_3] Mr. Speaker, this year is special. Under the dedication and expertise  of Festival Coordinator Rick Marchand, the event has blossomed year  after year. This year, the festival will provide 1,000 complimentary  meals to children and their families, accommodate 230 local vendors,  and welcome several
[uk_2023-12-07.txt | uk_2023-12-07_chunk_7] Mr. Speaker, I rise today to honor a remarkable veteran, an  esteemed member of our community in western Massachusetts, and a  national hero. Born and raised in Holyoke, Massachusetts, Harry L.  Chandler is one of the few remaining members of the Greatest  Generation. Now 102 years old, Harry will b
[uk_2024-06-03.txt | uk_2024-06-03_chunk_10] JUNE 12  10 a.m.  Committee on Environment and Public Works  To hold hearings to examine the President's proposed  budget request for fiscal year 2025 for the Fish and  Wildlife Service. From the Congressional Record Online through the Government Publishing Office [<a href='https://www.gpo.gov'>www.
[uk_2025-05-23.txt | uk_2025-05-23_chunk_6] Mr. Speaker, I rise today in recognition of Memorial Day, a time to  commemorate the valor and sacrifices of the brave men and women who  laid down their lives in service to our nation. To recall those who  enlisted in our armed forces and fought to preserve our American  liberties, values, and way
[uk_2024-05-15.txt | uk_2024-05-15_chunk_7] 4:45 p.m.  Committee on Armed Services  Subcommittee on Strategic Forces  To hold hearings to examine the Department of Energy's  atomic energy defense activities and Department of  Defense nuclear weapons programs in review of the  Defense Authorization Request for Fiscal Year 2025 and  the Future",I cannot answer this question based on the provided documents.
2025-12-23 13:28:12,On what dates did the British Prime Minister deliver his speech on the defense budget?,fixed_660,dense,10,10,"uk_2023-09-19.txt, uk_2023-09-20.txt, uk_2023-12-07.txt, uk_2024-05-15.txt, uk_2024-06-03.txt, uk_2024-10-29.txt, uk_2025-05-23.txt, uk_2025-06-06.txt, uk_2025-06-11.txt, us_2023-12-15.txt","chunks_660_output\uk_2023-09-19.txt_chunks\uk_2023-09-19_chunk_3.txt, chunks_660_output\uk_2023-09-20.txt_chunks\uk_2023-09-20_chunk_9.txt, chunks_660_output\uk_2023-12-07.txt_chunks\uk_2023-12-07_chunk_7.txt, chunks_660_output\uk_2024-05-15.txt_chunks\uk_2024-05-15_chunk_7.txt, chunks_660_output\uk_2024-06-03.txt_chunks\uk_2024-06-03_chunk_10.txt, chunks_660_output\uk_2024-10-29.txt_chunks\uk_2024-10-29_chunk_5.txt, chunks_660_output\uk_2025-05-23.txt_chunks\uk_2025-05-23_chunk_6.txt, chunks_660_output\uk_2025-06-06.txt_chunks\uk_2025-06-06_chunk_3.txt, chunks_660_output\uk_2025-06-11.txt_chunks\uk_2025-06-11_chunk_9.txt, chunks_660_output\us_2023-12-15.txt_chunks\us_2023-12-15_chunk_1.txt","[uk_2023-09-19.txt | uk_2023-09-19_chunk_3] Mr. Speaker, this year is special. Under the dedication and expertise  of Festival Coordinator Rick Marchand, the event has blossomed year  after year. This year, the festival will provide 1,000 complimentary  meals to children and their families, accommodate 230 local vendors,  and welcome several
[uk_2023-12-07.txt | uk_2023-12-07_chunk_7] Mr. Speaker, I rise today to honor a remarkable veteran, an  esteemed member of our community in western Massachusetts, and a  national hero. Born and raised in Holyoke, Massachusetts, Harry L.  Chandler is one of the few remaining members of the Greatest  Generation. Now 102 years old, Harry will b
[uk_2024-06-03.txt | uk_2024-06-03_chunk_10] JUNE 12  10 a.m.  Committee on Environment and Public Works  To hold hearings to examine the President's proposed  budget request for fiscal year 2025 for the Fish and  Wildlife Service. From the Congressional Record Online through the Government Publishing Office [<a href='https://www.gpo.gov'>www.
[uk_2025-05-23.txt | uk_2025-05-23_chunk_6] Mr. Speaker, I rise today in recognition of Memorial Day, a time to  commemorate the valor and sacrifices of the brave men and women who  laid down their lives in service to our nation. To recall those who  enlisted in our armed forces and fought to preserve our American  liberties, values, and way
[uk_2024-05-15.txt | uk_2024-05-15_chunk_7] 4:45 p.m.  Committee on Armed Services  Subcommittee on Strategic Forces  To hold hearings to examine the Department of Energy's  atomic energy defense activities and Department of  Defense nuclear weapons programs in review of the  Defense Authorization Request for Fiscal Year 2025 and  the Future
[us_2023-12-15.txt | us_2023-12-15_chunk_1] CONFERENCE REPORT ON H.R. 2670, NATIONAL DEFENSE AUTHORIZATION ACT FOR FISCAL YEAR 2024; Congressional Record Vol. 169, No. 207    Date: 2023-12-15 Volume: 169, Issue: 207 Pages: E1242 - E1242 ================================================================================ [Extensions of Remarks] Fr
[uk_2023-09-20.txt | uk_2023-09-20_chunk_9] ``House Budget Committee Chair Jody Arrington's [. . . fiscal plan] won't solve our financial problems--but it will  stop the bleeding. `The plan reaches a balanced budget in 10  years without a penny of new taxes,' said Arrington. `We grow  the economy and cut spending.' ``The Democrats and Biden a
[uk_2025-06-06.txt | uk_2025-06-06_chunk_3] Mr. Speaker, I rise today to honor World War II  veteran and D-Day survivor, ``Papa'' Jake Larson, for his invaluable  contributions to our nation. Eager to serve his country, Jake enlisted in the National Guard at  just 15 years old after lying about his age. After the attack on Pearl  Harbor in De
[uk_2024-10-29.txt | uk_2024-10-29_chunk_5] Mr. Speaker, it is my privilege to honor and celebrate  Mr. William Robertson Wainwright of Salisbury, Maryland as he  approaches his 100th birthday on November 21st. Born in 1924, Mr. Wainwright honorably served in the United States  Army during World War II from 1943 until 1946. It is a distinct p
[uk_2025-06-11.txt | uk_2025-06-11_chunk_9] JUNE 18  9:30 a.m.  Committee on Armed Services  To hold hearings to examine the President's proposed  budget request for fiscal year 2026 and the Future  Years Defense Program for the Department of Defense; to  be immediately followed by a closed session in SVC-217. 10 a.m.  Committee on Commerce,",I cannot answer this question based on the provided documents.
2025-12-23 13:28:18,On what dates did the British Prime Minister deliver his speech on the defense budget?,hierarchical,bm25,3,3,"UK_debates2024-10-28.txt, UK_debates2025-04-02.txt, us_2024-05-01.txt","hierarchical_chunks\UK_debates2024-10-28.txt_chunks\UK_debates2024-10-28_chunk_54.txt, hierarchical_chunks\UK_debates2025-04-02.txt_chunks\UK_debates2025-04-02_chunk_16.txt, hierarchical_chunks\us_2024-05-01.txt_chunks\us_2024-05-01_chunk_34.txt","[UK_debates2025-04-02.txt | UK_debates2025-04-02_chunk_16] The triple lock was a Conservative policy—[Interruption.] Order. Rather than the Prime Minister congratulating himself on what we did, why don’t we talk about what he is doing? From Sunday, Labour’s job tax will mean that many British businesses face a terrible choice: cut wages, put up prices or sa
[UK_debates2024-10-28.txt | UK_debates2024-10-28_chunk_54] In Jimmy Lai’s case, he is a British citizen and a prisoner in Hong Kong for committing no crime whatever. Did the Foreign Secretary not only call for his release, as he just said, but demand full consular rights of access? On sanctions on British parliamentarians, the week before last, the Leader o
[us_2024-05-01.txt | us_2024-05-01_chunk_34] MAY 8 10 a.m. Committee on Appropriations Subcommittee on Agriculture, Rural Development, Food and Drug Administration, and Related Agencies To hold hearings to examine proposed budget estimates and justification for fiscal year 2025 for the Food and Drug Administration. SD-124 Committee on Appropri",I cannot answer this question based on the provided documents.
2025-12-23 13:28:25,On what dates did the British Prime Minister deliver his speech on the defense budget?,hierarchical,bm25,5,5,"UK_debates2024-10-28.txt, UK_debates2024-11-13.txt, UK_debates2025-04-02.txt, UK_debates2025-07-16.txt, us_2024-05-01.txt","hierarchical_chunks\UK_debates2024-10-28.txt_chunks\UK_debates2024-10-28_chunk_54.txt, hierarchical_chunks\UK_debates2024-11-13.txt_chunks\UK_debates2024-11-13_chunk_19.txt, hierarchical_chunks\UK_debates2025-04-02.txt_chunks\UK_debates2025-04-02_chunk_16.txt, hierarchical_chunks\UK_debates2025-07-16.txt_chunks\UK_debates2025-07-16_chunk_21.txt, hierarchical_chunks\us_2024-05-01.txt_chunks\us_2024-05-01_chunk_34.txt","[UK_debates2025-04-02.txt | UK_debates2025-04-02_chunk_16] The triple lock was a Conservative policy—[Interruption.] Order. Rather than the Prime Minister congratulating himself on what we did, why don’t we talk about what he is doing? From Sunday, Labour’s job tax will mean that many British businesses face a terrible choice: cut wages, put up prices or sa
[UK_debates2024-10-28.txt | UK_debates2024-10-28_chunk_54] In Jimmy Lai’s case, he is a British citizen and a prisoner in Hong Kong for committing no crime whatever. Did the Foreign Secretary not only call for his release, as he just said, but demand full consular rights of access? On sanctions on British parliamentarians, the week before last, the Leader o
[us_2024-05-01.txt | us_2024-05-01_chunk_34] MAY 8 10 a.m. Committee on Appropriations Subcommittee on Agriculture, Rural Development, Food and Drug Administration, and Related Agencies To hold hearings to examine proposed budget estimates and justification for fiscal year 2025 for the Food and Drug Administration. SD-124 Committee on Appropri
[UK_debates2024-11-13.txt | UK_debates2024-11-13_chunk_19] The Prime Minister has nothing to offer but platitudes. The fact is that the Government do not know what they are doing. Their ideological Budget was designed to milk the private sector and hope that nobody would notice. Now, his Cabinet Ministers are all queuing up for public sector bail-outs for h
[UK_debates2025-07-16.txt | UK_debates2025-07-16_chunk_21] The Prime Minister says that he is not going to write the Budget, but his Chancellor is on the front of the Daily Mirror talking about what she is going to do on taxes, so why can he not do the same in the Chamber? I asked him about pension contributions. The truth is that he does not want to talk a",I cannot answer this question based on the provided documents.
2025-12-23 13:28:36,On what dates did the British Prime Minister deliver his speech on the defense budget?,hierarchical,bm25,10,10,"UK_debates2023-10-25.txt, UK_debates2023-11-07.txt, UK_debates2024-10-28.txt, UK_debates2024-11-13.txt, UK_debates2024-12-18.txt, UK_debates2025-02-25.txt, UK_debates2025-04-02.txt, UK_debates2025-07-09.txt, UK_debates2025-07-16.txt, us_2024-05-01.txt","hierarchical_chunks\UK_debates2023-10-25.txt_chunks\UK_debates2023-10-25_chunk_27.txt, hierarchical_chunks\UK_debates2023-11-07.txt_chunks\UK_debates2023-11-07_chunk_3.txt, hierarchical_chunks\UK_debates2024-10-28.txt_chunks\UK_debates2024-10-28_chunk_54.txt, hierarchical_chunks\UK_debates2024-11-13.txt_chunks\UK_debates2024-11-13_chunk_19.txt, hierarchical_chunks\UK_debates2024-12-18.txt_chunks\UK_debates2024-12-18_chunk_17.txt, hierarchical_chunks\UK_debates2025-02-25.txt_chunks\UK_debates2025-02-25_chunk_33.txt, hierarchical_chunks\UK_debates2025-04-02.txt_chunks\UK_debates2025-04-02_chunk_16.txt, hierarchical_chunks\UK_debates2025-07-09.txt_chunks\UK_debates2025-07-09_chunk_13.txt, hierarchical_chunks\UK_debates2025-07-16.txt_chunks\UK_debates2025-07-16_chunk_21.txt, hierarchical_chunks\us_2024-05-01.txt_chunks\us_2024-05-01_chunk_34.txt","[UK_debates2025-04-02.txt | UK_debates2025-04-02_chunk_16] The triple lock was a Conservative policy—[Interruption.] Order. Rather than the Prime Minister congratulating himself on what we did, why don’t we talk about what he is doing? From Sunday, Labour’s job tax will mean that many British businesses face a terrible choice: cut wages, put up prices or sa
[UK_debates2024-10-28.txt | UK_debates2024-10-28_chunk_54] In Jimmy Lai’s case, he is a British citizen and a prisoner in Hong Kong for committing no crime whatever. Did the Foreign Secretary not only call for his release, as he just said, but demand full consular rights of access? On sanctions on British parliamentarians, the week before last, the Leader o
[us_2024-05-01.txt | us_2024-05-01_chunk_34] MAY 8 10 a.m. Committee on Appropriations Subcommittee on Agriculture, Rural Development, Food and Drug Administration, and Related Agencies To hold hearings to examine proposed budget estimates and justification for fiscal year 2025 for the Food and Drug Administration. SD-124 Committee on Appropri
[UK_debates2024-11-13.txt | UK_debates2024-11-13_chunk_19] The Prime Minister has nothing to offer but platitudes. The fact is that the Government do not know what they are doing. Their ideological Budget was designed to milk the private sector and hope that nobody would notice. Now, his Cabinet Ministers are all queuing up for public sector bail-outs for h
[UK_debates2025-07-16.txt | UK_debates2025-07-16_chunk_21] The Prime Minister says that he is not going to write the Budget, but his Chancellor is on the front of the Daily Mirror talking about what she is going to do on taxes, so why can he not do the same in the Chamber? I asked him about pension contributions. The truth is that he does not want to talk a
[UK_debates2023-11-07.txt | UK_debates2023-11-07_chunk_3] Before I turn to the Humble Address, I am sure the whole House will join me in paying tribute to His Majesty the King on the occasion of his first Gracious Speech as our sovereign. Of course, he gave the speech last year, and has for some time enjoyed the best view in the House on how it should be d
[UK_debates2025-07-09.txt | UK_debates2025-07-09_chunk_13] The Prime Minister still does not understand, so I am going to make it very simple for him: this is a mess of his own making—he should not be asking how we would clean it up. The fact is this Government raised national insurance through the jobs tax, and that is why they have to put up council tax.
[UK_debates2023-10-25.txt | UK_debates2023-10-25_chunk_27] The Prime Minister keeps boasting about how great things are; the voters keep telling him that he has got it wrong. I can see why the Tamworth candidate thought that he was just following Government lines. Annalisa and her two children lived in their home for eight years. In May, they were kicked ou
[UK_debates2024-12-18.txt | UK_debates2024-12-18_chunk_17] The Prime Minister needs to misrepresent me in order to make his point; I do not need to misrepresent him in order to make mine. The truth is that he did not think this through. Cutting winter fuel payments is not just callous; it may not make savings and it could actually cost us all more. It is no
[UK_debates2025-02-25.txt | UK_debates2025-02-25_chunk_33] The Prime Minister will know that I wrote to him at the weekend with suggestions on what we can do to help increase defence spending, so I welcome his announcement on repurposing money from the overseas development budget—that is absolutely right—and I look forward to him taking up my other suggesti","The British Prime Minister delivered a statement or announcement regarding the defense budget, including a new value-for-money defense reform and efficiency plan, on **February 25, 2025** (UK_debates2025-02-25.txt).

During this event, the Prime Minister set out how the increased defense spend (taking the total to 2.6%) would be paid for, specifically mentioning the repurposing of money from the overseas development budget (UK_debates2025-02-25.txt)."
2025-12-23 13:28:44,On what dates did the British Prime Minister deliver his speech on the defense budget?,hierarchical,dense,3,3,"UK_debates2025-01-15.txt, UK_debates2025-02-26.txt, UK_debates2025-06-30.txt","hierarchical_chunks\UK_debates2025-01-15.txt_chunks\UK_debates2025-01-15_chunk_26.txt, hierarchical_chunks\UK_debates2025-02-26.txt_chunks\UK_debates2025-02-26_chunk_18.txt, hierarchical_chunks\UK_debates2025-06-30.txt_chunks\UK_debates2025-06-30_chunk_20.txt","[UK_debates2025-02-26.txt | UK_debates2025-02-26_chunk_18] Turning to the details of the plan the Prime Minister set out yesterday, over the weekend I suggested to him that he cut the aid budget, and I am pleased that he accepted my advice—[Laughter.] It is the fastest response I have ever had from the Prime Minister. However, he announced £13.4 billion in
[UK_debates2025-01-15.txt | UK_debates2025-01-15_chunk_26] The Prime Minister knows very well that the Office for Budget Responsibility found no such black hole. He talks about a mini-Budget three years ago. Borrowing costs last week were at a 27-year high for 30-year gilts. The Chancellor is apparently promising to be ruthless in reducing spending. Let me
[UK_debates2025-06-30.txt | UK_debates2025-06-30_chunk_20] I welcome the hon. Gentleman to the Dispatch Box and to the Conservative Front Bench team, alongside his two very distinguished colleagues,  the right hon. Member for Rayleigh and Wickford (Mr Francois)  and  the hon. Member for South Suffolk (James Cartlidge) . I gently say to him that, since the e","The Prime Minister set out the details of his plan and announced the additional defence spending on the day before the debate recorded in UK_debates2025-02-26.txt. Therefore, the speech was delivered on February 25, 2025 (UK_debates2025-02-26.txt)."
2025-12-23 13:28:51,On what dates did the British Prime Minister deliver his speech on the defense budget?,hierarchical,dense,5,5,"UK_debates2024-01-15.txt, UK_debates2024-10-14.txt, UK_debates2025-01-15.txt, UK_debates2025-02-26.txt, UK_debates2025-06-30.txt","hierarchical_chunks\UK_debates2024-01-15.txt_chunks\UK_debates2024-01-15_chunk_29.txt, hierarchical_chunks\UK_debates2024-10-14.txt_chunks\UK_debates2024-10-14_chunk_9.txt, hierarchical_chunks\UK_debates2025-01-15.txt_chunks\UK_debates2025-01-15_chunk_26.txt, hierarchical_chunks\UK_debates2025-02-26.txt_chunks\UK_debates2025-02-26_chunk_18.txt, hierarchical_chunks\UK_debates2025-06-30.txt_chunks\UK_debates2025-06-30_chunk_20.txt","[UK_debates2025-02-26.txt | UK_debates2025-02-26_chunk_18] Turning to the details of the plan the Prime Minister set out yesterday, over the weekend I suggested to him that he cut the aid budget, and I am pleased that he accepted my advice—[Laughter.] It is the fastest response I have ever had from the Prime Minister. However, he announced £13.4 billion in
[UK_debates2025-01-15.txt | UK_debates2025-01-15_chunk_26] The Prime Minister knows very well that the Office for Budget Responsibility found no such black hole. He talks about a mini-Budget three years ago. Borrowing costs last week were at a 27-year high for 30-year gilts. The Chancellor is apparently promising to be ruthless in reducing spending. Let me
[UK_debates2025-06-30.txt | UK_debates2025-06-30_chunk_20] I welcome the hon. Gentleman to the Dispatch Box and to the Conservative Front Bench team, alongside his two very distinguished colleagues,  the right hon. Member for Rayleigh and Wickford (Mr Francois)  and  the hon. Member for South Suffolk (James Cartlidge) . I gently say to him that, since the e
[UK_debates2024-01-15.txt | UK_debates2024-01-15_chunk_29] The Prime Minister was clearly absolutely justified to respond as he did, particularly after the direct attack against HMS Diamond, but given that at the time of the Falklands campaign we had 35 frigates and destroyers and were spending 4.5% of GDP on defence, whereas both those figures can be cut i
[UK_debates2024-10-14.txt | UK_debates2024-10-14_chunk_9] Thank you, Mr Speaker. I associate all of us in my party with your comments about the late Alex Salmond. The most important point about the SDR is that it must not be used as an excuse to delay increasing the defence budget to 2.5% of GDP. In September, in answers to written questions, the Departmen","The Prime Minister set out details of a plan and announced £13.4 billion in additional defence spending ""yesterday"" relative to the debate on February 26, 2025 (UK_debates2025-02-26.txt). Therefore, the speech or announcement occurred on **February 25, 2025** (UK_debates2025-02-26.txt).

The Prime Minister also set an ambition for defence spending to reach 3% in the next Parliament on that same day (UK_debates2025-02-26.txt)."
2025-12-23 13:28:59,On what dates did the British Prime Minister deliver his speech on the defense budget?,hierarchical,dense,10,10,"UK_debates2024-01-15.txt, UK_debates2024-03-11.txt, UK_debates2024-07-30.txt, UK_debates2024-10-14.txt, UK_debates2025-01-06.txt, UK_debates2025-01-15.txt, UK_debates2025-02-25.txt, UK_debates2025-02-26.txt, UK_debates2025-05-19.txt, UK_debates2025-06-30.txt","hierarchical_chunks\UK_debates2024-01-15.txt_chunks\UK_debates2024-01-15_chunk_29.txt, hierarchical_chunks\UK_debates2024-03-11.txt_chunks\UK_debates2024-03-11_chunk_27.txt, hierarchical_chunks\UK_debates2024-07-30.txt_chunks\UK_debates2024-07-30_chunk_26.txt, hierarchical_chunks\UK_debates2024-10-14.txt_chunks\UK_debates2024-10-14_chunk_9.txt, hierarchical_chunks\UK_debates2025-01-06.txt_chunks\UK_debates2025-01-06_chunk_7.txt, hierarchical_chunks\UK_debates2025-01-15.txt_chunks\UK_debates2025-01-15_chunk_26.txt, hierarchical_chunks\UK_debates2025-02-25.txt_chunks\UK_debates2025-02-25_chunk_45.txt, hierarchical_chunks\UK_debates2025-02-26.txt_chunks\UK_debates2025-02-26_chunk_18.txt, hierarchical_chunks\UK_debates2025-05-19.txt_chunks\UK_debates2025-05-19_chunk_18.txt, hierarchical_chunks\UK_debates2025-06-30.txt_chunks\UK_debates2025-06-30_chunk_20.txt","[UK_debates2025-02-26.txt | UK_debates2025-02-26_chunk_18] Turning to the details of the plan the Prime Minister set out yesterday, over the weekend I suggested to him that he cut the aid budget, and I am pleased that he accepted my advice—[Laughter.] It is the fastest response I have ever had from the Prime Minister. However, he announced £13.4 billion in
[UK_debates2025-01-15.txt | UK_debates2025-01-15_chunk_26] The Prime Minister knows very well that the Office for Budget Responsibility found no such black hole. He talks about a mini-Budget three years ago. Borrowing costs last week were at a 27-year high for 30-year gilts. The Chancellor is apparently promising to be ruthless in reducing spending. Let me
[UK_debates2025-06-30.txt | UK_debates2025-06-30_chunk_20] I welcome the hon. Gentleman to the Dispatch Box and to the Conservative Front Bench team, alongside his two very distinguished colleagues,  the right hon. Member for Rayleigh and Wickford (Mr Francois)  and  the hon. Member for South Suffolk (James Cartlidge) . I gently say to him that, since the e
[UK_debates2024-01-15.txt | UK_debates2024-01-15_chunk_29] The Prime Minister was clearly absolutely justified to respond as he did, particularly after the direct attack against HMS Diamond, but given that at the time of the Falklands campaign we had 35 frigates and destroyers and were spending 4.5% of GDP on defence, whereas both those figures can be cut i
[UK_debates2024-10-14.txt | UK_debates2024-10-14_chunk_9] Thank you, Mr Speaker. I associate all of us in my party with your comments about the late Alex Salmond. The most important point about the SDR is that it must not be used as an excuse to delay increasing the defence budget to 2.5% of GDP. In September, in answers to written questions, the Departmen
[UK_debates2025-01-06.txt | UK_debates2025-01-06_chunk_7] I congratulate the Minister for Veterans and People,  the hon. and gallant Member for Birmingham Selly Oak (Al Carns) , on receiving a distinguished service order—we are all proud of him. The Government have tied the announcement of their timetable for 2.5% to the publication of the strategic defenc
[UK_debates2025-02-25.txt | UK_debates2025-02-25_chunk_45] I warmly welcome the Prime Minister’s statement and this strong commitment to defence spending. I welcome as well the work being done with the Chancellor and the Defence Secretary on ensuring that we get as much value as we can for each pound spent on delivering capability. Will the Prime Minister r
[UK_debates2025-05-19.txt | UK_debates2025-05-19_chunk_18] I thank the right hon. Gentleman for that question. This Government are delivering for defence with increased defence spending. By April 2027, we will be spending 2.5% of our GDP on defence, which includes an extra £5 billion for defence in this financial year; that will rise to 3% in the next Parli
[UK_debates2024-07-30.txt | UK_debates2024-07-30_chunk_26] I thank the hon. Gentleman and my hon. Friend  the Member for Plymouth Moor View (Fred Thomas)  for their service. I gently remind the hon. Gentleman that the last Government to get to 2.5% of GDP spending on defence was a Labour Government. We intend to get back there and those plans will be announ
[UK_debates2024-03-11.txt | UK_debates2024-03-11_chunk_27] rose— rose— Order. I appreciate that two hon. Members are rising to ask questions, but perhaps they have forgotten that they have already had that opportunity; each asked a question earlier this afternoon. I know  the hon. Member for Huddersfield (Mr Sheerman)  got away with two questions, but I oft","Based on the provided documents, the British Prime Minister delivered a statement or set out a plan regarding the defense budget on **February 25, 2025** (UK_debates2025-02-26.txt, UK_debates2025-02-25.txt).

This date is derived from the following references:

*   The document dated 2025-02-26.txt repeatedly refers to the plan, additional spending (£13.4 billion), and ambition (3% spending) that the Prime Minister ""set out yesterday"" (UK_debates2025-02-26.txt).
*   The document dated 2025-02-25.txt contains a welcome for the Prime Minister’s ""statement and this strong commitment to defence spending"" (UK_debates2025-02-25.txt)."
2025-12-23 13:29:04,What was the main argument regarding the immigration bill that was presented?,fixed_660,bm25,3,3,"uk_2023-08-04.txt, uk_2025-04-09.txt, us_2024-02-09.txt","chunks_660_output\uk_2023-08-04.txt_chunks\uk_2023-08-04_chunk_1.txt, chunks_660_output\uk_2025-04-09.txt_chunks\uk_2025-04-09_chunk_5.txt, chunks_660_output\us_2024-02-09.txt_chunks\us_2024-02-09_chunk_6.txt","[uk_2023-08-04.txt | uk_2023-08-04_chunk_1] ﻿Title: APPLICABILITY OF THE AIRLINE DEREGULATION ACT TO STATE WORKERS' COMPENSATION PROGRAMS; Congressional Record Vol. 169, No. 133  From the Congressional Record Online through the Government Publishing Office [<a href='https://www.gpo.gov'>www.gpo.gov</a>]  APPLICABILITY OF THE AIRLINE DEREGULAT
[uk_2025-04-09.txt | uk_2025-04-09_chunk_5] This  disorder affects the lungs in approximately 90 percent of cases, but it  can affect almost any organ in the body. Despite increasing advances in research, sarcoidosis remains  difficult to diagnose with limited treatment options and no known cure. Sarcoidosis is considered chronic in people wh
[us_2024-02-09.txt | us_2024-02-09_chunk_6] For example, when Trump's White House Office of Management and Budget (OMB) placed a hold on congressionally mandated aid to Ukraine in the July 2019 as part of President Trump's scheme to coerce Ukraine, every relevant agency of Trump's own administration except OMB questioned the hold and supporte","I cannot answer this question based on the provided documents. The documents discuss arguments related to immigration and border control policy preferences and whether the actions of Secretary Mayorkas constitute grounds for impeachment, but they do not detail the main argument regarding a specific ""immigration bill"" (us_2024-02-09.txt)."
2025-12-23 13:29:10,What was the main argument regarding the immigration bill that was presented?,fixed_660,bm25,5,5,"uk_2023-08-04.txt, uk_2024-03-19.txt, uk_2025-04-09.txt, uk_2025-05-29.txt, us_2024-02-09.txt","chunks_660_output\uk_2023-08-04.txt_chunks\uk_2023-08-04_chunk_1.txt, chunks_660_output\uk_2024-03-19.txt_chunks\uk_2024-03-19_chunk_7.txt, chunks_660_output\uk_2025-04-09.txt_chunks\uk_2025-04-09_chunk_5.txt, chunks_660_output\uk_2025-05-29.txt_chunks\uk_2025-05-29_chunk_5.txt, chunks_660_output\us_2024-02-09.txt_chunks\us_2024-02-09_chunk_6.txt","[uk_2023-08-04.txt | uk_2023-08-04_chunk_1] ﻿Title: APPLICABILITY OF THE AIRLINE DEREGULATION ACT TO STATE WORKERS' COMPENSATION PROGRAMS; Congressional Record Vol. 169, No. 133  From the Congressional Record Online through the Government Publishing Office [<a href='https://www.gpo.gov'>www.gpo.gov</a>]  APPLICABILITY OF THE AIRLINE DEREGULAT
[uk_2025-04-09.txt | uk_2025-04-09_chunk_5] This  disorder affects the lungs in approximately 90 percent of cases, but it  can affect almost any organ in the body. Despite increasing advances in research, sarcoidosis remains  difficult to diagnose with limited treatment options and no known cure. Sarcoidosis is considered chronic in people wh
[us_2024-02-09.txt | us_2024-02-09_chunk_6] For example, when Trump's White House Office of Management and Budget (OMB) placed a hold on congressionally mandated aid to Ukraine in the July 2019 as part of President Trump's scheme to coerce Ukraine, every relevant agency of Trump's own administration except OMB questioned the hold and supporte
[uk_2024-03-19.txt | uk_2024-03-19_chunk_7] In 2014, the Supreme Court declined to hear the case, which  allowed the decision to stand. This bill is cosponsored by  Representative Andre Carson. Specifically, the decision prevents federal employees who are  designated as ``noncritical sensitive'' from appealing to the Merit  Systems Protection
[uk_2025-05-29.txt | uk_2025-05-29_chunk_5] Located in White Sulphur Springs, the Greenbrier's legacy took a unique  turn when it was converted into a military hospital to meet the demands  brought about during WWII. It was then returned to a hotel and  transformed into the unique and bold getaway we recognize today. The Greenbrier has hosted","I cannot answer this question based on the provided documents. While one document mentions a resolution (H. Res. 1065) denouncing the Biden administration's immigration policies (uk_2024-03-19.txt), and another discusses political disagreement over the Biden Administration's immigration and border control policy preferences (us_2024-02-09.txt), the main argument of a specific immigration bill is not detailed."
2025-12-23 13:29:13,What was the main argument regarding the immigration bill that was presented?,fixed_660,bm25,10,10,"uk_2023-08-04.txt, uk_2024-02-09.txt, uk_2024-03-19.txt, uk_2024-09-23.txt, uk_2025-04-09.txt, uk_2025-05-29.txt, uk_2025-09-15.txt, us_2023-07-18.txt, us_2024-02-09.txt, us_2024-05-21.txt","chunks_660_output\uk_2023-08-04.txt_chunks\uk_2023-08-04_chunk_1.txt, chunks_660_output\uk_2024-02-09.txt_chunks\uk_2024-02-09_chunk_6.txt, chunks_660_output\uk_2024-03-19.txt_chunks\uk_2024-03-19_chunk_7.txt, chunks_660_output\uk_2024-09-23.txt_chunks\uk_2024-09-23_chunk_7.txt, chunks_660_output\uk_2025-04-09.txt_chunks\uk_2025-04-09_chunk_5.txt, chunks_660_output\uk_2025-05-29.txt_chunks\uk_2025-05-29_chunk_5.txt, chunks_660_output\uk_2025-09-15.txt_chunks\uk_2025-09-15_chunk_1.txt, chunks_660_output\us_2023-07-18.txt_chunks\us_2023-07-18_chunk_8.txt, chunks_660_output\us_2024-02-09.txt_chunks\us_2024-02-09_chunk_6.txt, chunks_660_output\us_2024-05-21.txt_chunks\us_2024-05-21_chunk_9.txt","[uk_2023-08-04.txt | uk_2023-08-04_chunk_1] ﻿Title: APPLICABILITY OF THE AIRLINE DEREGULATION ACT TO STATE WORKERS' COMPENSATION PROGRAMS; Congressional Record Vol. 169, No. 133  From the Congressional Record Online through the Government Publishing Office [<a href='https://www.gpo.gov'>www.gpo.gov</a>]  APPLICABILITY OF THE AIRLINE DEREGULAT
[uk_2025-04-09.txt | uk_2025-04-09_chunk_5] This  disorder affects the lungs in approximately 90 percent of cases, but it  can affect almost any organ in the body. Despite increasing advances in research, sarcoidosis remains  difficult to diagnose with limited treatment options and no known cure. Sarcoidosis is considered chronic in people wh
[us_2024-02-09.txt | us_2024-02-09_chunk_6] For example, when Trump's White House Office of Management and Budget (OMB) placed a hold on congressionally mandated aid to Ukraine in the July 2019 as part of President Trump's scheme to coerce Ukraine, every relevant agency of Trump's own administration except OMB questioned the hold and supporte
[uk_2024-03-19.txt | uk_2024-03-19_chunk_7] In 2014, the Supreme Court declined to hear the case, which  allowed the decision to stand. This bill is cosponsored by  Representative Andre Carson. Specifically, the decision prevents federal employees who are  designated as ``noncritical sensitive'' from appealing to the Merit  Systems Protection
[uk_2025-05-29.txt | uk_2025-05-29_chunk_5] Located in White Sulphur Springs, the Greenbrier's legacy took a unique  turn when it was converted into a military hospital to meet the demands  brought about during WWII. It was then returned to a hotel and  transformed into the unique and bold getaway we recognize today. The Greenbrier has hosted
[uk_2024-02-09.txt | uk_2024-02-09_chunk_6] The ``national security and other vital national  interests'' alluded to in the article were the interest of  the United States in supporting, militarily and  diplomatically, a country threatened, and indeed physically  invaded, by Russia, a longstanding geopolitical opponent of  the United States,
[uk_2025-09-15.txt | uk_2025-09-15_chunk_1] ﻿Title: CELEBRATING ECUMENICAL PATRIARCH BARTHOLOMEW AND HIS VISIT TO THE UNITED STATES; Congressional Record Vol. 171, No. 150  From the Congressional Record Online through the Government Publishing Office [<a href='https://www.gpo.gov'>www.gpo.gov</a>]  CELEBRATING ECUMENICAL PATRIARCH BARTHOLOMEW
[us_2024-05-21.txt | us_2024-05-21_chunk_9] Gayle exercised regularly and was a forerunner in promoting healthy living. He established a wellness center at Colonial Life in the 1980s, offering exercise classes in which he often participated. He and Peg played mixed doubles in tennis and began jogging in the 1970s when it was a new fad. He too
[uk_2024-09-23.txt | uk_2024-09-23_chunk_7] Humberto A. Sanchez, 22, from Logansport,  Indiana  Marine Corps Lance Cpl. David L. Espinoza, 20, from Rio  Bravo, Texas  Marine Corps Lance Cpl. Jared M. Schmitz, 20, from St.  Charles, Missouri  Marine Corps Lance Cpl. Rylee J. McCollum, 20, from  Jackson, Wyoming  Marine Corps Lance Cpl. Dylan R
[us_2023-07-18.txt | us_2023-07-18_chunk_8] I offered this amendment to help entrants into military academies find the right career fit for their military service after graduation. I learned about the issue of stuttering and its implications for a successful military career through the experiences of a Legislative Fellow who once served in my","I cannot answer this question based on the provided documents.

The documents mention several pieces of legislation and policy discussions related to immigration and border control, but none of the provided chunks explicitly describe the main argument regarding a specific ""immigration bill"" that was presented.

*   One chunk mentions H. Res. 1065, which was a resolution ""denouncing the Biden administration's immigration policies"" (uk_2024-03-19.txt).
*   Another chunk discusses the Biden Administration's policy preferences regarding immigration and border control, noting that the political party in control of the House disapproves of these policies, and mentions votes on the No Bailout for Sanctuary Cities Act and the Violence Against Women by Illegal Aliens Act (uk_2024-02-09.txt, uk_2024-09-23.txt).
*   A third chunk mentions that Secretary Mayorkas is executing the policy preferences of President Joe Biden in relation to immigration and border control issues (us_2024-02-09.txt)."
2025-12-23 13:29:24,What was the main argument regarding the immigration bill that was presented?,fixed_660,dense,3,3,"uk_2024-05-10.txt, us_2023-08-04.txt, us_2024-04-17.txt","chunks_660_output\uk_2024-05-10.txt_chunks\uk_2024-05-10_chunk_1.txt, chunks_660_output\us_2023-08-04.txt_chunks\us_2023-08-04_chunk_9.txt, chunks_660_output\us_2024-04-17.txt_chunks\us_2024-04-17_chunk_2.txt","[uk_2024-05-10.txt | uk_2024-05-10_chunk_1] ﻿Title: BRINGING AWARENESS TO THE EQUAL REPRESENTATION ACT, ISSUES SURROUNDING THE BORDER CRISIS, ANTISEMITISM AND ENERGY COSTS; Congressional Record Vol. 170, No. 82  From the Congressional Record Online through the Government Publishing Office [<a href='https://www.gpo.gov'>www.gpo.gov</a>]  BRING
[us_2023-08-04.txt | us_2023-08-04_chunk_9] 169, No. 133    Date: 2023-08-04 Volume: 169, Issue: 133 Pages: E757 - E757 ================================================================================ [Extensions of Remarks] From the Congressional Record Online through the Government Publishing Office [ www.gpo.gov ] PERSONAL EXPLANATION ____
[us_2024-04-17.txt | us_2024-04-17_chunk_2] Tennyson Center for Children is a fixture of our community, and I am honored to recognize its 120th anniversary. ____________________ OPPOSING H.R. 6603 AND H.R. 5826; Congressional Record Vol. 170, No. 67    Date: 2024-04-17 Volume: 170, Issue: 67 Pages: E364 - E364 ================================","The documents present several arguments regarding immigration-related legislation and resolutions:

**Arguments Supporting Restriction and Security:**

*   **Equal Representation Act:** The main argument for this bill, which passed, is that electoral integrity requires fair and equal representation of American citizens. By requiring a citizenship question on the decennial census, the bill ensures that only U.S. citizens are counted when apportioning congressional seats and Electoral College votes. Including non-citizens in this count weakens Americans' representation and allows states like California and New York to have greater influence than their citizen population would otherwise allow (uk_2024-05-10.txt).
*   **Border Crisis Condemnation:** Arguments supporting resolutions like H. Res. 1112 and the Secure the Border Act state that the current administration's ""disastrous open-border policies"" have allowed more than 7.2 million illegal immigrants to enter the country, jeopardizing the safety of Americans and national security. The argument is that law and order must be restored at the borders, often by restoring President Trump's border policies (uk_2024-05-10.txt).

**Arguments Opposing Restriction and Condemnation:**

*   **Opposition to Impeachment/Condemnation:** Arguments against resolutions like H. Res. 529 (impeaching President Biden for immigration actions) and H. Res. 461 (condemning the use of school facilities to shelter aliens) state that such legislation is ""purely politically driven."" It is argued that migrants deserve to be treated with dignity and respect, and the Biden Administration has led with integrity in addressing immigration challenges (us_2023-08-04.txt).
*   **Opposition to H.R. 5826 (Section 8):** An argument against a provision in H.R. 5826 was the concern that it could result in reciprocal actions from Iran, preventing asylum-seekers and others from escaping Iran's authoritarian government (us_2024-04-17.txt)."
2025-12-23 13:29:33,What was the main argument regarding the immigration bill that was presented?,fixed_660,dense,5,5,"uk_2024-05-10.txt, us_2023-08-04.txt, us_2023-12-29.txt, us_2024-02-06.txt, us_2024-04-17.txt","chunks_660_output\uk_2024-05-10.txt_chunks\uk_2024-05-10_chunk_1.txt, chunks_660_output\us_2023-08-04.txt_chunks\us_2023-08-04_chunk_9.txt, chunks_660_output\us_2023-12-29.txt_chunks\us_2023-12-29_chunk_1.txt, chunks_660_output\us_2024-02-06.txt_chunks\us_2024-02-06_chunk_7.txt, chunks_660_output\us_2024-04-17.txt_chunks\us_2024-04-17_chunk_2.txt","[uk_2024-05-10.txt | uk_2024-05-10_chunk_1] ﻿Title: BRINGING AWARENESS TO THE EQUAL REPRESENTATION ACT, ISSUES SURROUNDING THE BORDER CRISIS, ANTISEMITISM AND ENERGY COSTS; Congressional Record Vol. 170, No. 82  From the Congressional Record Online through the Government Publishing Office [<a href='https://www.gpo.gov'>www.gpo.gov</a>]  BRING
[us_2023-08-04.txt | us_2023-08-04_chunk_9] 169, No. 133    Date: 2023-08-04 Volume: 169, Issue: 133 Pages: E757 - E757 ================================================================================ [Extensions of Remarks] From the Congressional Record Online through the Government Publishing Office [ www.gpo.gov ] PERSONAL EXPLANATION ____
[us_2024-04-17.txt | us_2024-04-17_chunk_2] Tennyson Center for Children is a fixture of our community, and I am honored to recognize its 120th anniversary. ____________________ OPPOSING H.R. 6603 AND H.R. 5826; Congressional Record Vol. 170, No. 67    Date: 2024-04-17 Volume: 170, Issue: 67 Pages: E364 - E364 ================================
[us_2023-12-29.txt | us_2023-12-29_chunk_1] PERSONAL EXPLANATION; Congressional Record Vol. 169, No. 213    Date: 2023-12-29 Volume: 169, Issue: 213 Pages: E1263 - E1263 ================================================================================ [Extensions of Remarks] From the Congressional Record Online through the Government Publishin
[us_2024-02-06.txt | us_2024-02-06_chunk_7] At a time when Americans are dying from fentanyl and other drug overdoses at catastrophic rates, we must do everything in our power to slow the stem of trafficking. Moreover, with surges in violent crime across our country, we need to ensure that our federal immigration authorities have the resource","The provided documents present several arguments regarding immigration-related legislation and resolutions:

**Arguments Supporting Increased Restrictions and Security:**

1.  **Equal Representation Act:** The main argument for this bill was that electoral integrity requires fair and equal representation of American citizens. By requiring a citizenship question on the decennial census, the Act ensures that only U.S. citizens are counted when apportioning congressional seats and Electoral College votes. Proponents argued that including non-citizens weakens Americans' representation and dilutes their voice, citing findings that states like California and New York have more congressional seats than their citizen population would otherwise allow (uk_2024-05-10.txt).
2.  **Border Security:** The need for strong border security legislation, such as the Secure the Border Act, was argued based on the administration's ""disastrous open-border policies"" that have allowed more than 7.2 million illegal immigrants to enter the country, creating a costly national security threat (uk_2024-05-10.txt).
3.  **Removal of Criminal Aliens:** Arguments were made in support of bills designed to empower federal authorities to reject or remove illegal immigrants who commit certain crimes, including those who intentionally evade border patrol, commit social security fraud, are convicted of driving under the influence (DUI), or are members of the Hamas terrorist group or involved in the October 7, 2023, attack on Israel. The goal of these efforts is to slow trafficking, address surges in violent crime, and make the United States safer (us_2024-02-06.txt).

**Arguments Opposing Certain Resolutions:**

1.  **Political Motivation:** Opposition to H. Res. 529 (a resolution to impeach President Joe Biden relating to immigration and the southern border) was based on the argument that the legislation was ""purely politically driven,"" and that Congress should instead focus on serious legislative work (us_2023-08-04.txt).
2.  **Dignity and Respect for Migrants:** Opposition to H. Res. 461 (condemning the use of school facilities to shelter aliens) was based on the belief that migrants deserve to be treated with dignity and respect (us_2023-08-04.txt)."
2025-12-23 13:29:43,What was the main argument regarding the immigration bill that was presented?,fixed_660,dense,10,10,"uk_2024-03-15.txt, uk_2024-05-10.txt, us_2023-07-17.txt, us_2023-08-04.txt, us_2023-11-14.txt, us_2023-12-29.txt, us_2024-02-06.txt, us_2024-03-13.txt, us_2024-04-17.txt","chunks_660_output\uk_2024-03-15.txt_chunks\uk_2024-03-15_chunk_5.txt, chunks_660_output\uk_2024-05-10.txt_chunks\uk_2024-05-10_chunk_1.txt, chunks_660_output\uk_2024-05-10.txt_chunks\uk_2024-05-10_chunk_2.txt, chunks_660_output\us_2023-07-17.txt_chunks\us_2023-07-17_chunk_5.txt, chunks_660_output\us_2023-08-04.txt_chunks\us_2023-08-04_chunk_9.txt, chunks_660_output\us_2023-11-14.txt_chunks\us_2023-11-14_chunk_3.txt, chunks_660_output\us_2023-12-29.txt_chunks\us_2023-12-29_chunk_1.txt, chunks_660_output\us_2024-02-06.txt_chunks\us_2024-02-06_chunk_7.txt, chunks_660_output\us_2024-03-13.txt_chunks\us_2024-03-13_chunk_9.txt, chunks_660_output\us_2024-04-17.txt_chunks\us_2024-04-17_chunk_2.txt","[uk_2024-05-10.txt | uk_2024-05-10_chunk_1] ﻿Title: BRINGING AWARENESS TO THE EQUAL REPRESENTATION ACT, ISSUES SURROUNDING THE BORDER CRISIS, ANTISEMITISM AND ENERGY COSTS; Congressional Record Vol. 170, No. 82  From the Congressional Record Online through the Government Publishing Office [<a href='https://www.gpo.gov'>www.gpo.gov</a>]  BRING
[us_2023-08-04.txt | us_2023-08-04_chunk_9] 169, No. 133    Date: 2023-08-04 Volume: 169, Issue: 133 Pages: E757 - E757 ================================================================================ [Extensions of Remarks] From the Congressional Record Online through the Government Publishing Office [ www.gpo.gov ] PERSONAL EXPLANATION ____
[us_2024-04-17.txt | us_2024-04-17_chunk_2] Tennyson Center for Children is a fixture of our community, and I am honored to recognize its 120th anniversary. ____________________ OPPOSING H.R. 6603 AND H.R. 5826; Congressional Record Vol. 170, No. 67    Date: 2024-04-17 Volume: 170, Issue: 67 Pages: E364 - E364 ================================
[us_2023-12-29.txt | us_2023-12-29_chunk_1] PERSONAL EXPLANATION; Congressional Record Vol. 169, No. 213    Date: 2023-12-29 Volume: 169, Issue: 213 Pages: E1263 - E1263 ================================================================================ [Extensions of Remarks] From the Congressional Record Online through the Government Publishin
[us_2024-02-06.txt | us_2024-02-06_chunk_7] At a time when Americans are dying from fentanyl and other drug overdoses at catastrophic rates, we must do everything in our power to slow the stem of trafficking. Moreover, with surges in violent crime across our country, we need to ensure that our federal immigration authorities have the resource
[us_2023-07-17.txt | us_2023-07-17_chunk_5] I strongly urge my colleagues to support this bill. ____________________ PERSONAL EXPLANATION-; Congressional Record Vol. 169, No. 122    Date: 2023-07-17 Volume: 169, Issue: 122 Pages: E685 - E685 ================================================================================ [Extensions of Remark
[us_2023-11-14.txt | us_2023-11-14_chunk_3] This amendment would reduce critical scientific research that directly contributes to our ability to save lives and reducing suffering for the communities we serve. Most medical breakthroughs were federally supported and took place at medical schools, teaching hospitals, and other research instituti
[uk_2024-05-10.txt | uk_2024-05-10_chunk_2] The House has launched a probe to crack down on campus  antisemitism, and we will not stop until Jewish students feel  safe on their campuses, and until universities that fail to  do their part are held accountable. Colleges and universities need leadership with a moral  backbone to stand up against
[uk_2024-03-15.txt | uk_2024-03-15_chunk_5] Instead of addressing one company,  as the bill we are considering today does, we could instead consider  that bill or a related proposal that would improve how Americans access  and control their data across all apps. The limited data safeguards in  the Protecting Americans from Foreign Adversary C
[us_2024-03-13.txt | us_2024-03-13_chunk_9] It makes no accommodations for the workplace flexibility our federal agencies need, not just to compete for talent, but also to accommodate those with disabilities or military spouses whose employment would not be possible without hybrid or remote work. This bill demagogues the issue of hybrid work","The provided documents present several arguments regarding immigration-related legislation:

**Arguments Supporting Restrictive Measures and Border Security:**

*   **Representation and Electoral Integrity:** A key argument supporting the Equal Representation Act is that it requires a citizenship question on the decennial census to ensure that only U.S. citizens are counted when apportioning congressional seats and Electoral College votes. The argument is that including non-citizens weakens Americans' representation and dilutes the voice and votes of citizens (uk_2024-05-10.txt).
*   **Cost and National Security:** The administration's ""disastrous open-border policies"" have allowed more than 7.2 million illegal immigrants to enter the country, resulting in a costly border crisis that is jeopardizing national security. Taxpayers are reportedly shouldering $150.7 billion for illegal immigration in 2023 alone (uk_2024-05-10.txt).
*   **Criminal Removal:** Support was expressed for bills designed to empower federal authorities to reject or remove illegal immigrants who commit certain crimes, such as intentionally evading law enforcement, committing social security fraud, being convicted of driving under the influence, or being members of the Hamas terrorist group. The goal of these efforts is to make the United States safer (us_2024-02-06.txt).
*   **Condemnation of Administration Policies:** The House passed H. Res. 1112, which condemns the administration's policies for creating the costly border crisis and urges immediate action to end the national security threat (uk_2024-05-10.txt).

**Arguments Opposing Certain Measures:**

*   **Political Motivation:** Opposition was voiced against H. Res. 529, a resolution to impeach President Joe Biden relating to immigration and the southern border, on the grounds that it is ""purely politically driven"" (us_2023-08-04.txt).
*   **Dignity and Respect for Migrants:** Opposition was voiced against H. Res. 461, which condemned the use of school facilities to shelter aliens. The argument was that migrants deserve to be treated with dignity and respect (us_2023-08-04.txt)."
2025-12-23 13:29:51,What was the main argument regarding the immigration bill that was presented?,hierarchical,bm25,3,3,"UK_debates2023-12-12.txt, UK_debates2024-10-16.txt, UK_debates2025-06-26.txt","hierarchical_chunks\UK_debates2023-12-12.txt_chunks\UK_debates2023-12-12_chunk_30.txt, hierarchical_chunks\UK_debates2024-10-16.txt_chunks\UK_debates2024-10-16_chunk_49.txt, hierarchical_chunks\UK_debates2025-06-26.txt_chunks\UK_debates2025-06-26_chunk_22.txt","[UK_debates2024-10-16.txt | UK_debates2024-10-16_chunk_49] Yes, and you will have observed, Mr Speaker, that on Monday we had a very successful investment summit, with £63 billion coming into this country, jobs in every part of the UK, and a clear message from businesses that they are prepared to invest now under this new Labour Government. Part of that was
[UK_debates2025-06-26.txt | UK_debates2025-06-26_chunk_22] I join the Leader of the House in congratulating the Deputy Speakers on their birthdays, and in celebrating our armed forces. Earlier this year, when the Secretary of State for Work and Pensions announced the welfare reforms, her argument to this House was that they were all about getting people bac
[UK_debates2023-12-12.txt | UK_debates2023-12-12_chunk_30] The Prime Minister has made this legislation—this policy—the Tories’ flagship. It is extortionately expensive, and it is failing. Ministers have repeatedly tried to hide the cost: just 10 days ago, the Home Secretary was trying to suggest that it was only £140 million. It has already cost twice that","The main argument presented regarding the immigration legislation (described as the Tories’ flagship policy, referring to the Rwanda scheme) is that it is ""extortionately expensive, and it is failing"" (UK_debates2023-12-12.txt).

Specific points raised in the argument include:

*   **Cost:** The policy has already cost twice the suggested £140 million, potentially reaching £400 million, plus an estimated £200,000 per person sent to Rwanda (UK_debates2023-12-12.txt). This money could have been used for thousands more police, clearing the asylum backlog, ending hotel use (which costs £8 million a day), or training doctors and nurses (UK_debates2023-12-12.txt).
*   **Effectiveness and Capacity:** Home Office officials described the scheme as ""unenforceable and at high risk of fraud"" (UK_debates2023-12-12.txt). The Court of Appeal suggested Rwanda only has capacity for around 100 people, and the asylum system there processes an average of 100 people a year (UK_debates2023-12-12.txt). It was noted that the permanent secretary stated, ""We don’t have evidence of a deterrent effect"" (UK_debates2023-12-12.txt).
*   **Historical Failure:** This is the third new law in two years (following the Illegal Migration Act 2023 and the Nationality and Borders Act 2022), and previous attempts either made things worse or were not enacted because the government knew they would not work (UK_debates2023-12-12.txt)."
2025-12-23 13:30:01,What was the main argument regarding the immigration bill that was presented?,hierarchical,bm25,5,5,"UK_debates2023-12-12.txt, UK_debates2024-04-15.txt, UK_debates2024-04-22.txt, UK_debates2024-10-16.txt, UK_debates2025-06-26.txt","hierarchical_chunks\UK_debates2023-12-12.txt_chunks\UK_debates2023-12-12_chunk_30.txt, hierarchical_chunks\UK_debates2024-04-15.txt_chunks\UK_debates2024-04-15_chunk_5.txt, hierarchical_chunks\UK_debates2024-04-22.txt_chunks\UK_debates2024-04-22_chunk_44.txt, hierarchical_chunks\UK_debates2024-10-16.txt_chunks\UK_debates2024-10-16_chunk_49.txt, hierarchical_chunks\UK_debates2025-06-26.txt_chunks\UK_debates2025-06-26_chunk_22.txt","[UK_debates2024-10-16.txt | UK_debates2024-10-16_chunk_49] Yes, and you will have observed, Mr Speaker, that on Monday we had a very successful investment summit, with £63 billion coming into this country, jobs in every part of the UK, and a clear message from businesses that they are prepared to invest now under this new Labour Government. Part of that was
[UK_debates2025-06-26.txt | UK_debates2025-06-26_chunk_22] I join the Leader of the House in congratulating the Deputy Speakers on their birthdays, and in celebrating our armed forces. Earlier this year, when the Secretary of State for Work and Pensions announced the welfare reforms, her argument to this House was that they were all about getting people bac
[UK_debates2023-12-12.txt | UK_debates2023-12-12_chunk_30] The Prime Minister has made this legislation—this policy—the Tories’ flagship. It is extortionately expensive, and it is failing. Ministers have repeatedly tried to hide the cost: just 10 days ago, the Home Secretary was trying to suggest that it was only £140 million. It has already cost twice that
[UK_debates2024-04-22.txt | UK_debates2024-04-22_chunk_44] Presentation and First Reading ( Standing Order No. 57 ) Sarah Olney presented a Bill to require the Secretary of State to apply for an order for special administration in relation to Thames Water; and for connected purposes. Bill read the First time; to be read a Second time  Friday 21 June  and to
[UK_debates2024-04-15.txt | UK_debates2024-04-15_chunk_5] I thank my right hon. Friend for his answer, but one of the main drivers of immigration over the past 20 years or so has been labour shortages caused by falling birth rates. According to projections by Philip Pilkington and Paul Morland, if birth rates do not increase, immigration will have to rise","The main argument presented regarding the immigration legislation (specifically concerning the Rwanda scheme and the Safety of Rwanda (Asylum and Immigration) Bill) revolved around its cost, effectiveness, and purpose.

**Arguments presented against the legislation:**

*   **Cost and Failure:** The policy was described as ""extortionately expensive"" and ""failing"" (UK_debates2023-12-12.txt). It had reportedly cost hundreds of millions of pounds (potentially £400 million) without anyone having been sent (UK_debates2023-12-12.txt).
*   **Lack of Deterrent Effect:** A permanent secretary reportedly stated, ""We don’t have evidence of a deterrent effect"" (UK_debates2023-12-12.txt).
*   **Limited Capacity:** The Court of Appeal suggested Rwanda only has capacity for around 100 people, and its asylum system processes an average of 100 people a year. Critics argued that the scheme would cover potentially less than 0.1% of the people waiting in the backlog (UK_debates2023-12-12.txt).
*   **Previous Legislative Failures:** The current bill was noted as the third new law in two years, following the Illegal Migration Act 2023 (whose main section was not enacted because it was expected not to work) and the Nationality and Borders Act 2022 (whose main section was revoked because it made things worse) (UK_debates2023-12-12.txt).
*   **Public Opposition to Current Form:** Polling suggested that the majority of voters believed the Government should either accept amendments to the Rwanda policy or scrap it altogether, and all Lords amendments were supported by the majority of the public (UK_debates2024-04-22.txt).

**Arguments presented by supporters of the legislation:**

*   The legislation was intended to tackle illegal migration and ensure swift removal to a safe third country, such as Rwanda (UK_debates2023-12-12.txt, UK_debates2024-04-22.txt).
*   The Government argued that the Opposition had delayed the Bill for too long and that they ""must get on with it"" (UK_debates2024-04-22.txt)."
2025-12-23 13:30:14,What was the main argument regarding the immigration bill that was presented?,hierarchical,bm25,10,10,"UK_debates2023-12-12.txt, UK_debates2024-04-15.txt, UK_debates2024-04-22.txt, UK_debates2024-10-16.txt, UK_debates2025-02-12.txt, UK_debates2025-03-25.txt, UK_debates2025-04-25.txt, UK_debates2025-06-26.txt, UK_debates2025-09-04.txt","hierarchical_chunks\UK_debates2023-12-12.txt_chunks\UK_debates2023-12-12_chunk_30.txt, hierarchical_chunks\UK_debates2024-04-15.txt_chunks\UK_debates2024-04-15_chunk_5.txt, hierarchical_chunks\UK_debates2024-04-22.txt_chunks\UK_debates2024-04-22_chunk_44.txt, hierarchical_chunks\UK_debates2024-10-16.txt_chunks\UK_debates2024-10-16_chunk_49.txt, hierarchical_chunks\UK_debates2025-02-12.txt_chunks\UK_debates2025-02-12_chunk_20.txt, hierarchical_chunks\UK_debates2025-03-25.txt_chunks\UK_debates2025-03-25_chunk_33.txt, hierarchical_chunks\UK_debates2025-04-25.txt_chunks\UK_debates2025-04-25_chunk_15.txt, hierarchical_chunks\UK_debates2025-04-25.txt_chunks\UK_debates2025-04-25_chunk_19.txt, hierarchical_chunks\UK_debates2025-06-26.txt_chunks\UK_debates2025-06-26_chunk_22.txt, hierarchical_chunks\UK_debates2025-09-04.txt_chunks\UK_debates2025-09-04_chunk_4.txt","[UK_debates2024-10-16.txt | UK_debates2024-10-16_chunk_49] Yes, and you will have observed, Mr Speaker, that on Monday we had a very successful investment summit, with £63 billion coming into this country, jobs in every part of the UK, and a clear message from businesses that they are prepared to invest now under this new Labour Government. Part of that was
[UK_debates2025-06-26.txt | UK_debates2025-06-26_chunk_22] I join the Leader of the House in congratulating the Deputy Speakers on their birthdays, and in celebrating our armed forces. Earlier this year, when the Secretary of State for Work and Pensions announced the welfare reforms, her argument to this House was that they were all about getting people bac
[UK_debates2023-12-12.txt | UK_debates2023-12-12_chunk_30] The Prime Minister has made this legislation—this policy—the Tories’ flagship. It is extortionately expensive, and it is failing. Ministers have repeatedly tried to hide the cost: just 10 days ago, the Home Secretary was trying to suggest that it was only £140 million. It has already cost twice that
[UK_debates2024-04-22.txt | UK_debates2024-04-22_chunk_44] Presentation and First Reading ( Standing Order No. 57 ) Sarah Olney presented a Bill to require the Secretary of State to apply for an order for special administration in relation to Thames Water; and for connected purposes. Bill read the First time; to be read a Second time  Friday 21 June  and to
[UK_debates2024-04-15.txt | UK_debates2024-04-15_chunk_5] I thank my right hon. Friend for his answer, but one of the main drivers of immigration over the past 20 years or so has been labour shortages caused by falling birth rates. According to projections by Philip Pilkington and Paul Morland, if birth rates do not increase, immigration will have to rise
[UK_debates2025-04-25.txt | UK_debates2025-04-25_chunk_15] I am sorry to interrupt my hon. Friend’s excellent speech. He spoke about the flow of people. What this two-clause Bill does not set out is any controls or mechanisms by which that could be measured. There was mention of Ireland earlier; I have a slight fear that this will turn into a debate about a
[UK_debates2025-02-12.txt | UK_debates2025-02-12_chunk_20] The Prime Minister did not answer the question. If he plans to appeal, the appeal might be unsuccessful, and the law will need to be changed. If he does not appeal, the law will definitely need to be changed. He talks about a decision made under the previous Government, but it was not made by that G
[UK_debates2025-04-25.txt | UK_debates2025-04-25_chunk_19] Duplicating things for one part of the country does not solve a problem; it creates one. If the SNP cannot manage a shipbuilding contract without going £260 million over budget, what makes us think it would manage immigration efficiently or affordably? Will the hon. Member give way? I will make slig
[UK_debates2025-09-04.txt | UK_debates2025-09-04_chunk_4] The Secretary of State has inadvertently advanced the same argument that he did on  21 July  on “Channel 4 News”. Will he clarify that pollution levels under publicly owned Scottish Water are substantially better than those under privately owned English water companies? Will he recognise that Scotti
[UK_debates2025-03-25.txt | UK_debates2025-03-25_chunk_33] Under the refugee convention, we can automatically deport illegal migrants who come here, but under the European convention on human rights we cannot. I had a probing new clause moved on my behalf in Committee on this subject, and, with your permission, Mr Speaker, I hope to move it again on Report.","The provided documents discuss several pieces of legislation and policy related to immigration, each with distinct arguments:

**1. The Safety of Rwanda (Asylum and Immigration) Bill / Rwanda Policy**

*   **Argument for:** The government argues that the measures are necessary to tackle illegal migration and that the process needs to be brought to a conclusion, noting that the Opposition has delayed the Bill (UK_debates2024-04-22.txt).
*   **Argument against:** Critics argue that the scheme is ""extortionately expensive"" and failing. It has already cost hundreds of millions of pounds for nobody to be sent, and Home Office officials have described it as unenforceable and at high risk of fraud. Furthermore, critics claim that Rwanda only has capacity for a few hundred people, meaning the scheme would cover potentially less than 0.1% of those waiting in the backlog, and there is no evidence of a deterrent effect (UK_debates2023-12-12.txt).

**2. The Border Security, Asylum and Immigration Bill**

*   **Argument for:** Proponents argue the Bill will create counter-terror-style powers to help prevent crossings and disrupt the sophisticated criminal smuggling gangs. They also note that the current government has deported 19,000 people, a record number (UK_debates2025-03-25.txt).
*   **Argument against:** Critics argue that small boat arrivals and hotel use are both up, and that the government is failing to reduce the number of small boat arrivals (UK_debates2025-03-25.txt).

**3. Bill to Devolve Immigration Powers to Scotland**

*   **Argument for:** Proponents argue the Bill is critical because Scotland is facing a population and demographic crisis due to a falling birth rate and an aging population, issues exacerbated by Brexit and UK Government policies like the two-child benefit cap. They argue that Scotland needs a specific response and the power to attract specific skills, citing Quebec's successful state-wide immigration system as an example (UK_debates2025-04-25.txt).
*   **Argument against:** Opponents argue that the Bill would create far more uncertainty than solutions, lacking clarity and accountability. Concerns were raised about potential immigration checks at the border between England and Scotland, forcing businesses to navigate a confusing patchwork of rules, and that the Scottish Government should demonstrate they can effectively use the powers they already have before seeking new ones (UK_debates2025-04-25.txt).

**4. General Immigration Policy/Loopholes**

*   A separate argument was made regarding judicial decisions and loopholes, stating that new legislation is needed to clarify the right to a family life under Article 8 of the European Convention on Human Rights (ECHR) to prevent ""enormous numbers of people"" from exploiting laws, and that national interests should be prioritized before the ECHR (UK_debates2025-02-12.txt)."
2025-12-23 13:30:20,What was the main argument regarding the immigration bill that was presented?,hierarchical,dense,3,3,"UK_debates2025-04-25.txt, UK_debates2025-07-21.txt, us_2024-05-15.txt","hierarchical_chunks\UK_debates2025-04-25.txt_chunks\UK_debates2025-04-25_chunk_10.txt, hierarchical_chunks\UK_debates2025-07-21.txt_chunks\UK_debates2025-07-21_chunk_59.txt, hierarchical_chunks\us_2024-05-15.txt_chunks\us_2024-05-15_chunk_6.txt","[UK_debates2025-04-25.txt | UK_debates2025-04-25_chunk_10] The hon. Gentleman has to be clear with the House about the purpose of the Bill, because we will have to vote on it today if the Division bells ring. If the Bill passes, it will merely remove immigration from schedule 5 of the Scotland Act 1998, which would devolve immigration to the Scottish Govern
[UK_debates2025-07-21.txt | UK_debates2025-07-21_chunk_59] I welcome the shadow Home Secretary’s concern about crimes linked to the asylum system—that is a concern held across the House. Why does the Minister think the Conservatives and Reform voted against the Border Security, Asylum and Immigration Bill, which allows the tagging of asylum seekers who pose
[us_2024-05-15.txt | us_2024-05-15_chunk_6] Ms. McCOLLUM. Mr. Speaker, I rise in opposition to H.R. 7109, the Equal Representation Act. H.R. 7109 would mandate that the decennial Census include a citizenship question, and that the apportionment of U.S.","Arguments regarding immigration bills included the following points:

1.  **Devolution of Powers:** One Bill was debated regarding its purpose: whether it would remove immigration from schedule 5 of the Scotland Act 1998, which would result in devolving immigration to the Scottish Government (UK_debates2025-04-25.txt).
2.  **Tagging Asylum Seekers:** The Border Security, Asylum and Immigration Bill was noted for allowing the tagging of asylum seekers who pose a threat to public safety (UK_debates2025-07-21.txt)."
2025-12-23 13:30:27,What was the main argument regarding the immigration bill that was presented?,hierarchical,dense,5,5,"UK_debates2024-01-15.txt, UK_debates2025-04-25.txt, UK_debates2025-07-21.txt, us_2024-05-10.txt, us_2024-05-15.txt","hierarchical_chunks\UK_debates2024-01-15.txt_chunks\UK_debates2024-01-15_chunk_12.txt, hierarchical_chunks\UK_debates2025-04-25.txt_chunks\UK_debates2025-04-25_chunk_10.txt, hierarchical_chunks\UK_debates2025-07-21.txt_chunks\UK_debates2025-07-21_chunk_59.txt, hierarchical_chunks\us_2024-05-10.txt_chunks\us_2024-05-10_chunk_9.txt, hierarchical_chunks\us_2024-05-15.txt_chunks\us_2024-05-15_chunk_6.txt","[UK_debates2025-04-25.txt | UK_debates2025-04-25_chunk_10] The hon. Gentleman has to be clear with the House about the purpose of the Bill, because we will have to vote on it today if the Division bells ring. If the Bill passes, it will merely remove immigration from schedule 5 of the Scotland Act 1998, which would devolve immigration to the Scottish Govern
[UK_debates2025-07-21.txt | UK_debates2025-07-21_chunk_59] I welcome the shadow Home Secretary’s concern about crimes linked to the asylum system—that is a concern held across the House. Why does the Minister think the Conservatives and Reform voted against the Border Security, Asylum and Immigration Bill, which allows the tagging of asylum seekers who pose
[us_2024-05-15.txt | us_2024-05-15_chunk_6] Ms. McCOLLUM. Mr. Speaker, I rise in opposition to H.R. 7109, the Equal Representation Act. H.R. 7109 would mandate that the decennial Census include a citizenship question, and that the apportionment of U.S.
[us_2024-05-10.txt | us_2024-05-10_chunk_9] The House Homeland Security Committee recently released documents that identified more than 45 airport locations to which the president secretly flew more than 400,000 illegal immigrants. These documents are another example of how this administration is jeopardizing the safety of Americans and our n
[UK_debates2024-01-15.txt | UK_debates2024-01-15_chunk_12] The point that my hon. Friend makes gets to the nub of the issue. One of the most important factors in sustaining the progress we have made is reducing the number of in-flows into the UK, particularly via small boat crossings of the channel. That is why my message to the House is clear: if Members w","Multiple arguments regarding various immigration-related bills were presented in the documents:

1.  **Regarding a Bill to Devolve Powers (UK_debates2025-04-25.txt):** The purpose of this Bill was debated, specifically whether it would merely remove immigration from schedule 5 of the Scotland Act 1998, which would devolve immigration to the Scottish Government (UK_debates2025-04-25.txt).
2.  **Regarding the Border Security, Asylum and Immigration Bill (UK_debates2025-07-21.txt):** An argument presented was that this Bill allows for the tagging of asylum seekers who pose a threat to public safety (UK_debates2025-07-21.txt).
3.  **Regarding the Secure the Border Act (us_2024-05-10.txt):** This bill was described as the strongest border security bill in history, intended to strengthen borders by restoring President Trump's border policies (us_2024-05-10.txt).
4.  **Regarding a Bill focused on Channel Crossings (UK_debates2024-01-15.txt):**
    *   The key principle behind this Bill is to help bring an end to ""egregious crossings of the channel organised by evil criminal gangs"" and ensure greater control of borders (UK_debates2024-01-15.txt).
    *   A main argument for supporting this Bill was that it would sustain progress in reducing in-flows into the UK, which would allow hotels used to house illegal immigrants to close (UK_debates2024-01-15.txt).
    *   It was also argued that forthcoming immigration legislation should ban the use of hotels outright and ensure that illegal immigrants are sent to Rwanda for processing (UK_debates2024-01-15.txt)."
2025-12-23 13:30:38,What was the main argument regarding the immigration bill that was presented?,hierarchical,dense,10,10,"UK_debates2024-01-15.txt, UK_debates2024-04-15.txt, UK_debates2024-10-21.txt, UK_debates2025-03-31.txt, UK_debates2025-04-25.txt, UK_debates2025-07-21.txt, us_2024-05-10.txt, us_2024-05-15.txt","hierarchical_chunks\UK_debates2024-01-15.txt_chunks\UK_debates2024-01-15_chunk_12.txt, hierarchical_chunks\UK_debates2024-04-15.txt_chunks\UK_debates2024-04-15_chunk_5.txt, hierarchical_chunks\UK_debates2024-10-21.txt_chunks\UK_debates2024-10-21_chunk_2.txt, hierarchical_chunks\UK_debates2025-03-31.txt_chunks\UK_debates2025-03-31_chunk_20.txt, hierarchical_chunks\UK_debates2025-04-25.txt_chunks\UK_debates2025-04-25_chunk_10.txt, hierarchical_chunks\UK_debates2025-07-21.txt_chunks\UK_debates2025-07-21_chunk_59.txt, hierarchical_chunks\us_2024-05-10.txt_chunks\us_2024-05-10_chunk_13.txt, hierarchical_chunks\us_2024-05-10.txt_chunks\us_2024-05-10_chunk_7.txt, hierarchical_chunks\us_2024-05-10.txt_chunks\us_2024-05-10_chunk_9.txt, hierarchical_chunks\us_2024-05-15.txt_chunks\us_2024-05-15_chunk_6.txt","[UK_debates2025-04-25.txt | UK_debates2025-04-25_chunk_10] The hon. Gentleman has to be clear with the House about the purpose of the Bill, because we will have to vote on it today if the Division bells ring. If the Bill passes, it will merely remove immigration from schedule 5 of the Scotland Act 1998, which would devolve immigration to the Scottish Govern
[UK_debates2025-07-21.txt | UK_debates2025-07-21_chunk_59] I welcome the shadow Home Secretary’s concern about crimes linked to the asylum system—that is a concern held across the House. Why does the Minister think the Conservatives and Reform voted against the Border Security, Asylum and Immigration Bill, which allows the tagging of asylum seekers who pose
[us_2024-05-15.txt | us_2024-05-15_chunk_6] Ms. McCOLLUM. Mr. Speaker, I rise in opposition to H.R. 7109, the Equal Representation Act. H.R. 7109 would mandate that the decennial Census include a citizenship question, and that the apportionment of U.S.
[us_2024-05-10.txt | us_2024-05-10_chunk_9] The House Homeland Security Committee recently released documents that identified more than 45 airport locations to which the president secretly flew more than 400,000 illegal immigrants. These documents are another example of how this administration is jeopardizing the safety of Americans and our n
[UK_debates2024-01-15.txt | UK_debates2024-01-15_chunk_12] The point that my hon. Friend makes gets to the nub of the issue. One of the most important factors in sustaining the progress we have made is reducing the number of in-flows into the UK, particularly via small boat crossings of the channel. That is why my message to the House is clear: if Members w
[UK_debates2024-04-15.txt | UK_debates2024-04-15_chunk_5] I thank my right hon. Friend for his answer, but one of the main drivers of immigration over the past 20 years or so has been labour shortages caused by falling birth rates. According to projections by Philip Pilkington and Paul Morland, if birth rates do not increase, immigration will have to rise
[UK_debates2024-10-21.txt | UK_debates2024-10-21_chunk_2] The Secretary of State was asked— What discussions she has had with the Scottish Government on the potential merits of devolving the power to introduce a Scottish visa scheme. The hon. Gentleman has raised this issue on a number of occasions. He will be aware that we are not introducing a Scottish v
[us_2024-05-10.txt | us_2024-05-10_chunk_7] A major reason we need to stop illegal immigrants from skewing representation numbers in our government is due to this administration's disastrous open-border policies that have allowed more than 7.2 million illegal immigrants to enter our country through our southern border. That is more than the p
[us_2024-05-10.txt | us_2024-05-10_chunk_13] During a House Budget Committee hearing, members examined the financial consequences of the administration's border crisis and had an opportunity to inform the American people The White House's open border policies have resulted in a surge of illegal immigrant encounters and influx of deadly drugs a
[UK_debates2025-03-31.txt | UK_debates2025-03-31_chunk_20] What steps she is taking to help tackle people smuggling. The Government are today playing host to law enforcement counterparts from across the globe to discuss our joint response to organised immigration crime. The UK is not only hosting that summit but leading the way in its response to this appal","The documents present several arguments regarding different immigration bills:

**In the UK context:**

1.  **A Bill concerning Scottish Devolution (UK_debates2025-04-25.txt):** The purpose of this Bill was to remove immigration from schedule 5 of the Scotland Act 1998, which would devolve immigration powers to the Scottish Government (UK_debates2025-04-25.txt).
2.  **The Border Security, Asylum and Immigration Bill (UK_debates2025-07-21.txt, UK_debates2025-03-31.txt):**
    *   It introduced new powers to help tackle organized immigration crime and people smuggling (UK_debates2025-03-31.txt).
    *   It allows for the tagging of asylum seekers who pose a threat to public safety (UK_debates2025-07-21.txt).
    *   It was noted that the Conservative party and Reform voted against this Bill (UK_debates2025-07-21.txt, UK_debates2025-03-31.txt).
3.  **A Bill addressing Channel Crossings (UK_debates2024-01-15.txt):** The key principle behind this Bill was to help end the egregious crossings of the channel organized by criminal gangs, ensure greater control of borders, and reduce in-flows into the system. Members were urged to support it to sustain progress and see hotels close (UK_debates2024-01-15.txt).

**In the US context:**

1.  **H.R. 7109, the Equal Representation Act (us_2024-05-15.txt):** This Bill would mandate that the decennial Census include a citizenship question, affecting the apportionment of the U.S. (us_2024-05-15.txt).
2.  **The Secure the Border Act (us_2024-05-10.txt):** This Bill was intended to strengthen U.S. borders by restoring President Trump's border policies (us_2024-05-10.txt)."
2025-12-23 13:30:41,What three industrial sectors were mentioned as the main victims of the new trade policy that was presented?,fixed_660,bm25,3,3,"uk_2024-02-09.txt, uk_2024-03-26.txt, uk_2024-07-26.txt","chunks_660_output\uk_2024-02-09.txt_chunks\uk_2024-02-09_chunk_4.txt, chunks_660_output\uk_2024-03-26.txt_chunks\uk_2024-03-26_chunk_3.txt, chunks_660_output\uk_2024-07-26.txt_chunks\uk_2024-07-26_chunk_1.txt","[uk_2024-02-09.txt | uk_2024-02-09_chunk_4] The quotation to which the question alludes, one mentioned  by Chairman Green and Rep. Bishop, occurs in the final  paragraph of Chapter 4 of the second edition of my book, High  Crimes & Misdemeanors: A History of Impeachment for the Age  of Trump (Cambridge Univ. Press 2023). Both congressmen take
[uk_2024-03-26.txt | uk_2024-03-26_chunk_3] Sincerely,  Tori Emerson Barnes,  Executive Vice President,  Public Affairs and Policy. From the Congressional Record Online through the Government Publishing Office [<a href='https://www.gpo.gov'>www.gpo.gov</a>]  RECOGNIZING CHERYL HURD  HON. ERIC SWALWELL  Mr. SWALWELL. Mr. Speaker, having been b
[uk_2024-07-26.txt | uk_2024-07-26_chunk_1] ﻿Title: HONORING CITY OF MISSION VIEJO CITY MANAGER DENNIS WILBERG; Congressional Record Vol. 170, No. 122  From the Congressional Record Online through the Government Publishing Office [<a href='https://www.gpo.gov'>www.gpo.gov</a>]  HONORING CITY OF MISSION VIEJO CITY MANAGER DENNIS WILBERG  HON.",I cannot answer this question based on the provided documents.
2025-12-23 13:30:45,What three industrial sectors were mentioned as the main victims of the new trade policy that was presented?,fixed_660,bm25,5,5,"uk_2024-02-09.txt, uk_2024-03-26.txt, uk_2024-07-26.txt, us_2023-10-20.txt, us_2024-03-26.txt","chunks_660_output\uk_2024-02-09.txt_chunks\uk_2024-02-09_chunk_4.txt, chunks_660_output\uk_2024-03-26.txt_chunks\uk_2024-03-26_chunk_3.txt, chunks_660_output\uk_2024-07-26.txt_chunks\uk_2024-07-26_chunk_1.txt, chunks_660_output\us_2023-10-20.txt_chunks\us_2023-10-20_chunk_1.txt, chunks_660_output\us_2024-03-26.txt_chunks\us_2024-03-26_chunk_2.txt","[uk_2024-02-09.txt | uk_2024-02-09_chunk_4] The quotation to which the question alludes, one mentioned  by Chairman Green and Rep. Bishop, occurs in the final  paragraph of Chapter 4 of the second edition of my book, High  Crimes & Misdemeanors: A History of Impeachment for the Age  of Trump (Cambridge Univ. Press 2023). Both congressmen take
[uk_2024-03-26.txt | uk_2024-03-26_chunk_3] Sincerely,  Tori Emerson Barnes,  Executive Vice President,  Public Affairs and Policy. From the Congressional Record Online through the Government Publishing Office [<a href='https://www.gpo.gov'>www.gpo.gov</a>]  RECOGNIZING CHERYL HURD  HON. ERIC SWALWELL  Mr. SWALWELL. Mr. Speaker, having been b
[uk_2024-07-26.txt | uk_2024-07-26_chunk_1] ﻿Title: HONORING CITY OF MISSION VIEJO CITY MANAGER DENNIS WILBERG; Congressional Record Vol. 170, No. 122  From the Congressional Record Online through the Government Publishing Office [<a href='https://www.gpo.gov'>www.gpo.gov</a>]  HONORING CITY OF MISSION VIEJO CITY MANAGER DENNIS WILBERG  HON.
[us_2023-10-20.txt | us_2023-10-20_chunk_1] DEMOCRATIC SOCIALISTS ARE INDOCTRINATING YOUNG AMERICANS WITH ANTI- ISRAEL HATE IN MORAL MONSTROSITY; Congressional Record Vol. 169, No. 173    Date: 2023-10-20 Volume: 169, Issue: 173 Pages: E1002 - E1002 ================================================================================ [Extensions o
[us_2024-03-26.txt | us_2024-03-26_chunk_2] U.S. Travel's mission is to increase travel to and within the United States, and H.R. 6610 aligns with that mission. As the travel sector continues to recover from the pandemic, there is an urgent need to modernize that travel experience, improve travel IT infrastructure, and position the Department",I cannot answer this question based on the provided documents.
2025-12-23 13:30:50,What three industrial sectors were mentioned as the main victims of the new trade policy that was presented?,fixed_660,bm25,10,10,"uk_2024-02-09.txt, uk_2024-03-26.txt, uk_2024-07-26.txt, uk_2024-09-12.txt, uk_2025-07-22.txt, us_2023-07-12.txt, us_2023-10-20.txt, us_2024-02-09.txt, us_2024-03-21.txt, us_2024-03-26.txt","chunks_660_output\uk_2024-02-09.txt_chunks\uk_2024-02-09_chunk_4.txt, chunks_660_output\uk_2024-03-26.txt_chunks\uk_2024-03-26_chunk_3.txt, chunks_660_output\uk_2024-07-26.txt_chunks\uk_2024-07-26_chunk_1.txt, chunks_660_output\uk_2024-09-12.txt_chunks\uk_2024-09-12_chunk_4.txt, chunks_660_output\uk_2025-07-22.txt_chunks\uk_2025-07-22_chunk_2.txt, chunks_660_output\us_2023-07-12.txt_chunks\us_2023-07-12_chunk_7.txt, chunks_660_output\us_2023-10-20.txt_chunks\us_2023-10-20_chunk_1.txt, chunks_660_output\us_2024-02-09.txt_chunks\us_2024-02-09_chunk_3.txt, chunks_660_output\us_2024-03-21.txt_chunks\us_2024-03-21_chunk_3.txt, chunks_660_output\us_2024-03-26.txt_chunks\us_2024-03-26_chunk_2.txt","[uk_2024-02-09.txt | uk_2024-02-09_chunk_4] The quotation to which the question alludes, one mentioned  by Chairman Green and Rep. Bishop, occurs in the final  paragraph of Chapter 4 of the second edition of my book, High  Crimes & Misdemeanors: A History of Impeachment for the Age  of Trump (Cambridge Univ. Press 2023). Both congressmen take
[uk_2024-03-26.txt | uk_2024-03-26_chunk_3] Sincerely,  Tori Emerson Barnes,  Executive Vice President,  Public Affairs and Policy. From the Congressional Record Online through the Government Publishing Office [<a href='https://www.gpo.gov'>www.gpo.gov</a>]  RECOGNIZING CHERYL HURD  HON. ERIC SWALWELL  Mr. SWALWELL. Mr. Speaker, having been b
[uk_2024-07-26.txt | uk_2024-07-26_chunk_1] ﻿Title: HONORING CITY OF MISSION VIEJO CITY MANAGER DENNIS WILBERG; Congressional Record Vol. 170, No. 122  From the Congressional Record Online through the Government Publishing Office [<a href='https://www.gpo.gov'>www.gpo.gov</a>]  HONORING CITY OF MISSION VIEJO CITY MANAGER DENNIS WILBERG  HON.
[us_2023-10-20.txt | us_2023-10-20_chunk_1] DEMOCRATIC SOCIALISTS ARE INDOCTRINATING YOUNG AMERICANS WITH ANTI- ISRAEL HATE IN MORAL MONSTROSITY; Congressional Record Vol. 169, No. 173    Date: 2023-10-20 Volume: 169, Issue: 173 Pages: E1002 - E1002 ================================================================================ [Extensions o
[us_2024-03-26.txt | us_2024-03-26_chunk_2] U.S. Travel's mission is to increase travel to and within the United States, and H.R. 6610 aligns with that mission. As the travel sector continues to recover from the pandemic, there is an urgent need to modernize that travel experience, improve travel IT infrastructure, and position the Department
[us_2024-02-09.txt | us_2024-02-09_chunk_3] Ms. Martain has committed her professional life to serving the people of Missouri, and her retirement signifies a well-deserved reprieve from her tireless service. The impact of Ms. Martain's work is immeasurable. We thank her for an unwavering dedication to public service and congratulate her on an
[uk_2025-07-22.txt | uk_2025-07-22_chunk_2] For many years, he also served the public through his employment with  the Chicago Transit Authority, ensuring essential services for  countless citizens. Throughout his professional endeavors, Athens Weed  consistently demonstrates his core values; always working to his  strengths, ensuring the job
[uk_2024-09-12.txt | uk_2024-09-12_chunk_4] Col. Helgestad was born and raised in Lonsdale, Minnesota. He  attended New Prague High School where he played football, hockey, and  baseball. His life of service started earlier than most--before he even  graduated high school, he joined the National Guard as a private. He  continued to serve in t
[us_2024-03-21.txt | us_2024-03-21_chunk_3] Sol then moved to Washington, D.C., to pursue an internship in Congress and worked in service of Florida's Ninth Congressional District, providing vital support for constituents, including during the aftermath of Hurricane Maria. Sol now works at the White House Office of Public Engagement, conducti
[us_2023-07-12.txt | us_2023-07-12_chunk_7] Eighth-grade algebra is the policy in high-performing foreign countries whose inhabitants will compete with America's children in the future--and that eighth-grade goal was expressly part of the 1999 and 2006 California math frameworks. This current framework recommends ninth grade as when almost al",I cannot answer this question based on the provided documents.
2025-12-23 13:30:59,What three industrial sectors were mentioned as the main victims of the new trade policy that was presented?,fixed_660,dense,3,3,"uk_2024-03-15.txt, uk_2025-08-01.txt, uk_2025-10-08.txt","chunks_660_output\uk_2024-03-15.txt_chunks\uk_2024-03-15_chunk_7.txt, chunks_660_output\uk_2025-08-01.txt_chunks\uk_2025-08-01_chunk_7.txt, chunks_660_output\uk_2025-10-08.txt_chunks\uk_2025-10-08_chunk_8.txt","[uk_2025-08-01.txt | uk_2025-08-01_chunk_7] But today that argument, if it has any merit at all, is being  dangerously undermined, and not by our adversaries, but by the very  companies benefiting from the monopolistic protections of the Jones  Act. Specifically, Jones Act loopholes allow for supposedly minor parts  fabrication and supposedly
[uk_2024-03-15.txt | uk_2024-03-15_chunk_7] This acquisition by UCG has  positioned the company to now control about 50 percent of Uzbekistan's  cement capacity. We are seeing monopolization under the guise of privatization, to the  benefit of Russia. This is just one example of a bad actor in these relatively  overlooked countries that are t
[uk_2025-10-08.txt | uk_2025-10-08_chunk_8] This  title requires all such committees to notify the Office of the Senate  Daily Digest--designated by the Rules Committee--of the time, place and  purpose of the meetings, when scheduled and any cancellations or  changes in the meetings as they occur. As an additional procedure along with the com","Based on the provided documents, the consequences of the policy failure (related to Jones Act loopholes) are described as undermining or negatively impacting the following:

1.  The **U.S. shipbuilding and repair base** (uk_2025-08-01.txt).
2.  **Technological investments** (which are being sent directly into the hands of a strategic competitor) (uk_2025-08-01.txt).
3.  The **shipping system** or **maritime commerce** (evidenced by inflated shipping costs and the creation of a fully captive market) (uk_2025-08-01.txt)."
2025-12-23 13:31:06,What three industrial sectors were mentioned as the main victims of the new trade policy that was presented?,fixed_660,dense,5,5,"uk_2024-03-15.txt, uk_2024-04-17.txt, uk_2025-04-30.txt, uk_2025-08-01.txt, uk_2025-10-08.txt","chunks_660_output\uk_2024-03-15.txt_chunks\uk_2024-03-15_chunk_7.txt, chunks_660_output\uk_2024-04-17.txt_chunks\uk_2024-04-17_chunk_2.txt, chunks_660_output\uk_2025-04-30.txt_chunks\uk_2025-04-30_chunk_4.txt, chunks_660_output\uk_2025-08-01.txt_chunks\uk_2025-08-01_chunk_7.txt, chunks_660_output\uk_2025-10-08.txt_chunks\uk_2025-10-08_chunk_8.txt","[uk_2025-08-01.txt | uk_2025-08-01_chunk_7] But today that argument, if it has any merit at all, is being  dangerously undermined, and not by our adversaries, but by the very  companies benefiting from the monopolistic protections of the Jones  Act. Specifically, Jones Act loopholes allow for supposedly minor parts  fabrication and supposedly
[uk_2024-03-15.txt | uk_2024-03-15_chunk_7] This acquisition by UCG has  positioned the company to now control about 50 percent of Uzbekistan's  cement capacity. We are seeing monopolization under the guise of privatization, to the  benefit of Russia. This is just one example of a bad actor in these relatively  overlooked countries that are t
[uk_2025-10-08.txt | uk_2025-10-08_chunk_8] This  title requires all such committees to notify the Office of the Senate  Daily Digest--designated by the Rules Committee--of the time, place and  purpose of the meetings, when scheduled and any cancellations or  changes in the meetings as they occur. As an additional procedure along with the com
[uk_2024-04-17.txt | uk_2024-04-17_chunk_2] Their high-quality programs have changed lives and led to successful  outcomes for many of those who use their services. Supporting at-risk  youth and keeping families together helps to secure bright futures for  children and puts them on a path to success, and Tennyson has worked to  support famili
[uk_2025-04-30.txt | uk_2025-04-30_chunk_4] American partnership has never been more important with the world's  oldest democracy allied with the world's largest democracy. An excellent analysis of this energy achievement was provided in the  daily Threat Status newsletter from The Washington Times on April 28,  2025, by Vijay Jayaraj of the",I cannot answer this question based on the provided documents.
2025-12-23 13:31:09,What three industrial sectors were mentioned as the main victims of the new trade policy that was presented?,fixed_660,dense,10,10,"uk_2023-11-02.txt, uk_2024-02-20.txt, uk_2024-03-08.txt, uk_2024-03-15.txt, uk_2024-04-17.txt, uk_2024-05-10.txt, uk_2025-04-30.txt, uk_2025-08-01.txt, uk_2025-10-08.txt, us_2024-03-15.txt","chunks_660_output\uk_2023-11-02.txt_chunks\uk_2023-11-02_chunk_1.txt, chunks_660_output\uk_2024-02-20.txt_chunks\uk_2024-02-20_chunk_9.txt, chunks_660_output\uk_2024-03-08.txt_chunks\uk_2024-03-08_chunk_4.txt, chunks_660_output\uk_2024-03-15.txt_chunks\uk_2024-03-15_chunk_7.txt, chunks_660_output\uk_2024-04-17.txt_chunks\uk_2024-04-17_chunk_2.txt, chunks_660_output\uk_2024-05-10.txt_chunks\uk_2024-05-10_chunk_2.txt, chunks_660_output\uk_2025-04-30.txt_chunks\uk_2025-04-30_chunk_4.txt, chunks_660_output\uk_2025-08-01.txt_chunks\uk_2025-08-01_chunk_7.txt, chunks_660_output\uk_2025-10-08.txt_chunks\uk_2025-10-08_chunk_8.txt, chunks_660_output\us_2024-03-15.txt_chunks\us_2024-03-15_chunk_7.txt","[uk_2025-08-01.txt | uk_2025-08-01_chunk_7] But today that argument, if it has any merit at all, is being  dangerously undermined, and not by our adversaries, but by the very  companies benefiting from the monopolistic protections of the Jones  Act. Specifically, Jones Act loopholes allow for supposedly minor parts  fabrication and supposedly
[uk_2024-03-15.txt | uk_2024-03-15_chunk_7] This acquisition by UCG has  positioned the company to now control about 50 percent of Uzbekistan's  cement capacity. We are seeing monopolization under the guise of privatization, to the  benefit of Russia. This is just one example of a bad actor in these relatively  overlooked countries that are t
[uk_2025-10-08.txt | uk_2025-10-08_chunk_8] This  title requires all such committees to notify the Office of the Senate  Daily Digest--designated by the Rules Committee--of the time, place and  purpose of the meetings, when scheduled and any cancellations or  changes in the meetings as they occur. As an additional procedure along with the com
[uk_2024-04-17.txt | uk_2024-04-17_chunk_2] Their high-quality programs have changed lives and led to successful  outcomes for many of those who use their services. Supporting at-risk  youth and keeping families together helps to secure bright futures for  children and puts them on a path to success, and Tennyson has worked to  support famili
[uk_2025-04-30.txt | uk_2025-04-30_chunk_4] American partnership has never been more important with the world's  oldest democracy allied with the world's largest democracy. An excellent analysis of this energy achievement was provided in the  daily Threat Status newsletter from The Washington Times on April 28,  2025, by Vijay Jayaraj of the
[uk_2024-03-08.txt | uk_2024-03-08_chunk_4] H.R. 2799 would exacerbate these problems by  allowing large companies to evade disclosure requirements and SEC  oversight. The bill also reduces incentives for companies to go public  through an initial public offering (IPO) which will deprive investors,  including working families and retirees, of
[uk_2024-02-20.txt | uk_2024-02-20_chunk_9] D.C.'s exclusion from the Act makes it ineligible for federal  funding that would support research at D.C.'s public university, the  University of the District of Columbia (UDC). The College of  Agriculture, Urban Sustainability and Environmental Sciences at UDC,  the nation's only urban land-grant
[uk_2023-11-02.txt | uk_2023-11-02_chunk_1] ﻿Title: AUTOS DRIVE AMERICA 2023 DRIVE-IN; Congressional Record Vol. 169, No. 181  From the Congressional Record Online through the Government Publishing Office [<a href='https://www.gpo.gov'>www.gpo.gov</a>]  AUTOS DRIVE AMERICA 2023 DRIVE-IN  HON. A. DREW FERGUSON IV  Mr. FERGUSON. Mr. Speaker, I
[us_2024-03-15.txt | us_2024-03-15_chunk_7] UNITED CEMENT GROUP; Congressional Record Vol. 170, No. 47    Date: 2024-03-15 Volume: 170, Issue: 47 Pages: E255 - E255 ================================================================================ [Extensions of Remarks] From the Congressional Record Online through the Government Publishing Off
[uk_2024-05-10.txt | uk_2024-05-10_chunk_2] The House has launched a probe to crack down on campus  antisemitism, and we will not stop until Jewish students feel  safe on their campuses, and until universities that fail to  do their part are held accountable. Colleges and universities need leadership with a moral  backbone to stand up against","I cannot answer this question based on the provided documents. The documents discuss a new trade deal between the U.S. and India focusing on energy (uk_2025-04-30.txt), and issues related to the Jones Act, shipbuilding, and maritime commerce (uk_2025-08-01.txt), but they do not specify three industrial sectors as the main victims of a new trade policy."
2025-12-23 13:31:14,What three industrial sectors were mentioned as the main victims of the new trade policy that was presented?,hierarchical,bm25,3,3,"UK_debates2024-09-04.txt, UK_debates2025-01-30.txt, UK_debates2025-02-24.txt","hierarchical_chunks\UK_debates2024-09-04.txt_chunks\UK_debates2024-09-04_chunk_2.txt, hierarchical_chunks\UK_debates2025-01-30.txt_chunks\UK_debates2025-01-30_chunk_10.txt, hierarchical_chunks\UK_debates2025-02-24.txt_chunks\UK_debates2025-02-24_chunk_36.txt","[UK_debates2025-01-30.txt | UK_debates2025-01-30_chunk_10] What progress his Department has made on developing an industrial strategy. What progress his Department has made on developing an industrial strategy. What progress his Department has made on developing an industrial strategy. What progress his Department has made on developing an industrial strate
[UK_debates2024-09-04.txt | UK_debates2024-09-04_chunk_2] The Secretary of State was asked— What discussions he has had with the Scottish Government on a new industrial strategy. What discussions he has had with the Scottish Government on a new industrial strategy. What discussions he has had with the Scottish Government on a new industrial strategy. This
[UK_debates2025-02-24.txt | UK_debates2025-02-24_chunk_36] This is yet another failure in the Government’s main aim of getting Britain growing again. Zero-emission vehicles are too expensive and, it appears, too hard to manufacture in the UK. That forces us into an unfortunate reality in which we are reliant on Elon Musk for our supply of EVs, and are funne","I cannot answer this question based on the provided documents. The documents discuss the development of an industrial strategy, investment in sectors like defence, offshore wind, and the automotive industry, and the need to remove red tape, but they do not mention a ""new trade policy"" or identify any industrial sectors as the ""main victims"" of such a policy."
2025-12-23 13:31:19,What three industrial sectors were mentioned as the main victims of the new trade policy that was presented?,hierarchical,bm25,5,5,"UK_debates2024-09-04.txt, UK_debates2025-01-30.txt, UK_debates2025-02-24.txt, UK_debates2025-06-12.txt, UK_debates2025-07-16.txt","hierarchical_chunks\UK_debates2024-09-04.txt_chunks\UK_debates2024-09-04_chunk_2.txt, hierarchical_chunks\UK_debates2025-01-30.txt_chunks\UK_debates2025-01-30_chunk_10.txt, hierarchical_chunks\UK_debates2025-02-24.txt_chunks\UK_debates2025-02-24_chunk_36.txt, hierarchical_chunks\UK_debates2025-06-12.txt_chunks\UK_debates2025-06-12_chunk_18.txt, hierarchical_chunks\UK_debates2025-07-16.txt_chunks\UK_debates2025-07-16_chunk_68.txt","[UK_debates2025-01-30.txt | UK_debates2025-01-30_chunk_10] What progress his Department has made on developing an industrial strategy. What progress his Department has made on developing an industrial strategy. What progress his Department has made on developing an industrial strategy. What progress his Department has made on developing an industrial strate
[UK_debates2024-09-04.txt | UK_debates2024-09-04_chunk_2] The Secretary of State was asked— What discussions he has had with the Scottish Government on a new industrial strategy. What discussions he has had with the Scottish Government on a new industrial strategy. What discussions he has had with the Scottish Government on a new industrial strategy. This
[UK_debates2025-02-24.txt | UK_debates2025-02-24_chunk_36] This is yet another failure in the Government’s main aim of getting Britain growing again. Zero-emission vehicles are too expensive and, it appears, too hard to manufacture in the UK. That forces us into an unfortunate reality in which we are reliant on Elon Musk for our supply of EVs, and are funne
[UK_debates2025-07-16.txt | UK_debates2025-07-16_chunk_68] The Secretary of State for Business and Trade recently presented to this House our modern industrial strategy in which financial services was identified as one of the key eight growth driving sectors on which the Government will focus. This builds on the successes of our first year in office, which
[UK_debates2025-06-12.txt | UK_debates2025-06-12_chunk_18] We have been promised a modern industrial strategy for nearly a year. First, it was going to be with us in the spring; then it was going to be published at the spending review; and now it will be here “shortly”. The industrial strategy seems to be a strategy to clobber industry with higher taxes and","I cannot answer this question based on the provided documents. The documents discuss the development of an industrial strategy, trade agreements, and challenges faced by sectors like SMEs and the automotive industry, but they do not name three industrial sectors as the main victims of a new trade policy."
2025-12-23 13:31:26,What three industrial sectors were mentioned as the main victims of the new trade policy that was presented?,hierarchical,bm25,10,10,"UK_debates2023-09-14.txt, UK_debates2024-01-25.txt, UK_debates2024-09-04.txt, UK_debates2025-01-30.txt, UK_debates2025-02-24.txt, UK_debates2025-04-02.txt, UK_debates2025-06-12.txt, UK_debates2025-07-16.txt","hierarchical_chunks\UK_debates2023-09-14.txt_chunks\UK_debates2023-09-14_chunk_3.txt, hierarchical_chunks\UK_debates2024-01-25.txt_chunks\UK_debates2024-01-25_chunk_14.txt, hierarchical_chunks\UK_debates2024-09-04.txt_chunks\UK_debates2024-09-04_chunk_2.txt, hierarchical_chunks\UK_debates2025-01-30.txt_chunks\UK_debates2025-01-30_chunk_10.txt, hierarchical_chunks\UK_debates2025-01-30.txt_chunks\UK_debates2025-01-30_chunk_27.txt, hierarchical_chunks\UK_debates2025-02-24.txt_chunks\UK_debates2025-02-24_chunk_1.txt, hierarchical_chunks\UK_debates2025-02-24.txt_chunks\UK_debates2025-02-24_chunk_36.txt, hierarchical_chunks\UK_debates2025-04-02.txt_chunks\UK_debates2025-04-02_chunk_2.txt, hierarchical_chunks\UK_debates2025-06-12.txt_chunks\UK_debates2025-06-12_chunk_18.txt, hierarchical_chunks\UK_debates2025-07-16.txt_chunks\UK_debates2025-07-16_chunk_68.txt","[UK_debates2025-01-30.txt | UK_debates2025-01-30_chunk_10] What progress his Department has made on developing an industrial strategy. What progress his Department has made on developing an industrial strategy. What progress his Department has made on developing an industrial strategy. What progress his Department has made on developing an industrial strate
[UK_debates2024-09-04.txt | UK_debates2024-09-04_chunk_2] The Secretary of State was asked— What discussions he has had with the Scottish Government on a new industrial strategy. What discussions he has had with the Scottish Government on a new industrial strategy. What discussions he has had with the Scottish Government on a new industrial strategy. This
[UK_debates2025-02-24.txt | UK_debates2025-02-24_chunk_36] This is yet another failure in the Government’s main aim of getting Britain growing again. Zero-emission vehicles are too expensive and, it appears, too hard to manufacture in the UK. That forces us into an unfortunate reality in which we are reliant on Elon Musk for our supply of EVs, and are funne
[UK_debates2025-07-16.txt | UK_debates2025-07-16_chunk_68] The Secretary of State for Business and Trade recently presented to this House our modern industrial strategy in which financial services was identified as one of the key eight growth driving sectors on which the Government will focus. This builds on the successes of our first year in office, which
[UK_debates2025-06-12.txt | UK_debates2025-06-12_chunk_18] We have been promised a modern industrial strategy for nearly a year. First, it was going to be with us in the spring; then it was going to be published at the spending review; and now it will be here “shortly”. The industrial strategy seems to be a strategy to clobber industry with higher taxes and
[UK_debates2023-09-14.txt | UK_debates2023-09-14_chunk_3] My home city of Manchester was built on export and trade, but, as a result of the Tories’ mismanagement of the economy, apathy towards the export industries and neglect of everywhere outside the M25, the value of exports from London is more than three times that of the north-west. Does the Secretary
[UK_debates2024-01-25.txt | UK_debates2024-01-25_chunk_14] I am grateful to the Minister for that answer, and I hope that exchange gives some reassurance to all colleagues in the House. Will he confirm that all prosecutions that arise from the Horizon pilot scheme will now also be included in the exonerations, given that, although people were technically pr
[UK_debates2025-01-30.txt | UK_debates2025-01-30_chunk_27] The Secretary of State and the Minister for Trade Policy and Economic Security are at the funeral of the late, great John Prescott. In this place, we remember him. Yesterday, the Chancellor set out this Government’s plan for growth, our vision for the country and our path to putting more money in pe
[UK_debates2025-02-24.txt | UK_debates2025-02-24_chunk_1] The hon. Gentleman talks about the Government’s policies for growing the economy. A few months ago, we held an international investment summit, at which £63 billion of investment was announced. As I have mentioned, there was £2 billion announced in the Budget for the automotive industry. Interest ra
[UK_debates2025-04-02.txt | UK_debates2025-04-02_chunk_2] The Secretary of State was asked— What discussions he has had with the Northern Ireland Executive on the development of a new UK industrial strategy. What discussions he has had with the Northern Ireland Executive on the development of a new UK industrial strategy. What discussions he has had with t","I cannot answer this question based on the provided documents. The documents discuss the development of an industrial strategy, various trade agreements, and potential challenges like red tape for SMEs, US tariffs, and the impact of the Windsor framework, but they do not explicitly name three industrial sectors as the main victims of a new trade policy."
2025-12-23 13:31:33,What three industrial sectors were mentioned as the main victims of the new trade policy that was presented?,hierarchical,dense,3,3,"UK_debates2025-04-08.txt, UK_debates2025-09-02.txt","hierarchical_chunks\UK_debates2025-04-08.txt_chunks\UK_debates2025-04-08_chunk_3.txt, hierarchical_chunks\UK_debates2025-04-08.txt_chunks\UK_debates2025-04-08_chunk_5.txt, hierarchical_chunks\UK_debates2025-09-02.txt_chunks\UK_debates2025-09-02_chunk_39.txt","[UK_debates2025-09-02.txt | UK_debates2025-09-02_chunk_39] May I start by associating the Liberal Democrats with the Minister’s remarks in support of the employees, families and communities who are affected by this latest development? We welcome the Minister’s coming to the House today to provide some clarity. Steel is a sector of huge strategic importance
[UK_debates2025-04-08.txt | UK_debates2025-04-08_chunk_3] This is a time of great concern for millions of people up and down our country, for businesses, and, as an open-trading nation, for our economy at large. Free trade has been the bedrock of prosperity for our country, and for many countries around the world, for decades. It has raised billions of peo
[UK_debates2025-04-08.txt | UK_debates2025-04-08_chunk_5] The shadow Chancellor asked for further details in a number of areas. Discussions are ongoing across a range of Government Departments, including the Treasury, with the United States, and I will be meeting US Treasury Secretary Scott Bessent shortly. Beyond tariffs, we are  discussing a range of dif","The three industrial sectors mentioned as being subject to additional tariffs that pose a real challenge are:

1.  **Cars** (or **automotives**) (UK\_debates2025-04-08.txt)
2.  **Steel** (UK\_debates2025-04-08.txt)
3.  **Life sciences** (UK\_debates2025-04-08.txt)"
2025-12-23 13:31:40,What three industrial sectors were mentioned as the main victims of the new trade policy that was presented?,hierarchical,dense,5,5,"UK_debates2024-03-07.txt, UK_debates2025-04-02.txt, UK_debates2025-04-08.txt, UK_debates2025-09-02.txt","hierarchical_chunks\UK_debates2024-03-07.txt_chunks\UK_debates2024-03-07_chunk_4.txt, hierarchical_chunks\UK_debates2025-04-02.txt_chunks\UK_debates2025-04-02_chunk_5.txt, hierarchical_chunks\UK_debates2025-04-08.txt_chunks\UK_debates2025-04-08_chunk_3.txt, hierarchical_chunks\UK_debates2025-04-08.txt_chunks\UK_debates2025-04-08_chunk_5.txt, hierarchical_chunks\UK_debates2025-09-02.txt_chunks\UK_debates2025-09-02_chunk_39.txt","[UK_debates2025-09-02.txt | UK_debates2025-09-02_chunk_39] May I start by associating the Liberal Democrats with the Minister’s remarks in support of the employees, families and communities who are affected by this latest development? We welcome the Minister’s coming to the House today to provide some clarity. Steel is a sector of huge strategic importance
[UK_debates2025-04-08.txt | UK_debates2025-04-08_chunk_3] This is a time of great concern for millions of people up and down our country, for businesses, and, as an open-trading nation, for our economy at large. Free trade has been the bedrock of prosperity for our country, and for many countries around the world, for decades. It has raised billions of peo
[UK_debates2025-04-08.txt | UK_debates2025-04-08_chunk_5] The shadow Chancellor asked for further details in a number of areas. Discussions are ongoing across a range of Government Departments, including the Treasury, with the United States, and I will be meeting US Treasury Secretary Scott Bessent shortly. Beyond tariffs, we are  discussing a range of dif
[UK_debates2025-04-02.txt | UK_debates2025-04-02_chunk_5] As the House has heard, we are expecting Washington later today to announce the biggest changes to its tariff regime in a generation. That may cause huge disruption to industry and business throughout the United Kingdom, and that disruption may be particularly felt in Northern Ireland. What guidance
[UK_debates2024-03-07.txt | UK_debates2024-03-07_chunk_4] The trade and co-operation agreement has hit small and medium-sized exporters the hardest, as most do not individually have the capacity to deal with the additional bureaucracy and paperwork created by that trade deal. Does the Minister recognise that the TCA has disproportionately damaged the compe","The three industrial sectors mentioned as being subject to additional tariffs and posing a real challenge to the country are automotives (or cars), life sciences, and steel (UK_debates2025-04-08.txt)."
2025-12-23 13:31:47,What three industrial sectors were mentioned as the main victims of the new trade policy that was presented?,hierarchical,dense,10,10,"UK_debates2024-03-07.txt, UK_debates2025-01-23.txt, UK_debates2025-03-06.txt, UK_debates2025-04-02.txt, UK_debates2025-04-08.txt, UK_debates2025-06-12.txt, UK_debates2025-09-02.txt","hierarchical_chunks\UK_debates2024-03-07.txt_chunks\UK_debates2024-03-07_chunk_3.txt, hierarchical_chunks\UK_debates2024-03-07.txt_chunks\UK_debates2024-03-07_chunk_4.txt, hierarchical_chunks\UK_debates2025-01-23.txt_chunks\UK_debates2025-01-23_chunk_34.txt, hierarchical_chunks\UK_debates2025-03-06.txt_chunks\UK_debates2025-03-06_chunk_16.txt, hierarchical_chunks\UK_debates2025-04-02.txt_chunks\UK_debates2025-04-02_chunk_5.txt, hierarchical_chunks\UK_debates2025-04-08.txt_chunks\UK_debates2025-04-08_chunk_3.txt, hierarchical_chunks\UK_debates2025-04-08.txt_chunks\UK_debates2025-04-08_chunk_41.txt, hierarchical_chunks\UK_debates2025-04-08.txt_chunks\UK_debates2025-04-08_chunk_5.txt, hierarchical_chunks\UK_debates2025-06-12.txt_chunks\UK_debates2025-06-12_chunk_2.txt, hierarchical_chunks\UK_debates2025-09-02.txt_chunks\UK_debates2025-09-02_chunk_39.txt","[UK_debates2025-09-02.txt | UK_debates2025-09-02_chunk_39] May I start by associating the Liberal Democrats with the Minister’s remarks in support of the employees, families and communities who are affected by this latest development? We welcome the Minister’s coming to the House today to provide some clarity. Steel is a sector of huge strategic importance
[UK_debates2025-04-08.txt | UK_debates2025-04-08_chunk_3] This is a time of great concern for millions of people up and down our country, for businesses, and, as an open-trading nation, for our economy at large. Free trade has been the bedrock of prosperity for our country, and for many countries around the world, for decades. It has raised billions of peo
[UK_debates2025-04-08.txt | UK_debates2025-04-08_chunk_5] The shadow Chancellor asked for further details in a number of areas. Discussions are ongoing across a range of Government Departments, including the Treasury, with the United States, and I will be meeting US Treasury Secretary Scott Bessent shortly. Beyond tariffs, we are  discussing a range of dif
[UK_debates2025-04-02.txt | UK_debates2025-04-02_chunk_5] As the House has heard, we are expecting Washington later today to announce the biggest changes to its tariff regime in a generation. That may cause huge disruption to industry and business throughout the United Kingdom, and that disruption may be particularly felt in Northern Ireland. What guidance
[UK_debates2024-03-07.txt | UK_debates2024-03-07_chunk_4] The trade and co-operation agreement has hit small and medium-sized exporters the hardest, as most do not individually have the capacity to deal with the additional bureaucracy and paperwork created by that trade deal. Does the Minister recognise that the TCA has disproportionately damaged the compe
[UK_debates2025-03-06.txt | UK_debates2025-03-06_chunk_16] We appear, regrettably, to be witnessing the start of a global trade war. Over the past week, the United States has placed tariffs on some of its major trading partners, and they have retaliated in kind. The President has said that he intends to place tariffs of 25% on EU goods soon. Should that hap
[UK_debates2025-06-12.txt | UK_debates2025-06-12_chunk_2] The gov.uk website, which has not been updated since  8 May , states that the Prime Minister negotiated the 25% steel tariff down to zero, but that is not right, is it? Steel faces a tariff of 25% today and runs the risk of a 50% tariff being imposed next month. Will the Minister take this opportuni
[UK_debates2024-03-07.txt | UK_debates2024-03-07_chunk_3] The Office for Budget Responsibility said yesterday that exports, including from SMEs, will fall even more than expected this year; growth in exports will be less than 1% in each of the next three years; and other countries will not be hit the same way. There have been cuts in the funding to help bu
[UK_debates2025-04-08.txt | UK_debates2025-04-08_chunk_41] Thank you very much, Mr Speaker, for granting this urgent question. It is incredibly important that this House has the opportunity to question the Government on this issue before the Easter break and before the implementation of these tariffs. I have enormous respect for my opposite numbers in the N
[UK_debates2025-01-23.txt | UK_debates2025-01-23_chunk_34] I welcome the recent conversation with my hon. Friend on this important matter. The Government’s industrial strategy outlines the importance of manufacturing in the defence industry to economic growth and national security. The new national procurement policy statement will put growth at the heart o","The three industrial sectors mentioned as facing challenges due to tariffs and requiring government action are automotives (cars), life sciences, and steel (UK_debates2025-04-08.txt).

Additional tariffs on ""cars, on steel and potentially on life sciences pose a real challenge"" (UK_debates2025-04-08.txt). Tariffs on cars and steel and aluminium were also expected to be announced by Washington (UK_debates2025-04-02.txt)."
2025-12-23 13:31:50,What organizations were mentioned by the speakers as supporting the proposed reform of the health system?,fixed_660,bm25,3,3,"uk_2024-04-10.txt, uk_2024-05-10.txt, us_2024-05-10.txt","chunks_660_output\uk_2024-04-10.txt_chunks\uk_2024-04-10_chunk_8.txt, chunks_660_output\uk_2024-05-10.txt_chunks\uk_2024-05-10_chunk_8.txt, chunks_660_output\us_2024-05-10.txt_chunks\us_2024-05-10_chunk_7.txt","[uk_2024-04-10.txt | uk_2024-04-10_chunk_8] From the Congressional Record Online through the Government Publishing Office [<a href='https://www.gpo.gov'>www.gpo.gov</a>]  SENATE COMMITTEE MEETINGS  Title IV of Senate Resolution 4, agreed to by the Senate of February  4, 1977, calls for establishment of a system for a computerized  schedule of
[us_2024-05-10.txt | us_2024-05-10_chunk_7] The Central Coast is home to many sacred locations that are mentioned in Chumash oral tradition which include stories (saga' squatinas'ni) and context over the past 15,000 years, including an older recorded date at Point Conception, an extremely important Chumas Sacred Place known to Native American
[uk_2024-05-10.txt | uk_2024-05-10_chunk_8] The  support they have provided for Dexter's students and educators over the  last 40 years is worthy of commendation. The Educational Foundation of Dexter (EFD) was founded in 1984 to  enhance the educational experience for those enrolled in the Dexter  Community School District. Through teacher wr",I cannot answer this question based on the provided documents.
2025-12-23 13:31:58,What organizations were mentioned by the speakers as supporting the proposed reform of the health system?,fixed_660,bm25,5,5,"uk_2023-10-19.txt, uk_2024-04-10.txt, uk_2024-05-10.txt, us_2023-10-19.txt, us_2024-05-10.txt","chunks_660_output\uk_2023-10-19.txt_chunks\uk_2023-10-19_chunk_10.txt, chunks_660_output\uk_2024-04-10.txt_chunks\uk_2024-04-10_chunk_8.txt, chunks_660_output\uk_2024-05-10.txt_chunks\uk_2024-05-10_chunk_8.txt, chunks_660_output\us_2023-10-19.txt_chunks\us_2023-10-19_chunk_11.txt, chunks_660_output\us_2024-05-10.txt_chunks\us_2024-05-10_chunk_7.txt","[uk_2024-04-10.txt | uk_2024-04-10_chunk_8] From the Congressional Record Online through the Government Publishing Office [<a href='https://www.gpo.gov'>www.gpo.gov</a>]  SENATE COMMITTEE MEETINGS  Title IV of Senate Resolution 4, agreed to by the Senate of February  4, 1977, calls for establishment of a system for a computerized  schedule of
[us_2024-05-10.txt | us_2024-05-10_chunk_7] The Central Coast is home to many sacred locations that are mentioned in Chumash oral tradition which include stories (saga' squatinas'ni) and context over the past 15,000 years, including an older recorded date at Point Conception, an extremely important Chumas Sacred Place known to Native American
[uk_2024-05-10.txt | uk_2024-05-10_chunk_8] The  support they have provided for Dexter's students and educators over the  last 40 years is worthy of commendation. The Educational Foundation of Dexter (EFD) was founded in 1984 to  enhance the educational experience for those enrolled in the Dexter  Community School District. Through teacher wr
[uk_2023-10-19.txt | uk_2023-10-19_chunk_10] Mr. Speaker Pro Tempore, I rise to honor the Pancretan  Association of America (PAA) on their many achievements throughout  their 94 years of dedicated service. I am thrilled to congratulate the  PAA on the establishment of their first-ever National Headquarters at  the Hellenic Center in Bethesda,
[us_2023-10-19.txt | us_2023-10-19_chunk_11] There were meetings about health all over the place and practically all of the time. Iris was often present at many of these meetings, sharing her knowledge, her expertise and her wisdom. Iris worked with nurse groups, administrative groups, community groups, women groups, black power group and the","The provided documents mention that Dr. Iris Shannon, during a period of serious health interest and changes in health law in the late 1960s and early 1970s, worked with ""nurse groups, administrative groups, community groups, women groups, [and] black power group"" regarding health and health care needs (uk_2023-10-19.txt, us_2023-10-19.txt).

However, the documents do not explicitly name organizations that supported a *proposed reform of the health system*."
2025-12-23 13:32:05,What organizations were mentioned by the speakers as supporting the proposed reform of the health system?,fixed_660,bm25,10,10,"uk_2023-07-12.txt, uk_2023-10-02.txt, uk_2023-10-19.txt, uk_2024-04-10.txt, uk_2024-05-10.txt, uk_2024-05-21.txt, uk_2024-07-11.txt, us_2023-10-19.txt, us_2024-05-10.txt","chunks_660_output\uk_2023-07-12.txt_chunks\uk_2023-07-12_chunk_6.txt, chunks_660_output\uk_2023-10-02.txt_chunks\uk_2023-10-02_chunk_1.txt, chunks_660_output\uk_2023-10-19.txt_chunks\uk_2023-10-19_chunk_10.txt, chunks_660_output\uk_2024-04-10.txt_chunks\uk_2024-04-10_chunk_8.txt, chunks_660_output\uk_2024-05-10.txt_chunks\uk_2024-05-10_chunk_8.txt, chunks_660_output\uk_2024-05-21.txt_chunks\uk_2024-05-21_chunk_4.txt, chunks_660_output\uk_2024-07-11.txt_chunks\uk_2024-07-11_chunk_3.txt, chunks_660_output\us_2023-10-19.txt_chunks\us_2023-10-19_chunk_11.txt, chunks_660_output\us_2024-05-10.txt_chunks\us_2024-05-10_chunk_6.txt, chunks_660_output\us_2024-05-10.txt_chunks\us_2024-05-10_chunk_7.txt","[uk_2024-04-10.txt | uk_2024-04-10_chunk_8] From the Congressional Record Online through the Government Publishing Office [<a href='https://www.gpo.gov'>www.gpo.gov</a>]  SENATE COMMITTEE MEETINGS  Title IV of Senate Resolution 4, agreed to by the Senate of February  4, 1977, calls for establishment of a system for a computerized  schedule of
[us_2024-05-10.txt | us_2024-05-10_chunk_7] The Central Coast is home to many sacred locations that are mentioned in Chumash oral tradition which include stories (saga' squatinas'ni) and context over the past 15,000 years, including an older recorded date at Point Conception, an extremely important Chumas Sacred Place known to Native American
[uk_2024-05-10.txt | uk_2024-05-10_chunk_8] The  support they have provided for Dexter's students and educators over the  last 40 years is worthy of commendation. The Educational Foundation of Dexter (EFD) was founded in 1984 to  enhance the educational experience for those enrolled in the Dexter  Community School District. Through teacher wr
[uk_2023-10-19.txt | uk_2023-10-19_chunk_10] Mr. Speaker Pro Tempore, I rise to honor the Pancretan  Association of America (PAA) on their many achievements throughout  their 94 years of dedicated service. I am thrilled to congratulate the  PAA on the establishment of their first-ever National Headquarters at  the Hellenic Center in Bethesda,
[us_2023-10-19.txt | us_2023-10-19_chunk_11] There were meetings about health all over the place and practically all of the time. Iris was often present at many of these meetings, sharing her knowledge, her expertise and her wisdom. Iris worked with nurse groups, administrative groups, community groups, women groups, black power group and the
[uk_2024-05-21.txt | uk_2024-05-21_chunk_4] PDS  needs the authority to spend that $3 million on salaries, or it will be  forced to close one day per week. My bill would give PDS the authority  to spend that $3 million on salaries. The drafting error will not only harm PDS employees, who will not be  paid when PDS is closed, it will also harm
[uk_2023-10-02.txt | uk_2023-10-02_chunk_1] ﻿Title: DEPARTMENT OF STATE, FOREIGN OPERATIONS, AND RELATED PROGRAMS APPROPRIATIONS ACT, 2024; Congressional Record Vol. 169, No. 161  From the Congressional Record Online through the Government Publishing Office [<a href='https://www.gpo.gov'>www.gpo.gov</a>]  DEPARTMENT OF STATE, FOREIGN OPERATIO
[us_2024-05-10.txt | us_2024-05-10_chunk_6] The support they have provided for Dexter's students and educators over the last 40 years is worthy of commendation. The Educational Foundation of Dexter (EFD) was founded in 1984 to enhance the educational experience for those enrolled in the Dexter Community School District. Through teacher writte
[uk_2024-07-11.txt | uk_2024-07-11_chunk_3] The Court now opened the flood gates for endless,  costly legal challenges. Our court system will likely be overburdened  as companies attack agency regulations. The Corner Post Reversal Act of 2024 would protect well-developed and  scientifically based agency actions from attacks, by giving finalit
[uk_2023-07-12.txt | uk_2023-07-12_chunk_6] Educational researcher Tom Loveless (retired from  the Brookings lnstitution) says: ``The previous framework was  very clear that math fluency involves speed and accuracy. The  proposed framework rejects speed as being even part of  fluency, and that's a problem.'' The newly revised framework delays","I cannot answer this question based on the provided documents. The documents mention organizations involved in global health advocacy (such as the Global Health Council, Catholic Relief Services, United States Global Leadership Coalition, and American Jewish Committee) who were concerned about proposed budget cuts to foreign operations funding in 2024 (uk_2023-10-02.txt). They also mention Dr. Iris Shannon working with ""nurse groups, administrative groups, community groups, women groups, black power group"" during a period of health activity and changes in health law in the late 1960s and early 1970s (uk_2023-10-19.txt, us_2023-10-19.txt), but none of the provided texts explicitly name organizations supporting a specific proposed reform of the health system."
2025-12-23 13:32:12,What organizations were mentioned by the speakers as supporting the proposed reform of the health system?,fixed_660,dense,3,3,"uk_2023-10-02.txt, uk_2023-11-17.txt, uk_2025-06-27.txt","chunks_660_output\uk_2023-10-02.txt_chunks\uk_2023-10-02_chunk_1.txt, chunks_660_output\uk_2023-11-17.txt_chunks\uk_2023-11-17_chunk_2.txt, chunks_660_output\uk_2025-06-27.txt_chunks\uk_2025-06-27_chunk_7.txt","[uk_2023-11-17.txt | uk_2023-11-17_chunk_2] This bill hurts the National Institutes of Health by cutting $2.8  billion from their topline budget, which will stymy medical innovation. It makes a $139 million cut to the National Institute of Mental Health  at a time when our country is facing a mental health crisis. The bill  also contains majo
[uk_2023-10-02.txt | uk_2023-10-02_chunk_1] ﻿Title: DEPARTMENT OF STATE, FOREIGN OPERATIONS, AND RELATED PROGRAMS APPROPRIATIONS ACT, 2024; Congressional Record Vol. 169, No. 161  From the Congressional Record Online through the Government Publishing Office [<a href='https://www.gpo.gov'>www.gpo.gov</a>]  DEPARTMENT OF STATE, FOREIGN OPERATIO
[uk_2025-06-27.txt | uk_2025-06-27_chunk_7] Mr. Speaker, had I been present, I would have voted NAY on  Roll Call No. 183, and NAY on Roll Call No. 184. From the Congressional Record Online through the Government Publishing Office [<a href='https://www.gpo.gov'>www.gpo.gov</a>]  RECOGNIZING BARBARA COLLURA, PRESIDENT AND CEO OF RESOLVE: THE N","I cannot answer this question based on the provided documents. The documents mention organizations expressing concern about proposed cuts to global health and foreign operations (uk_2023-10-02.txt) and an organization advocating for infertility care (uk_2025-06-27.txt), but they do not name any organizations that speakers mentioned as supporting a proposed reform of the health system."
2025-12-23 13:32:18,What organizations were mentioned by the speakers as supporting the proposed reform of the health system?,fixed_660,dense,5,5,"uk_2023-10-02.txt, uk_2023-11-17.txt, uk_2024-09-16.txt, uk_2025-06-27.txt, us_2024-03-13.txt","chunks_660_output\uk_2023-10-02.txt_chunks\uk_2023-10-02_chunk_1.txt, chunks_660_output\uk_2023-11-17.txt_chunks\uk_2023-11-17_chunk_2.txt, chunks_660_output\uk_2024-09-16.txt_chunks\uk_2024-09-16_chunk_9.txt, chunks_660_output\uk_2025-06-27.txt_chunks\uk_2025-06-27_chunk_7.txt, chunks_660_output\us_2024-03-13.txt_chunks\us_2024-03-13_chunk_8.txt","[uk_2023-11-17.txt | uk_2023-11-17_chunk_2] This bill hurts the National Institutes of Health by cutting $2.8  billion from their topline budget, which will stymy medical innovation. It makes a $139 million cut to the National Institute of Mental Health  at a time when our country is facing a mental health crisis. The bill  also contains majo
[uk_2023-10-02.txt | uk_2023-10-02_chunk_1] ﻿Title: DEPARTMENT OF STATE, FOREIGN OPERATIONS, AND RELATED PROGRAMS APPROPRIATIONS ACT, 2024; Congressional Record Vol. 169, No. 161  From the Congressional Record Online through the Government Publishing Office [<a href='https://www.gpo.gov'>www.gpo.gov</a>]  DEPARTMENT OF STATE, FOREIGN OPERATIO
[uk_2025-06-27.txt | uk_2025-06-27_chunk_7] Mr. Speaker, had I been present, I would have voted NAY on  Roll Call No. 183, and NAY on Roll Call No. 184. From the Congressional Record Online through the Government Publishing Office [<a href='https://www.gpo.gov'>www.gpo.gov</a>]  RECOGNIZING BARBARA COLLURA, PRESIDENT AND CEO OF RESOLVE: THE N
[uk_2024-09-16.txt | uk_2024-09-16_chunk_9] Providing quality health services to our community is critical--and  through the Thompson Family's involvement and leadership, the Lestonnac  Clinic will be able to continue providing essential preventative care  to their patients. I'd like to thank Billy and Nancy, important leaders in our Orange
[us_2024-03-13.txt | us_2024-03-13_chunk_8] Whereas: the Black Angels were courageous, dedicated, and bold in answering the call to come to Sea View and risk their lives caring for the grievously sick and ``indigent consumptives'' of New York City, who had been banished to this woefully understaffed sanatorium. Whereas: Virginia Allen served","The provided documents mention RESOLVE: The National Infertility Association, whose leadership advocated for ""family-building equality,"" expanded insurance coverage for fertility care at the state level, and increased protections for IVF (uk_2025-06-27.txt).

Other organizations mentioned in the context of health-related legislation were generally expressing concern or opposition to proposed cuts:

*   The Global Health Council (along with 70+ additional organizations), Catholic Relief Services, the United States Global Leadership Coalition (USGLC), and the American Jewish Committee expressed concern or opposition regarding proposed cuts to the Fiscal Year 2024 State and Foreign Operations and Related Programs (SFOPS) budget, noting that these cuts would undercut global health and humanitarian assistance programs (uk_2023-10-02.txt).
*   H.R. 5894 was opposed by a speaker because it contained major cuts to the National Institutes of Health, the National Institute of Mental Health, the National Cancer Institute, and eliminated funding for Title X Family Planning and Planned Parenthood (uk_2023-11-17.txt)."
2025-12-23 13:32:25,What organizations were mentioned by the speakers as supporting the proposed reform of the health system?,fixed_660,dense,10,10,"uk_2023-10-02.txt, uk_2023-11-17.txt, uk_2024-05-08.txt, uk_2024-09-16.txt, uk_2024-09-17.txt, uk_2025-06-17.txt, uk_2025-06-27.txt, us_2023-07-27.txt, us_2024-03-13.txt, us_2024-05-06.txt","chunks_660_output\uk_2023-10-02.txt_chunks\uk_2023-10-02_chunk_1.txt, chunks_660_output\uk_2023-11-17.txt_chunks\uk_2023-11-17_chunk_2.txt, chunks_660_output\uk_2024-05-08.txt_chunks\uk_2024-05-08_chunk_11.txt, chunks_660_output\uk_2024-09-16.txt_chunks\uk_2024-09-16_chunk_9.txt, chunks_660_output\uk_2024-09-17.txt_chunks\uk_2024-09-17_chunk_6.txt, chunks_660_output\uk_2025-06-17.txt_chunks\uk_2025-06-17_chunk_4.txt, chunks_660_output\uk_2025-06-27.txt_chunks\uk_2025-06-27_chunk_7.txt, chunks_660_output\us_2023-07-27.txt_chunks\us_2023-07-27_chunk_2.txt, chunks_660_output\us_2024-03-13.txt_chunks\us_2024-03-13_chunk_8.txt, chunks_660_output\us_2024-05-06.txt_chunks\us_2024-05-06_chunk_2.txt","[uk_2023-11-17.txt | uk_2023-11-17_chunk_2] This bill hurts the National Institutes of Health by cutting $2.8  billion from their topline budget, which will stymy medical innovation. It makes a $139 million cut to the National Institute of Mental Health  at a time when our country is facing a mental health crisis. The bill  also contains majo
[uk_2023-10-02.txt | uk_2023-10-02_chunk_1] ﻿Title: DEPARTMENT OF STATE, FOREIGN OPERATIONS, AND RELATED PROGRAMS APPROPRIATIONS ACT, 2024; Congressional Record Vol. 169, No. 161  From the Congressional Record Online through the Government Publishing Office [<a href='https://www.gpo.gov'>www.gpo.gov</a>]  DEPARTMENT OF STATE, FOREIGN OPERATIO
[uk_2025-06-27.txt | uk_2025-06-27_chunk_7] Mr. Speaker, had I been present, I would have voted NAY on  Roll Call No. 183, and NAY on Roll Call No. 184. From the Congressional Record Online through the Government Publishing Office [<a href='https://www.gpo.gov'>www.gpo.gov</a>]  RECOGNIZING BARBARA COLLURA, PRESIDENT AND CEO OF RESOLVE: THE N
[uk_2024-09-16.txt | uk_2024-09-16_chunk_9] Providing quality health services to our community is critical--and  through the Thompson Family's involvement and leadership, the Lestonnac  Clinic will be able to continue providing essential preventative care  to their patients. I'd like to thank Billy and Nancy, important leaders in our Orange
[us_2024-03-13.txt | us_2024-03-13_chunk_8] Whereas: the Black Angels were courageous, dedicated, and bold in answering the call to come to Sea View and risk their lives caring for the grievously sick and ``indigent consumptives'' of New York City, who had been banished to this woefully understaffed sanatorium. Whereas: Virginia Allen served
[uk_2024-05-08.txt | uk_2024-05-08_chunk_11] 4 p.m.  Committee on Armed Services  Subcommittee on Airland  To hold hearings to examine Army modernization in review  2025 and the Future Years Defense Program. MAY 16  9:30 a.m.  Committee on Armed Services  To hold hearings to examine the posture of the Department  Request for Fiscal Year 2025 a
[us_2023-07-27.txt | us_2023-07-27_chunk_2] For example, a recent study by researchers at the U.S. Department of Health and Human Services (Creedon, Zuvekas, Hill, Ali, McClellan, & Day, December 2022, Health Services Review, Volume 57, Issue S2) found that adults with disabilities who were newly-eligible for Medicaid experienced significant
[us_2024-05-06.txt | us_2024-05-06_chunk_2] The Myers grew a freestanding single home health agency into a publicly traded company of almost 30,000 employees, now operating in 38 states and the District of Columbia. LHC Group's success, along with its significant mission, must be attributed to the Myers' own virtue. As LHC Group's first nurse
[uk_2024-09-17.txt | uk_2024-09-17_chunk_6] During my service in Congress, I have consistently advocated for more  resources to expand medical research that promotes better screening  tools for underserved and under-studied populations, and that is more  inclusive of diverse participants in clinical trials. Congressional  action has helped im
[uk_2025-06-17.txt | uk_2025-06-17_chunk_4] Through this initiative,  she helped raise over $900 for the Zebra Youth Foundation, supporting  LGBTQ+ youth in Central Florida. Now in the process of becoming a peer support advocate, Sabra is  especially passionate about mental health awareness in the fire  service--an industry that can sometimes","I cannot answer this question based on the provided documents. The documents mention several organizations involved in health advocacy and service provision (such as RESOLVE: The National Infertility Association, Lestonnac Clinic, Access Living, and the Prostate Cancer Foundation), and several organizations opposing proposed budget cuts (such as the Global Health Council and Catholic Relief Services), but none are explicitly mentioned by speakers as supporting a ""proposed reform of the health system."""
2025-12-23 13:32:33,What organizations were mentioned by the speakers as supporting the proposed reform of the health system?,hierarchical,bm25,3,3,"UK_debates2023-12-04.txt, UK_debates2024-10-15.txt, UK_debates2025-04-02.txt","hierarchical_chunks\UK_debates2023-12-04.txt_chunks\UK_debates2023-12-04_chunk_14.txt, hierarchical_chunks\UK_debates2024-10-15.txt_chunks\UK_debates2024-10-15_chunk_7.txt, hierarchical_chunks\UK_debates2025-04-02.txt_chunks\UK_debates2025-04-02_chunk_13.txt","[UK_debates2024-10-15.txt | UK_debates2024-10-15_chunk_7] Intermediate care for people facing homelessness, which is recommended by the National Institute for Health and Care Excellence, can reduce rough sleeping by around 70%. That is life-changing for people who have been sleeping rough and it plays a significant role in relieving pressure on hospitals.
[UK_debates2023-12-04.txt | UK_debates2023-12-04_chunk_14] I have never given a nuanced answer in my life and I do not intend to start doing so now. I thank all the councils my right hon. Friend mentioned for the work they do in delivering services for their communities. Local government has seen a real-terms increase in core spending power over the period
[UK_debates2025-04-02.txt | UK_debates2025-04-02_chunk_13] I absolutely agree. Public service transformation is not just about funding; it is about how to spend the money that the Northern Ireland  Executive has with the record £18.2 billion settlement. Health is devolved, but we work together to share best practice and expertise, as well as recently agreei","The following organizations were mentioned in discussions related to health system reform or providing relevant input:

1.  **National Institute for Health and Care Excellence (NICE):** Intermediate care for people facing homelessness is recommended by NICE, and speakers discussed embedding the ""NICE approach"" in every integrated care system across England (UK\_debates2024-10-15.txt).
2.  **Royal College of Emergency Medicine:** Representatives of this organization met with a speaker and stated that the inadequate state of social care was causing people’s physical health to deteriorate, leading to more presentations at emergency departments (UK\_debates2024-10-15.txt).
3.  **Unions:** In the context of public service transformation and workforce challenges in Northern Ireland, speakers mentioned supporting the workforce and working with unions (UK\_debates2025-04-02.txt)."
2025-12-23 13:32:40,What organizations were mentioned by the speakers as supporting the proposed reform of the health system?,hierarchical,bm25,5,5,"UK_debates2023-12-04.txt, UK_debates2024-05-15.txt, UK_debates2024-10-15.txt, UK_debates2024-11-19.txt, UK_debates2025-04-02.txt","hierarchical_chunks\UK_debates2023-12-04.txt_chunks\UK_debates2023-12-04_chunk_14.txt, hierarchical_chunks\UK_debates2024-05-15.txt_chunks\UK_debates2024-05-15_chunk_11.txt, hierarchical_chunks\UK_debates2024-10-15.txt_chunks\UK_debates2024-10-15_chunk_7.txt, hierarchical_chunks\UK_debates2024-11-19.txt_chunks\UK_debates2024-11-19_chunk_14.txt, hierarchical_chunks\UK_debates2025-04-02.txt_chunks\UK_debates2025-04-02_chunk_13.txt","[UK_debates2024-10-15.txt | UK_debates2024-10-15_chunk_7] Intermediate care for people facing homelessness, which is recommended by the National Institute for Health and Care Excellence, can reduce rough sleeping by around 70%. That is life-changing for people who have been sleeping rough and it plays a significant role in relieving pressure on hospitals.
[UK_debates2023-12-04.txt | UK_debates2023-12-04_chunk_14] I have never given a nuanced answer in my life and I do not intend to start doing so now. I thank all the councils my right hon. Friend mentioned for the work they do in delivering services for their communities. Local government has seen a real-terms increase in core spending power over the period
[UK_debates2025-04-02.txt | UK_debates2025-04-02_chunk_13] I absolutely agree. Public service transformation is not just about funding; it is about how to spend the money that the Northern Ireland  Executive has with the record £18.2 billion settlement. Health is devolved, but we work together to share best practice and expertise, as well as recently agreei
[UK_debates2024-05-15.txt | UK_debates2024-05-15_chunk_11] We encourage every celebration of the diversity in ethnicity that we have in this country. In particular, the Government want to emphasise equality under the law, the fact that there are not protected groups but protected characteristics, and that everyone should be free from discrimination. We know
[UK_debates2024-11-19.txt | UK_debates2024-11-19_chunk_14] Toothless in Huntingdon in my constituency has written to me highlighting that 36% of patients under Cambridgeshire and Peterborough integrated care system no longer have an NHS dentist. It wants dental practices to provide access to those needing emergency treatment and a priority pathway for refer","I cannot answer this question based on the provided documents. The documents mention several organizations that are involved in health and social care discussions, highlighting issues, or being consulted (such as the Royal College of Emergency Medicine, the National Institute for Health and Care Excellence, the Multiple Sclerosis Society, Parkinson’s UK, Mind, and the British Dental Association), but they do not explicitly state which organizations support the proposed reforms."
2025-12-23 13:32:49,What organizations were mentioned by the speakers as supporting the proposed reform of the health system?,hierarchical,bm25,10,10,"UK_debates2023-07-17.txt, UK_debates2023-12-04.txt, UK_debates2024-05-15.txt, UK_debates2024-10-15.txt, UK_debates2024-11-19.txt, UK_debates2025-03-17.txt, UK_debates2025-04-02.txt, UK_debates2025-06-18.txt, us_2023-10-02.txt, us_2025-04-21.txt","hierarchical_chunks\UK_debates2023-07-17.txt_chunks\UK_debates2023-07-17_chunk_13.txt, hierarchical_chunks\UK_debates2023-12-04.txt_chunks\UK_debates2023-12-04_chunk_14.txt, hierarchical_chunks\UK_debates2024-05-15.txt_chunks\UK_debates2024-05-15_chunk_11.txt, hierarchical_chunks\UK_debates2024-10-15.txt_chunks\UK_debates2024-10-15_chunk_7.txt, hierarchical_chunks\UK_debates2024-11-19.txt_chunks\UK_debates2024-11-19_chunk_14.txt, hierarchical_chunks\UK_debates2025-03-17.txt_chunks\UK_debates2025-03-17_chunk_7.txt, hierarchical_chunks\UK_debates2025-04-02.txt_chunks\UK_debates2025-04-02_chunk_13.txt, hierarchical_chunks\UK_debates2025-06-18.txt_chunks\UK_debates2025-06-18_chunk_14.txt, hierarchical_chunks\us_2023-10-02.txt_chunks\us_2023-10-02_chunk_4.txt, hierarchical_chunks\us_2025-04-21.txt_chunks\us_2025-04-21_chunk_17.txt","[UK_debates2024-10-15.txt | UK_debates2024-10-15_chunk_7] Intermediate care for people facing homelessness, which is recommended by the National Institute for Health and Care Excellence, can reduce rough sleeping by around 70%. That is life-changing for people who have been sleeping rough and it plays a significant role in relieving pressure on hospitals.
[UK_debates2023-12-04.txt | UK_debates2023-12-04_chunk_14] I have never given a nuanced answer in my life and I do not intend to start doing so now. I thank all the councils my right hon. Friend mentioned for the work they do in delivering services for their communities. Local government has seen a real-terms increase in core spending power over the period
[UK_debates2025-04-02.txt | UK_debates2025-04-02_chunk_13] I absolutely agree. Public service transformation is not just about funding; it is about how to spend the money that the Northern Ireland  Executive has with the record £18.2 billion settlement. Health is devolved, but we work together to share best practice and expertise, as well as recently agreei
[UK_debates2024-05-15.txt | UK_debates2024-05-15_chunk_11] We encourage every celebration of the diversity in ethnicity that we have in this country. In particular, the Government want to emphasise equality under the law, the fact that there are not protected groups but protected characteristics, and that everyone should be free from discrimination. We know
[UK_debates2024-11-19.txt | UK_debates2024-11-19_chunk_14] Toothless in Huntingdon in my constituency has written to me highlighting that 36% of patients under Cambridgeshire and Peterborough integrated care system no longer have an NHS dentist. It wants dental practices to provide access to those needing emergency treatment and a priority pathway for refer
[us_2025-04-21.txt | us_2025-04-21_chunk_17] Mr. Salvatore's career in the restaurant industry began at a young age, working alongside his father, Joseph. After nearly four decades in the business, he took his passion to new heights by opening Russell's Steaks, Chops, & More at the age of 75, proving that his dedication to the industry remains
[UK_debates2025-06-18.txt | UK_debates2025-06-18_chunk_14] What assessment she has made of the potential impact of the Government’s proposed welfare reforms on financial inequalities experienced by disabled people. The hon. Member is right to raise this issue; the current system does track too many people in financial inequality. We want disabled people to
[UK_debates2025-03-17.txt | UK_debates2025-03-17_chunk_7] Back in the autumn, the right hon. Lady said “we will not allow young people not to be in education, employment or training.” How is it possible then that since Labour has been in office there are 100,000 more young people in exactly that situation? The hon. Lady had 14 years to solve the problem an
[UK_debates2023-07-17.txt | UK_debates2023-07-17_chunk_13] New research from the House of Commons Library has shown that the amount of the apprenticeship levy paid by employers that has been allocated to the apprenticeship budget has fallen from 89% in 2017 to just 77% in the most recent year. The truthful answer to the question from  the hon. Member for St
[us_2023-10-02.txt | us_2023-10-02_chunk_4] The Global Health Council, together with 70+ additional organizations, stated the following: Global Health Council and 70+ Organizations ``As a community of global health and development advocates, we are deeply concerned with the steep cuts being proposed to the House State and Foreign Operations a","I cannot answer this question based on the provided documents. While several organizations are mentioned in relation to health and social care issues (such as the National Institute for Health and Care Excellence, the Royal College of Emergency Medicine, the British Dental Association, and various disability charities), the documents do not explicitly name any organization as supporting the overall proposed reform of the health system.

The documents do mention that the care workforce, care providers, and family carers are seen as important partners in building the 10-year plan for social care (UK_debates2024-11-19.txt)."
2025-12-23 13:32:57,What organizations were mentioned by the speakers as supporting the proposed reform of the health system?,hierarchical,dense,3,3,"UK_debates2025-03-14.txt, UK_debates2025-05-06.txt, us_2024-03-26.txt","hierarchical_chunks\UK_debates2025-03-14.txt_chunks\UK_debates2025-03-14_chunk_10.txt, hierarchical_chunks\UK_debates2025-05-06.txt_chunks\UK_debates2025-05-06_chunk_6.txt, hierarchical_chunks\us_2024-03-26.txt_chunks\us_2024-03-26_chunk_6.txt","[UK_debates2025-03-14.txt | UK_debates2025-03-14_chunk_10] I thank my hon. Friend for the powerful way in which he is introducing the Bill. Will he recognise the work of pioneering teams such as the one at Charing Cross hospital, under Imperial College healthcare NHS trust, where Professor Michael Seckl is leading the way in groundbreaking treatment for and
[UK_debates2025-05-06.txt | UK_debates2025-05-06_chunk_6] I wholeheartedly join my hon. Friend in thanking Pam and everyone at Compassion in Action for the work that they do. At the heart of our approach to health is a recognition that Government action is essential for improving health outcomes in the country, and that Government acting alone will not be
[us_2024-03-26.txt | us_2024-03-26_chunk_6] Mr. ISSA. Mr. Speaker, I would like to include in the Record a letter which my lead Democratic cosponsor,  Mr. Costa, and I received from the U.S. Travel Association expressing the support of the travel industry for the passage of the Passport System Reform and Backlog Prevention Act:","I cannot answer this question based on the provided documents. The documents mention several organizations and groups (such as Compassion in Action, Imperial College healthcare NHS trust, Map My Mole, and the U.S. Travel Association), but none are explicitly stated as supporting the proposed reform of the health system. The U.S. Travel Association, for example, expressed support for the Passport System Reform and Backlog Prevention Act (us_2024-03-26.txt)."
2025-12-23 13:33:03,What organizations were mentioned by the speakers as supporting the proposed reform of the health system?,hierarchical,dense,5,5,"UK_debates2024-03-05.txt, UK_debates2025-03-14.txt, UK_debates2025-05-06.txt, us_2023-12-12.txt, us_2024-03-26.txt","hierarchical_chunks\UK_debates2024-03-05.txt_chunks\UK_debates2024-03-05_chunk_8.txt, hierarchical_chunks\UK_debates2025-03-14.txt_chunks\UK_debates2025-03-14_chunk_10.txt, hierarchical_chunks\UK_debates2025-05-06.txt_chunks\UK_debates2025-05-06_chunk_6.txt, hierarchical_chunks\us_2023-12-12.txt_chunks\us_2023-12-12_chunk_10.txt, hierarchical_chunks\us_2024-03-26.txt_chunks\us_2024-03-26_chunk_6.txt","[UK_debates2025-03-14.txt | UK_debates2025-03-14_chunk_10] I thank my hon. Friend for the powerful way in which he is introducing the Bill. Will he recognise the work of pioneering teams such as the one at Charing Cross hospital, under Imperial College healthcare NHS trust, where Professor Michael Seckl is leading the way in groundbreaking treatment for and
[UK_debates2025-05-06.txt | UK_debates2025-05-06_chunk_6] I wholeheartedly join my hon. Friend in thanking Pam and everyone at Compassion in Action for the work that they do. At the heart of our approach to health is a recognition that Government action is essential for improving health outcomes in the country, and that Government acting alone will not be
[us_2024-03-26.txt | us_2024-03-26_chunk_6] Mr. ISSA. Mr. Speaker, I would like to include in the Record a letter which my lead Democratic cosponsor,  Mr. Costa, and I received from the U.S. Travel Association expressing the support of the travel industry for the passage of the Passport System Reform and Backlog Prevention Act:
[us_2023-12-12.txt | us_2023-12-12_chunk_10] Mr. KEATING. Mr. Speaker, I was unable to cast my vote for H.R. 5378--Lower Costs, More Transparency Act. I have long supported the critical medical and social services that community health centers provide and fully support their funding. Had I been present, I would have voted YEA on rollcall No. 7
[UK_debates2024-03-05.txt | UK_debates2024-03-05_chunk_8] I have asked the Secretary of State a number of times how she intends to recruit and retain social care staff, particularly with the visa changes coming into effect next Monday, stopping those from overseas coming to fill skills gaps from bringing their spouse or dependants with them. I ask again: h","I cannot answer this question based on the provided documents.

While the documents mention several organizations involved in healthcare (such as Charing Cross hospital, Imperial College healthcare NHS trust, Compassion in Action, and Dr Toby Nelson's business Map My Mole), and note that the 10-year health plan is being developed with input from the public, partners, and health staff (UK_debates2025-05-06.txt), no specific organization is explicitly named as supporting the proposed reform of the health system. (The U.S. Travel Association was mentioned as supporting the Passport System Reform and Backlog Prevention Act, which is not health system reform (us_2024-03-26.txt))."
2025-12-23 13:33:11,What organizations were mentioned by the speakers as supporting the proposed reform of the health system?,hierarchical,dense,10,10,"UK_debates2024-02-28.txt, UK_debates2024-03-05.txt, UK_debates2024-10-15.txt, UK_debates2025-01-15.txt, UK_debates2025-03-14.txt, UK_debates2025-05-06.txt, UK_debates2025-07-02.txt, us_2023-10-02.txt, us_2023-12-12.txt, us_2024-03-26.txt","hierarchical_chunks\UK_debates2024-02-28.txt_chunks\UK_debates2024-02-28_chunk_21.txt, hierarchical_chunks\UK_debates2024-03-05.txt_chunks\UK_debates2024-03-05_chunk_8.txt, hierarchical_chunks\UK_debates2024-10-15.txt_chunks\UK_debates2024-10-15_chunk_24.txt, hierarchical_chunks\UK_debates2025-01-15.txt_chunks\UK_debates2025-01-15_chunk_9.txt, hierarchical_chunks\UK_debates2025-03-14.txt_chunks\UK_debates2025-03-14_chunk_10.txt, hierarchical_chunks\UK_debates2025-05-06.txt_chunks\UK_debates2025-05-06_chunk_6.txt, hierarchical_chunks\UK_debates2025-07-02.txt_chunks\UK_debates2025-07-02_chunk_23.txt, hierarchical_chunks\us_2023-10-02.txt_chunks\us_2023-10-02_chunk_3.txt, hierarchical_chunks\us_2023-12-12.txt_chunks\us_2023-12-12_chunk_10.txt, hierarchical_chunks\us_2024-03-26.txt_chunks\us_2024-03-26_chunk_6.txt","[UK_debates2025-03-14.txt | UK_debates2025-03-14_chunk_10] I thank my hon. Friend for the powerful way in which he is introducing the Bill. Will he recognise the work of pioneering teams such as the one at Charing Cross hospital, under Imperial College healthcare NHS trust, where Professor Michael Seckl is leading the way in groundbreaking treatment for and
[UK_debates2025-05-06.txt | UK_debates2025-05-06_chunk_6] I wholeheartedly join my hon. Friend in thanking Pam and everyone at Compassion in Action for the work that they do. At the heart of our approach to health is a recognition that Government action is essential for improving health outcomes in the country, and that Government acting alone will not be
[us_2024-03-26.txt | us_2024-03-26_chunk_6] Mr. ISSA. Mr. Speaker, I would like to include in the Record a letter which my lead Democratic cosponsor,  Mr. Costa, and I received from the U.S. Travel Association expressing the support of the travel industry for the passage of the Passport System Reform and Backlog Prevention Act:
[us_2023-12-12.txt | us_2023-12-12_chunk_10] Mr. KEATING. Mr. Speaker, I was unable to cast my vote for H.R. 5378--Lower Costs, More Transparency Act. I have long supported the critical medical and social services that community health centers provide and fully support their funding. Had I been present, I would have voted YEA on rollcall No. 7
[UK_debates2024-03-05.txt | UK_debates2024-03-05_chunk_8] I have asked the Secretary of State a number of times how she intends to recruit and retain social care staff, particularly with the visa changes coming into effect next Monday, stopping those from overseas coming to fill skills gaps from bringing their spouse or dependants with them. I ask again: h
[us_2023-10-02.txt | us_2023-10-02_chunk_3] Ms. DeLAURO. Mr. Chair, I rise today to include in the Record the following quotes from numerous non-profit, faith-based, and advocacy organizations expressing their national security concerns with the House Republicans' 2024 State and Foreign Operations spending plans:
[UK_debates2024-10-15.txt | UK_debates2024-10-15_chunk_24] I thank the hon. Gentleman for setting out a list of all the failures of the past 14 years. He is dealing with that mess thanks to Members on the Benches he sits on. I strongly encourage his constituents to get actively involved in the 10-year plan that we will launch. There will be an important nat
[UK_debates2025-07-02.txt | UK_debates2025-07-02_chunk_23] I thank the hon. Gentleman for raising that important issue. Decisions on services are matters for the integrated care board—that means they are taken locally, obviously—but I am glad he has raised it, because we agree that the sector needs reform. Unlike the Conservatives, we are investing in the s
[UK_debates2025-01-15.txt | UK_debates2025-01-15_chunk_9] The Executive have warned of very serious pressures facing the NHS in Northern Ireland, which has the worst waiting times in the United Kingdom—more than six years for some surgeries. Labour’s manifesto committed to improving public services in Northern Ireland, and it is clear that money alone is u
[UK_debates2024-02-28.txt | UK_debates2024-02-28_chunk_21] Our dentistry recovery plan will make dental services faster, simpler and fairer for patients, including in Clacton, and will fund around 2.5 million more appointments. The matter that my hon. Friend raises, as he will know, is a local matter, so the integrated care board will determine whether it w","The documents mention several groups and organizations involved in or providing input on health system improvements and reform:

*   The Government's approach to improving health outcomes involves working with the **voluntary sector**, **employers**, **trade unions**, and **community groups** (`UK_debates2025-05-06.txt`).
*   The 10-year health plan is being developed with input from the **public**, **partners**, and **health staff**, which includes the **eye care sector** (`UK_debates2025-05-06.txt`).
*   The charity **Compassion in Action** was thanked for the work that they do related to health (`UK_debates2025-05-06.txt`).
*   The business **Map My Mole**, started by NHS consultant dermatologist Dr Toby Nelson, was mentioned as a revolutionary proposal that resulted in a significant drop in skin cancer referrals in pilot GP surgeries (`UK_debates2025-05-06.txt`)."
2025-12-23 13:33:18,How does the rhetoric on climate change vary between different speakers; is the emphasis on economic opportunity or existential crisis?,fixed_660,bm25,3,3,"uk_2024-06-12.txt, uk_2024-10-11.txt, uk_2025-09-08.txt","chunks_660_output\uk_2024-06-12.txt_chunks\uk_2024-06-12_chunk_11.txt, chunks_660_output\uk_2024-10-11.txt_chunks\uk_2024-10-11_chunk_10.txt, chunks_660_output\uk_2025-09-08.txt_chunks\uk_2025-09-08_chunk_1.txt","[uk_2025-09-08.txt | uk_2025-09-08_chunk_1] ﻿Title: ENERGY AND WATER DEVELOPMENT AND RELATED AGENCIES APPROPRIATIONS ACT, 2026; Congressional Record Vol. 171, No. 146  From the Congressional Record Online through the Government Publishing Office [<a href='https://www.gpo.gov'>www.gpo.gov</a>]  ENERGY AND WATER DEVELOPMENT AND RELATED AGENCIES
[uk_2024-06-12.txt | uk_2024-06-12_chunk_11] When we attempt to outpace our adversaries in  weapon development, they inevitably respond in kind, draining our  limited resources and fostering international instability as fear  predominates and the world's most devastating weapons become a more  likely option. The critical role of arms control i
[uk_2024-10-11.txt | uk_2024-10-11_chunk_10] The story of EESI begins in the 1970s when a bipartisan group of  members of Congress--led by then-Rep. Richard L. ``Dick'' Ottinger--  established the Environmental and Energy Study Conference to help  policymakers understand sustainability issues that were gaining in  importance on Capitol Hill. B","The rhetoric used by speakers regarding climate change incorporates both the concept of an existential crisis and economic opportunity.

**Emphasis on Crisis/Existential Threat:**

*   Hon. Betty McCollum describes the situation as a ""worsening climate crisis that threatens our life, health, safety and economic security"" (uk_2025-09-08.txt). She also notes that the Department of Defense considers climate change to be a ""top national security concern"" (uk_2025-09-08.txt).
*   A co-chair of the Renewable Energy and Energy Efficiency Caucus noted that climate, clean energy, and environmental challenges have become ""more complicated and more urgent over the years"" (uk_2024-10-11.txt).

**Emphasis on Economic Opportunity:**

*   Hon. Betty McCollum argues that U.S. investments in clean-energy development create high-wage jobs, drive innovation, and lower energy bills for Americans (uk_2025-09-08.txt). She highlights that the clean-energy sector has been growing five times faster than Minnesota's overall job growth (uk_2025-09-08.txt).
*   The co-chair of the Renewable Energy and Energy Efficiency Caucus emphasizes that clean energy is ""creating good-paying jobs, promoting environmental justice, expanding economic development in rural communities, and contributing to national security and resilience"" (uk_2024-10-11.txt)."
2025-12-23 13:33:26,How does the rhetoric on climate change vary between different speakers; is the emphasis on economic opportunity or existential crisis?,fixed_660,bm25,5,5,"uk_2023-09-28.txt, uk_2024-06-12.txt, uk_2024-08-27.txt, uk_2024-10-11.txt, uk_2025-09-08.txt","chunks_660_output\uk_2023-09-28.txt_chunks\uk_2023-09-28_chunk_6.txt, chunks_660_output\uk_2024-06-12.txt_chunks\uk_2024-06-12_chunk_11.txt, chunks_660_output\uk_2024-08-27.txt_chunks\uk_2024-08-27_chunk_12.txt, chunks_660_output\uk_2024-10-11.txt_chunks\uk_2024-10-11_chunk_10.txt, chunks_660_output\uk_2025-09-08.txt_chunks\uk_2025-09-08_chunk_1.txt","[uk_2025-09-08.txt | uk_2025-09-08_chunk_1] ﻿Title: ENERGY AND WATER DEVELOPMENT AND RELATED AGENCIES APPROPRIATIONS ACT, 2026; Congressional Record Vol. 171, No. 146  From the Congressional Record Online through the Government Publishing Office [<a href='https://www.gpo.gov'>www.gpo.gov</a>]  ENERGY AND WATER DEVELOPMENT AND RELATED AGENCIES
[uk_2024-06-12.txt | uk_2024-06-12_chunk_11] When we attempt to outpace our adversaries in  weapon development, they inevitably respond in kind, draining our  limited resources and fostering international instability as fear  predominates and the world's most devastating weapons become a more  likely option. The critical role of arms control i
[uk_2024-10-11.txt | uk_2024-10-11_chunk_10] The story of EESI begins in the 1970s when a bipartisan group of  members of Congress--led by then-Rep. Richard L. ``Dick'' Ottinger--  established the Environmental and Energy Study Conference to help  policymakers understand sustainability issues that were gaining in  importance on Capitol Hill. B
[uk_2024-08-27.txt | uk_2024-08-27_chunk_12] History is an important guide in this matter. In the 1950s and 1960s,  our nuclear enterprise developed ground-based ICBMs, and we have  continued them through the years. Today, members of Congress, without  scrutiny, repeat a mantra that 400 ground-based ICBMs are necessary. But 40 years after the
[uk_2023-09-28.txt | uk_2023-09-28_chunk_6] After declines in the suicide rate  from 2019 to 2020, the rates increased almost percent in 2021. Provisional data from the CDC shows that the rate is continuing to  rise, up 2.6 percent from 2021 to 2022. According to this data, which  is not yet final, we lost about 49,450 people to suicide in 20","The rhetoric on climate change and energy development, as presented by the speakers in the provided documents, consistently emphasizes both the urgency of the **existential crisis** and the benefits of **economic opportunity** and national security.

**Hon. Betty McCollum (uk_2025-09-08.txt)**
McCollum uses strong language regarding the crisis, stating that Minnesotans are ""feeling the heat, literally,"" and describing the situation as a ""worsening climate crisis that threatens our life, health, safety and economic security"" (uk_2025-09-08.txt).

However, she equally emphasizes the economic opportunity and security benefits of clean energy investment:
*   She argues that U.S. investments create ""high-wage jobs, drive innovation and lower energy bills for Americans"" (uk_2025-09-08.txt).
*   She notes that clean-energy jobs in Minnesota have been growing five times faster than the state's overall job growth (uk_2025-09-08.txt).
*   She also frames the need for homegrown clean energy as a matter of ""national security,"" noting that the Department of Defense considers climate change a ""top national security concern"" (uk_2025-09-08.txt).

**The Speaker Discussing EESI (uk_2024-10-11.txt)**
This speaker also highlights both aspects. They note that climate, clean energy, and environmental challenges have become ""more complicated and more urgent over the years"" (uk_2024-10-11.txt).

In terms of opportunity, they emphasize that clean energy is:
*   ""creating good-paying jobs"" (uk_2024-10-11.txt).
*   ""promoting environmental justice"" (uk_2024-10-11.txt).
*   ""expanding economic development in rural communities"" (uk_2024-10-11.txt).
*   ""contributing to national security and resilience"" (uk_2024-10-11.txt)."
2025-12-23 13:33:36,How does the rhetoric on climate change vary between different speakers; is the emphasis on economic opportunity or existential crisis?,fixed_660,bm25,10,10,"uk_2023-07-18.txt, uk_2023-09-28.txt, uk_2024-05-01.txt, uk_2024-06-12.txt, uk_2024-07-05.txt, uk_2024-08-27.txt, uk_2024-10-11.txt, uk_2025-09-08.txt, us_2024-05-01.txt","chunks_660_output\uk_2023-07-18.txt_chunks\uk_2023-07-18_chunk_10.txt, chunks_660_output\uk_2023-09-28.txt_chunks\uk_2023-09-28_chunk_6.txt, chunks_660_output\uk_2024-05-01.txt_chunks\uk_2024-05-01_chunk_1.txt, chunks_660_output\uk_2024-06-12.txt_chunks\uk_2024-06-12_chunk_11.txt, chunks_660_output\uk_2024-06-12.txt_chunks\uk_2024-06-12_chunk_7.txt, chunks_660_output\uk_2024-07-05.txt_chunks\uk_2024-07-05_chunk_3.txt, chunks_660_output\uk_2024-08-27.txt_chunks\uk_2024-08-27_chunk_12.txt, chunks_660_output\uk_2024-10-11.txt_chunks\uk_2024-10-11_chunk_10.txt, chunks_660_output\uk_2025-09-08.txt_chunks\uk_2025-09-08_chunk_1.txt, chunks_660_output\us_2024-05-01.txt_chunks\us_2024-05-01_chunk_1.txt","[uk_2025-09-08.txt | uk_2025-09-08_chunk_1] ﻿Title: ENERGY AND WATER DEVELOPMENT AND RELATED AGENCIES APPROPRIATIONS ACT, 2026; Congressional Record Vol. 171, No. 146  From the Congressional Record Online through the Government Publishing Office [<a href='https://www.gpo.gov'>www.gpo.gov</a>]  ENERGY AND WATER DEVELOPMENT AND RELATED AGENCIES
[uk_2024-06-12.txt | uk_2024-06-12_chunk_11] When we attempt to outpace our adversaries in  weapon development, they inevitably respond in kind, draining our  limited resources and fostering international instability as fear  predominates and the world's most devastating weapons become a more  likely option. The critical role of arms control i
[uk_2024-10-11.txt | uk_2024-10-11_chunk_10] The story of EESI begins in the 1970s when a bipartisan group of  members of Congress--led by then-Rep. Richard L. ``Dick'' Ottinger--  established the Environmental and Energy Study Conference to help  policymakers understand sustainability issues that were gaining in  importance on Capitol Hill. B
[uk_2024-08-27.txt | uk_2024-08-27_chunk_12] History is an important guide in this matter. In the 1950s and 1960s,  our nuclear enterprise developed ground-based ICBMs, and we have  continued them through the years. Today, members of Congress, without  scrutiny, repeat a mantra that 400 ground-based ICBMs are necessary. But 40 years after the
[uk_2023-09-28.txt | uk_2023-09-28_chunk_6] After declines in the suicide rate  from 2019 to 2020, the rates increased almost percent in 2021. Provisional data from the CDC shows that the rate is continuing to  rise, up 2.6 percent from 2021 to 2022. According to this data, which  is not yet final, we lost about 49,450 people to suicide in 20
[uk_2024-05-01.txt | uk_2024-05-01_chunk_1] ﻿Title: HONORING BERNARDSVILLE'S 100TH ANNIVERSARY; Congressional Record Vol. 170, No. 75  From the Congressional Record Online through the Government Publishing Office [<a href='https://www.gpo.gov'>www.gpo.gov</a>]  HONORING BERNARDSVILLE'S 100TH ANNIVERSARY  HON. THOMAS H. KEAN, JR. Mr. KEAN of N
[us_2024-05-01.txt | us_2024-05-01_chunk_1] HONORING MARIA CONTRERAS TEBBUTT; Congressional Record Vol. 170, No. 75    Date: 2024-05-01 Volume: 170, Issue: 75 Pages: E428 - E428 ================================================================================ [Extensions of Remarks] From the Congressional Record Online through the Government P
[uk_2024-07-05.txt | uk_2024-07-05_chunk_3] And we must give thanks to those who dedicate themselves to our  Nation's preservation for the next generations to come. I know that this is a Nation of patriots--and as we honor its birth  we may not celebrate in the same way--but I believe that our love of  country is real and present in the minds
[uk_2023-07-18.txt | uk_2023-07-18_chunk_10] The two main types  of desalination systems on Navy ships, including reverse osmosis and  distillation, produce up to 12,000 gallons of fresh, drinkable water a  day. The U.S. Navy has a unique opportunity to share resources and  technology that lowers the cost of clean water production and use low-
[uk_2024-06-12.txt | uk_2024-06-12_chunk_7] JUNE 18  10 a.m.  Committee on Appropriations  Subcommittee on Defense  To hold hearings to examine proposed budget estimates and  justification for fiscal year 2025 for the National  Guard and Reserves. Committee on Appropriations  Subcommittee on Transportation, Housing and Urban  Development, and","The rhetoric on climate change generally emphasizes both the severity of the crisis and the resulting economic and security opportunities derived from investing in solutions.

**Emphasis on Existential Crisis and National Security:**

*   **Hon. Betty McCollum** describes climate change as a ""worsening climate crisis that threatens our life, health, safety and economic security"" (uk_2025-09-08.txt). She also refers to it as the ""existential threat of climate change"" and a ""known threat to our national security"" (uk_2024-07-05.txt).
*   The Department of Defense considers climate change to be a ""top national security concern"" (uk_2025-09-08.txt).
*   **Hon. Mike Thompson** honored an individual as the ""2024 Climate Crisis Champion"" for work addressing the impacts of climate change (uk_2024-05-01.txt, us_2024-05-01.txt).
*   In discussions regarding desalination technology, climate change is noted as an ""increasing national security concern"" (uk_2023-07-18.txt).

**Emphasis on Economic Opportunity and Benefits:**

*   **Hon. Betty McCollum** argues that U.S. investments in clean energy create ""high-wage jobs, drive innovation and lower energy bills for Americans"" (uk_2025-09-08.txt). She highlights that the clean-energy sector in Minnesota has been ""growing five times faster than Minnesota's overall job growth,"" with more than 62,000 Minnesotans working in clean energy (uk_2025-09-08.txt).
*   The **Renewable Energy and Energy Efficiency Caucus** emphasizes that clean energy is ""creating good-paying jobs, promoting environmental justice, expanding economic development in rural communities, and contributing to national security and resilience"" (uk_2024-10-11.txt).
*   The Environmental and Energy Study Conference (EESI) helps policymakers understand sustainability issues that have become ""more complicated and more urgent,"" suggesting that addressing these issues is necessary (uk_2024-10-11.txt)."
2025-12-23 13:33:44,How does the rhetoric on climate change vary between different speakers; is the emphasis on economic opportunity or existential crisis?,fixed_660,dense,3,3,"uk_2023-12-11.txt, uk_2025-07-25.txt, us_2024-02-07.txt","chunks_660_output\uk_2023-12-11.txt_chunks\uk_2023-12-11_chunk_7.txt, chunks_660_output\uk_2025-07-25.txt_chunks\uk_2025-07-25_chunk_1.txt, chunks_660_output\us_2024-02-07.txt_chunks\us_2024-02-07_chunk_7.txt","[uk_2025-07-25.txt | uk_2025-07-25_chunk_1] ﻿Title: CONDEMNING CHAOTIC AND HARMFUL FAILINGS OF THIS CONGRESS; Congressional Record Vol. 171, No. 128  From the Congressional Record Online through the Government Publishing Office [<a href='https://www.gpo.gov'>www.gpo.gov</a>]  CONDEMNING CHAOTIC AND HARMFUL FAILINGS OF THIS CONGRESS  HON. STEV
[uk_2023-12-11.txt | uk_2023-12-11_chunk_7] ``It's time-consuming.'' The group's work netted $8 million in Paycheck Protection  Program loans for 219 businesses. For those companies, the  help made a profound difference. TruFund Financial, a New York lender that focuses on  historically disadvantaged communities, spent two hours of  staff tim
[us_2024-02-07.txt | us_2024-02-07_chunk_7] That is why I reintroduced legislation calling for the establishment of the first U.S. Commission on Truth, Racial Healing, and Transformation. This Commission will examine the effects of slavery, institutional racism, and discrimination against people of color, and how our history impacts laws and","The rhetoric on climate change found in the provided documents emphasizes the concept of an existential crisis and harm.

Hon. Steve Cohen condemns Congress for taking away protections for clean energy, stating that this action fails to ""change the rate of growth of global warming that affects our planet and affects our future with hotter and hotter summers, flash floods, fires and disasters"" (uk_2025-07-25.txt). He also notes that these actions ""increase our reliance on fossil fuels, which make the air dirtier and people sicker"" and constitute ""injuries to the Earth"" (uk_2025-07-25.txt).

The provided documents do not contain rhetoric from other speakers regarding climate change, nor do they include any emphasis on economic opportunity related to the issue."
2025-12-23 13:33:50,How does the rhetoric on climate change vary between different speakers; is the emphasis on economic opportunity or existential crisis?,fixed_660,dense,5,5,"uk_2023-12-11.txt, uk_2025-07-25.txt, uk_2025-09-16.txt, us_2024-02-07.txt","chunks_660_output\uk_2023-12-11.txt_chunks\uk_2023-12-11_chunk_4.txt, chunks_660_output\uk_2023-12-11.txt_chunks\uk_2023-12-11_chunk_7.txt, chunks_660_output\uk_2025-07-25.txt_chunks\uk_2025-07-25_chunk_1.txt, chunks_660_output\uk_2025-09-16.txt_chunks\uk_2025-09-16_chunk_4.txt, chunks_660_output\us_2024-02-07.txt_chunks\us_2024-02-07_chunk_7.txt","[uk_2025-07-25.txt | uk_2025-07-25_chunk_1] ﻿Title: CONDEMNING CHAOTIC AND HARMFUL FAILINGS OF THIS CONGRESS; Congressional Record Vol. 171, No. 128  From the Congressional Record Online through the Government Publishing Office [<a href='https://www.gpo.gov'>www.gpo.gov</a>]  CONDEMNING CHAOTIC AND HARMFUL FAILINGS OF THIS CONGRESS  HON. STEV
[uk_2023-12-11.txt | uk_2023-12-11_chunk_7] ``It's time-consuming.'' The group's work netted $8 million in Paycheck Protection  Program loans for 219 businesses. For those companies, the  help made a profound difference. TruFund Financial, a New York lender that focuses on  historically disadvantaged communities, spent two hours of  staff tim
[us_2024-02-07.txt | us_2024-02-07_chunk_7] That is why I reintroduced legislation calling for the establishment of the first U.S. Commission on Truth, Racial Healing, and Transformation. This Commission will examine the effects of slavery, institutional racism, and discrimination against people of color, and how our history impacts laws and
[uk_2025-09-16.txt | uk_2025-09-16_chunk_4] From the Congressional Record Online through the Government Publishing Office [<a href='https://www.gpo.gov'>www.gpo.gov</a>]  INTRODUCTION OF THE BILLIONAIRE INCOME TAX ACT AND NOTING THE POPE'S  CONCERN ON INCOME INEQUALITY  HON. STEVE COHEN  Mr. COHEN. Mr. Speaker, I plan to introduce the Billion
[uk_2023-12-11.txt | uk_2023-12-11_chunk_4] In some small rural areas, like where I grew up, there aren't credit  unions everywhere like there are in the city of Houston where I live  now. Even in the city of Houston, many small businesses during the  pandemic couldn't secure a PPP loan in round one. We [as Congress] had  to go in and do a ca","The rhetoric on climate change and ecological issues presented in the documents emphasizes the concept of an existential crisis and the need for responsibility, rather than economic opportunity.

**Speakers and their emphasis:**

*   **Hon. Steve Cohen** (uk_2025-07-25.txt) frames the issue as a chaotic and harmful failure, focusing on the **existential crisis** aspect. He states that actions taken have caused ""injuries to the Earth, God's Earth,"" and that removing protections for clean energy will ""change the rate of growth of global warming that affects our planet and affects our future with hotter and hotter summers, flash floods, fires and disasters"" (uk_2025-07-25.txt). He also notes that increased reliance on fossil fuels will make ""the air dirtier and people sicker"" (uk_2025-07-25.txt).
*   **Hon. William R. Keating** (uk_2025-09-16.txt), in recognizing Patriarch Bartholomew, highlights the Patriarch's focus on **ecological responsibility**. Patriarch Bartholomew is known as the ""Green Patriarch"" and has brought ""significant attention to ecological concerns, organizing global, interfaith symposia on climate change and ecological responsibility"" (uk_2025-09-16.txt).

The provided documents do not contain rhetoric emphasizing climate change or ecological issues as a source of economic opportunity."
2025-12-23 13:34:00,How does the rhetoric on climate change vary between different speakers; is the emphasis on economic opportunity or existential crisis?,fixed_660,dense,10,10,"uk_2023-10-20.txt, uk_2023-12-11.txt, uk_2024-02-07.txt, uk_2024-03-01.txt, uk_2025-07-25.txt, uk_2025-09-16.txt, us_2023-07-11.txt, us_2024-02-07.txt, us_2024-04-19.txt","chunks_660_output\uk_2023-10-20.txt_chunks\uk_2023-10-20_chunk_8.txt, chunks_660_output\uk_2023-12-11.txt_chunks\uk_2023-12-11_chunk_4.txt, chunks_660_output\uk_2023-12-11.txt_chunks\uk_2023-12-11_chunk_7.txt, chunks_660_output\uk_2024-02-07.txt_chunks\uk_2024-02-07_chunk_7.txt, chunks_660_output\uk_2024-03-01.txt_chunks\uk_2024-03-01_chunk_6.txt, chunks_660_output\uk_2025-07-25.txt_chunks\uk_2025-07-25_chunk_1.txt, chunks_660_output\uk_2025-09-16.txt_chunks\uk_2025-09-16_chunk_4.txt, chunks_660_output\us_2023-07-11.txt_chunks\us_2023-07-11_chunk_7.txt, chunks_660_output\us_2024-02-07.txt_chunks\us_2024-02-07_chunk_7.txt, chunks_660_output\us_2024-04-19.txt_chunks\us_2024-04-19_chunk_2.txt","[uk_2025-07-25.txt | uk_2025-07-25_chunk_1] ﻿Title: CONDEMNING CHAOTIC AND HARMFUL FAILINGS OF THIS CONGRESS; Congressional Record Vol. 171, No. 128  From the Congressional Record Online through the Government Publishing Office [<a href='https://www.gpo.gov'>www.gpo.gov</a>]  CONDEMNING CHAOTIC AND HARMFUL FAILINGS OF THIS CONGRESS  HON. STEV
[uk_2023-12-11.txt | uk_2023-12-11_chunk_7] ``It's time-consuming.'' The group's work netted $8 million in Paycheck Protection  Program loans for 219 businesses. For those companies, the  help made a profound difference. TruFund Financial, a New York lender that focuses on  historically disadvantaged communities, spent two hours of  staff tim
[us_2024-02-07.txt | us_2024-02-07_chunk_7] That is why I reintroduced legislation calling for the establishment of the first U.S. Commission on Truth, Racial Healing, and Transformation. This Commission will examine the effects of slavery, institutional racism, and discrimination against people of color, and how our history impacts laws and
[uk_2025-09-16.txt | uk_2025-09-16_chunk_4] From the Congressional Record Online through the Government Publishing Office [<a href='https://www.gpo.gov'>www.gpo.gov</a>]  INTRODUCTION OF THE BILLIONAIRE INCOME TAX ACT AND NOTING THE POPE'S  CONCERN ON INCOME INEQUALITY  HON. STEVE COHEN  Mr. COHEN. Mr. Speaker, I plan to introduce the Billion
[uk_2023-12-11.txt | uk_2023-12-11_chunk_4] In some small rural areas, like where I grew up, there aren't credit  unions everywhere like there are in the city of Houston where I live  now. Even in the city of Houston, many small businesses during the  pandemic couldn't secure a PPP loan in round one. We [as Congress] had  to go in and do a ca
[uk_2024-02-07.txt | uk_2024-02-07_chunk_7] 35. From the Congressional Record Online through the Government Publishing Office [<a href='https://www.gpo.gov'>www.gpo.gov</a>]  POVERTY AND INEQUALITY  speech of  HON. BARBARA LEE  Ms. LEE of California. Madam Speaker, I rise to address the ongoing  challenges that too many families in America fa
[us_2024-04-19.txt | us_2024-04-19_chunk_2] By fostering collaboration among stakeholders, such as service providers, educational institutions, and local governments, the Opportunity Center ensures high-quality care and compassion for those experiencing homelessness. Today, it is my privilege to honor the Opportunity Center for its 30- year l
[uk_2023-10-20.txt | uk_2023-10-20_chunk_8] Mr. Speaker Pro Tempore, I ask my colleagues to join me in  celebrating Tom Skilling and his decades of service to the Chicagoland  community and offer him our most sincere best wishes on the next  chapter of his life. From the Congressional Record Online through the Government Publishing Office [<a
[uk_2024-03-01.txt | uk_2024-03-01_chunk_6] From the Congressional Record Online through the Government Publishing Office [<a href='https://www.gpo.gov'>www.gpo.gov</a>]  HONORING TOM SKILLING  HON. JANICE D. SCHAKOWSKY  Ms. SCHAKOWSKY. Mr. Speaker, I rise today to celebrate one of the  most renowned and beloved figures in Chicago, meteorolog
[us_2023-07-11.txt | us_2023-07-11_chunk_7] Mr. Speaker, I rise to acknowledge the opening of The Capstone at Centerra Senior Living in Loveland, Colorado. Capstone at Centerra is a leader in innovative housing and medical solutions for seniors in Colorado's Fourth District. As an organization, Capstone serves its residents at every stage of","The rhetoric on climate change varies among speakers, emphasizing both existential crisis/harm and economic opportunity/sustainable transition:

**Emphasis on Existential Crisis and Harm:**

*   **Hon. Steve Cohen** focuses on the harmful consequences of inaction, stating that taking away protections for clean energy affects the planet and future by increasing the rate of growth of global warming, leading to ""hotter and hotter summers, flash floods, fires and disasters"" (uk_2025-07-25.txt). He also notes that increased reliance on fossil fuels makes the air dirtier and ""people sicker"" (uk_2025-07-25.txt).
*   **Hon. Janice D. Schakowsky** describes meteorologist Tom Skilling as speaking with ""tremendous knowledge and gravitas about climate change science, and the dangers of not acting to protect our planet"" (uk_2024-03-01.txt). Skilling has traveled to talk about ""climate disruption"" and led a special series called ""Forecast--A Fragile Climate"" (uk_2024-03-01.txt).
*   **Hon. William R. Keating** notes that His All-Holiness Bartholomew, known as the ""Green Patriarch,"" has brought significant attention to ""ecological concerns,"" organizing global, interfaith symposia on ""climate change and ecological responsibility"" (uk_2025-09-16.txt).

**Emphasis on Economic Opportunity and Sustainable Transition:**

*   **Hon. J. Luis Correa**, in introducing the Promoting Reduction of Emissions through Landscaping Equipment Act, frames the transition as a tool for businesses moving toward a ""more sustainable and consumer-friendly future"" (uk_2023-10-20.txt). He highlights that the bill assists local businesses in adapting to consumer demand and local ordinances while reducing their costs over time through ""lower maintenance expenses and reduced reliance on fossil fuels"" (uk_2023-10-20.txt). He states that the legislation supports the ""growth of our landscaping businesses"" and exemplifies a commitment to a ""smooth, realistic transition towards more sustainable, consumer-friendly, and environmentally-responsible business practices"" (uk_2023-10-20.txt). However, he also notes that current gas-powered equipment negatively impacts the climate, air quality, ecosystems, and human health (uk_2023-10-20.txt)."
2025-12-23 13:34:08,How does the rhetoric on climate change vary between different speakers; is the emphasis on economic opportunity or existential crisis?,hierarchical,bm25,3,3,"UK_debates2024-10-08.txt, UK_debates2025-01-17.txt, UK_debates2025-03-28.txt","hierarchical_chunks\UK_debates2024-10-08.txt_chunks\UK_debates2024-10-08_chunk_10.txt, hierarchical_chunks\UK_debates2025-01-17.txt_chunks\UK_debates2025-01-17_chunk_13.txt, hierarchical_chunks\UK_debates2025-03-28.txt_chunks\UK_debates2025-03-28_chunk_3.txt","[UK_debates2025-01-17.txt | UK_debates2025-01-17_chunk_13] I am pleased that the Minister is developing strong new standards, which will combine Labour’s ambition to build high-quality homes in the right places and the ambition to protect our environment. Our commitment to action will bring lower bills to my constituents. That is sorely needed after a diffi
[UK_debates2025-03-28.txt | UK_debates2025-03-28_chunk_3] Really? On the issue of water, yes, I would say they are, because whether I like it or not, Reform has a policy for water to be owned 50% by pension companies and 50% by the public. As much as it grieves me to say it, that is a policy of public ownership. They are populist; they are listening to a p
[UK_debates2024-10-08.txt | UK_debates2024-10-08_chunk_10] I will say one thing in particular to my hon. Friend. The Prime Minister said at the United Nations General Assembly that we will be unveiling our nationally determined contribution—our target for 2035—at COP29. We are doing that because the danger is that the world settles into a low-ambition equil","The rhetoric on climate change varies among speakers, emphasizing both the severity of the crisis and the economic benefits of taking action.

**Emphasis on Existential Crisis and National Peril:**

One speaker strongly emphasizes the climate crisis as an immediate and existential threat, stating that it is ""no longer a distant warning"" but ""our lived reality"" (**UK_debates2025-03-28.txt**). This speaker uses dramatic language, listing consequences such as ""Rising droughts, creeping desertification, depleted aquifers, wildfires, systemic collapse,"" and explicitly calling the climate crisis an ""existential threat to humanity and to this country"" that must be treated as an ""existential conflict"" (**UK_debates2025-03-28.txt**).

**Emphasis on Economic Opportunity and Action:**

Other rhetoric focuses on the practical benefits and necessity of action:

*   A speaker noted that developing new standards and taking ""meaningful action on more sustainable renewable sources of energy"" will bring ""lower bills"" to constituents, supporting them after the cost of living crisis (**UK_debates2025-01-17.txt**).
*   This same speaker stressed that the climate crisis ""does not respect rhetoric... it responds only to action"" (**UK_debates2025-01-17.txt**).

**Emphasis on Policy and Targets:**

The Secretary of State focuses on policy mechanisms and international commitments, mentioning the plan to unveil the nationally determined contribution (target for 2035) at COP29, aiming for a ""1.5º aligned target"" to set a good benchmark for the world (**UK_debates2024-10-08.txt**). The Secretary of State also emphasizes the importance of taking ""carbon budgets seriously"" and using international trade deals to advance the agenda on tackling climate change (**UK_debates2024-10-08.txt**)."
2025-12-23 13:34:19,How does the rhetoric on climate change vary between different speakers; is the emphasis on economic opportunity or existential crisis?,hierarchical,bm25,5,5,"UK_debates2023-11-21.txt, UK_debates2024-07-18.txt, UK_debates2024-10-08.txt, UK_debates2025-01-17.txt, UK_debates2025-03-28.txt","hierarchical_chunks\UK_debates2023-11-21.txt_chunks\UK_debates2023-11-21_chunk_52.txt, hierarchical_chunks\UK_debates2024-07-18.txt_chunks\UK_debates2024-07-18_chunk_21.txt, hierarchical_chunks\UK_debates2024-10-08.txt_chunks\UK_debates2024-10-08_chunk_10.txt, hierarchical_chunks\UK_debates2025-01-17.txt_chunks\UK_debates2025-01-17_chunk_13.txt, hierarchical_chunks\UK_debates2025-03-28.txt_chunks\UK_debates2025-03-28_chunk_3.txt","[UK_debates2025-01-17.txt | UK_debates2025-01-17_chunk_13] I am pleased that the Minister is developing strong new standards, which will combine Labour’s ambition to build high-quality homes in the right places and the ambition to protect our environment. Our commitment to action will bring lower bills to my constituents. That is sorely needed after a diffi
[UK_debates2025-03-28.txt | UK_debates2025-03-28_chunk_3] Really? On the issue of water, yes, I would say they are, because whether I like it or not, Reform has a policy for water to be owned 50% by pension companies and 50% by the public. As much as it grieves me to say it, that is a policy of public ownership. They are populist; they are listening to a p
[UK_debates2024-10-08.txt | UK_debates2024-10-08_chunk_10] I will say one thing in particular to my hon. Friend. The Prime Minister said at the United Nations General Assembly that we will be unveiling our nationally determined contribution—our target for 2035—at COP29. We are doing that because the danger is that the world settles into a low-ambition equil
[UK_debates2023-11-21.txt | UK_debates2023-11-21_chunk_52] I note the hon. Lady’s remarks about the merger of DFID into the Foreign Office. My task, which the Prime Minister gave me, was to try to make the merger work. That means there needs to be an ability within Government to focus on global public goods and delivering them into the 2030s. That is what I
[UK_debates2024-07-18.txt | UK_debates2024-07-18_chunk_21] We now come to the Lib Dem spokesperson. May I also say what a pleasure it is to see you back in your place, Mr Speaker? I welcome the Leader of the House to her position, and congratulate her on the election results: securing such a large majority is no easy task, and her party at all levels deserv","The rhetoric on climate change varies across the provided documents, emphasizing both the severity of the crisis and the economic opportunities presented by taking action.

**Emphasis on Existential Crisis and Lived Reality:**

*   One speaker describes the climate crisis as ""no longer a distant warning"" but ""our lived reality"" (UK\_debates2025-03-28.txt).
*   This rhetoric highlights the consequences, listing ""Rising droughts, creeping desertification, depleted aquifers, wildfires, systemic collapse"" as ""the forecast turned fact"" (UK\_debates2025-03-28.txt).
*   Scientists are cited as calling the crisis an ""existential threat to humanity and to this country,"" which must be treated as an ""existential conflict"" (UK\_debates2025-03-28.txt).
*   Another speaker simply states that ""Climate change is real; it is not a myth"" (UK\_debates2024-10-08.txt).

**Emphasis on Economic Opportunity and Benefits:**

*   Some rhetoric focuses on the economic benefits of climate action, such as the commitment to sustainable renewable energy sources bringing ""lower bills"" to constituents (UK\_debates2025-01-17.txt).
*   The Liberal Democrats link ""bold, urgent action"" to tackling climate change, cutting energy bills, and creating ""hundreds of thousands of secure, well-paid jobs"" (UK\_debates2024-07-18.txt).
*   The UK is also described as having a ""golden opportunity to turbocharge global climate change policies"" (UK\_debates2024-07-18.txt).
*   Action is also framed as leading toward a ""greener, sunnier and more secure future"" (UK\_debates2025-01-17.txt).

**Emphasis on Action and Policy:**

*   A common theme is that the climate crisis ""responds only to action"" (UK\_debates2025-01-17.txt).
*   Speakers emphasize the need for policy action, such as setting a 1.5º aligned target at COP29 to avoid a ""low-ambition equilibrium"" (UK\_debates2024-10-08.txt), and ensuring that ""U-turning on climate commitments and diluting environmental targets must come to an end"" (UK\_debates2024-07-18.txt)."
2025-12-23 13:34:34,How does the rhetoric on climate change vary between different speakers; is the emphasis on economic opportunity or existential crisis?,hierarchical,bm25,10,10,"UK_debates2023-11-21.txt, UK_debates2024-07-18.txt, UK_debates2024-10-08.txt, UK_debates2024-11-26.txt, UK_debates2025-01-17.txt, UK_debates2025-01-24.txt, UK_debates2025-03-28.txt, UK_debates2025-07-14.txt, UK_debates2025-10-14.txt","hierarchical_chunks\UK_debates2023-11-21.txt_chunks\UK_debates2023-11-21_chunk_52.txt, hierarchical_chunks\UK_debates2024-07-18.txt_chunks\UK_debates2024-07-18_chunk_21.txt, hierarchical_chunks\UK_debates2024-10-08.txt_chunks\UK_debates2024-10-08_chunk_10.txt, hierarchical_chunks\UK_debates2024-11-26.txt_chunks\UK_debates2024-11-26_chunk_43.txt, hierarchical_chunks\UK_debates2025-01-17.txt_chunks\UK_debates2025-01-17_chunk_13.txt, hierarchical_chunks\UK_debates2025-01-17.txt_chunks\UK_debates2025-01-17_chunk_28.txt, hierarchical_chunks\UK_debates2025-01-24.txt_chunks\UK_debates2025-01-24_chunk_10.txt, hierarchical_chunks\UK_debates2025-03-28.txt_chunks\UK_debates2025-03-28_chunk_3.txt, hierarchical_chunks\UK_debates2025-07-14.txt_chunks\UK_debates2025-07-14_chunk_28.txt, hierarchical_chunks\UK_debates2025-10-14.txt_chunks\UK_debates2025-10-14_chunk_3.txt","[UK_debates2025-01-17.txt | UK_debates2025-01-17_chunk_13] I am pleased that the Minister is developing strong new standards, which will combine Labour’s ambition to build high-quality homes in the right places and the ambition to protect our environment. Our commitment to action will bring lower bills to my constituents. That is sorely needed after a diffi
[UK_debates2025-03-28.txt | UK_debates2025-03-28_chunk_3] Really? On the issue of water, yes, I would say they are, because whether I like it or not, Reform has a policy for water to be owned 50% by pension companies and 50% by the public. As much as it grieves me to say it, that is a policy of public ownership. They are populist; they are listening to a p
[UK_debates2024-10-08.txt | UK_debates2024-10-08_chunk_10] I will say one thing in particular to my hon. Friend. The Prime Minister said at the United Nations General Assembly that we will be unveiling our nationally determined contribution—our target for 2035—at COP29. We are doing that because the danger is that the world settles into a low-ambition equil
[UK_debates2023-11-21.txt | UK_debates2023-11-21_chunk_52] I note the hon. Lady’s remarks about the merger of DFID into the Foreign Office. My task, which the Prime Minister gave me, was to try to make the merger work. That means there needs to be an ability within Government to focus on global public goods and delivering them into the 2030s. That is what I
[UK_debates2024-07-18.txt | UK_debates2024-07-18_chunk_21] We now come to the Lib Dem spokesperson. May I also say what a pleasure it is to see you back in your place, Mr Speaker? I welcome the Leader of the House to her position, and congratulate her on the election results: securing such a large majority is no easy task, and her party at all levels deserv
[UK_debates2024-11-26.txt | UK_debates2024-11-26_chunk_43] May I gently say to the shadow Secretary of State that she really should not believe dodgy headlines in The Daily Telegraph? In fact, I am not sure whether headlines in The Daily Telegraph are ever not dodgy, based on what she was quoting. More importantly, though, let me congratulate the Prime Mini
[UK_debates2025-10-14.txt | UK_debates2025-10-14_chunk_3] Lord Stern reminded us just today that “Investment in climate action is the…growth story of the 21st century,” while expecting growth from fossil fuels is “futile because the damage it causes ends in self-destruction.” The Office for Budget Responsibility confirmed the same thing in the summer, refe
[UK_debates2025-01-17.txt | UK_debates2025-01-17_chunk_28] The horrific wildfires raging in California and the recent flooding that we saw provide yet more reminders that urgent action is needed to tackle the climate and  nature emergency. I am proud that, under this Labour Government, the UK is once again showing climate leadership. We know that we cannot
[UK_debates2025-01-24.txt | UK_debates2025-01-24_chunk_10] Does the hon. Gentleman not think that the Members who, before they came to this House, campaigned in support of the Bill, and agreed to vote for it, should be present today to vote for it? We all understand that it can be difficult for Members to come to the House on Thursdays and Fridays; we need
[UK_debates2025-07-14.txt | UK_debates2025-07-14_chunk_28] On the day that the Met Office publishes its “State of the UK Climate” report for 2024, the Environment Secretary and I want to share with the British people what we know about the scale of the crisis and explain the actions that we are taking in response. We intend this to become an annual statemen","The rhetoric on climate change varies among speakers, often emphasizing both the severity of the crisis and the economic opportunities presented by climate action.

**Emphasis on Existential Crisis and Urgency:**

Many speakers describe the situation using urgent and existential language:

*   The climate crisis is characterized as ""no longer a distant warning. It is our lived reality"" and an ""existential threat to humanity and to this country,"" which must be treated as an ""existential conflict"" (UK_debates2025-03-28.txt).
*   Impacts cited include rising droughts, creeping desertification, wildfires, systemic collapse (UK_debates2025-03-28.txt), and ""horrific wildfires raging in California and the recent flooding"" (UK_debates2025-01-17.txt).
*   The UK’s climate is reported to be getting hotter and wetter, with more extreme events, including 10,000 excess deaths during English heatwaves between 2020 and 2024 (UK_debates2025-07-14.txt).
*   One speaker warned of heading into a ""dystopian future, where food and water crises become more and more frequent,"" noting that ""we cannot have growth on a dead planet"" (UK_debates2025-01-24.txt).
*   The climate crisis is stated to respond ""only to action,"" not rhetoric (UK_debates2025-01-17.txt).

**Emphasis on Economic Opportunity and Growth:**

Other speakers focus on the economic benefits and opportunities derived from climate action:

*   Investment in climate action is described as the ""growth story of the 21st century,"" and the net zero economy grew three times faster than the economy as a whole last year (UK_debates2025-10-14.txt).
*   The clean energy transition is seen as providing ""good jobs of the future"" (UK_debates2024-11-26.txt).
*   Climate action is linked to cutting energy bills and creating ""hundreds of thousands of secure, well-paid jobs"" (UK_debates2024-07-18.txt), as well as delivering ""energy security, lower bills, cleaner air, good jobs, better health and wellbeing"" (UK_debates2025-07-14.txt).
*   One speaker noted that tackling the climate crisis is essential to achieving the ""core growth mission or increase living standards"" (UK_debates2025-01-17.txt).

**Varying and Conflicting Views:**

*   The Office for Budget Responsibility (OBR) confirmed the ""huge cost of not taking climate action"" (UK_debates2025-10-14.txt), forecasting that climate damage could cut GDP by 8% by the early 2070s (UK_debates2025-07-14.txt).
*   Conversely, one speaker argued that the Climate Change Act has ""directly contributed to higher energy bills, the loss of British industry and declining competitiveness"" (UK_debates2025-10-14.txt).
*   A speaker criticized the use of extreme rhetoric, such as labeling opponents of net zero ""unpatriotic,"" arguing that such language is ""offensive as it is risible"" and alienates people from the cause (UK_debates2025-07-14.txt).
*   One speaker cautioned that while tackling the climate crisis is seen as an economic opportunity, it is possible to decarbonize while still destroying biodiversity, emphasizing the interconnectedness of climate and nature (UK_debates2025-01-24.txt)."
2025-12-23 13:34:44,How does the rhetoric on climate change vary between different speakers; is the emphasis on economic opportunity or existential crisis?,hierarchical,dense,3,3,"UK_debates2024-05-21.txt, UK_debates2024-11-26.txt, UK_debates2025-09-02.txt","hierarchical_chunks\UK_debates2024-05-21.txt_chunks\UK_debates2024-05-21_chunk_33.txt, hierarchical_chunks\UK_debates2024-11-26.txt_chunks\UK_debates2024-11-26_chunk_43.txt, hierarchical_chunks\UK_debates2025-09-02.txt_chunks\UK_debates2025-09-02_chunk_30.txt","[UK_debates2024-11-26.txt | UK_debates2024-11-26_chunk_43] May I gently say to the shadow Secretary of State that she really should not believe dodgy headlines in The Daily Telegraph? In fact, I am not sure whether headlines in The Daily Telegraph are ever not dodgy, based on what she was quoting. More importantly, though, let me congratulate the Prime Mini
[UK_debates2024-05-21.txt | UK_debates2024-05-21_chunk_33] In the last 12 months, one in five households, or one in four young households, in energy debt have turned to illegal money lenders to help pay for bills and everyday essentials. The End Fuel Poverty Coalition has stated that the crisis could mean that young households spend years at the mercy of th
[UK_debates2025-09-02.txt | UK_debates2025-09-02_chunk_30] We need to recognise that, due to climate change, conflict and population growth, forced and economic migration is only going to increase. My Committee will shortly publish a report on displaced people, covering both the drivers and possible solutions. I note with concern that Jordan—a country that","The rhetoric on climate change varies, encompassing both the existential crisis and economic opportunity, depending on the speaker and context:

**Emphasis on Existential Crisis and Urgency:**

*   One speaker noted that two truths came out of COP: the transition is unstoppable, but it is ""not going fast enough."" This speaker also stressed that every country knows the ""climate crisis is happening and is affecting them"" (`UK_debates2024-11-26.txt`).
*   In the context of international development, speakers emphasized that ""due to climate change, conflict and population growth, forced and economic migration is only going to increase."" It was also noted that ""climate often drives migration routes"" (`UK_debates2025-09-02.txt`).
*   The crisis is also linked to immediate social impacts, such as high energy debt, which has led some households to turn to illegal money lenders (`UK_debates2024-05-21.txt`).

**Emphasis on Economic Opportunity:**

*   One speaker explicitly stated that countries know that acting on climate change is ""massively in their economic interests."" This speaker highlighted that ""There is a race on for the good jobs of the future, and the clean energy transition can provide them"" (`UK_debates2024-11-26.txt`).
*   Another speaker encouraged the use of car park canopies, noting they provide ""considerable benefits,"" particularly in hotter summers (`UK_debates2024-05-21.txt`)."
2025-12-23 13:34:52,How does the rhetoric on climate change vary between different speakers; is the emphasis on economic opportunity or existential crisis?,hierarchical,dense,5,5,"UK_debates2024-03-13.txt, UK_debates2024-05-21.txt, UK_debates2024-11-26.txt, UK_debates2025-09-02.txt","hierarchical_chunks\UK_debates2024-03-13.txt_chunks\UK_debates2024-03-13_chunk_35.txt, hierarchical_chunks\UK_debates2024-05-21.txt_chunks\UK_debates2024-05-21_chunk_33.txt, hierarchical_chunks\UK_debates2024-11-26.txt_chunks\UK_debates2024-11-26_chunk_43.txt, hierarchical_chunks\UK_debates2024-11-26.txt_chunks\UK_debates2024-11-26_chunk_47.txt, hierarchical_chunks\UK_debates2025-09-02.txt_chunks\UK_debates2025-09-02_chunk_30.txt","[UK_debates2024-11-26.txt | UK_debates2024-11-26_chunk_43] May I gently say to the shadow Secretary of State that she really should not believe dodgy headlines in The Daily Telegraph? In fact, I am not sure whether headlines in The Daily Telegraph are ever not dodgy, based on what she was quoting. More importantly, though, let me congratulate the Prime Mini
[UK_debates2024-05-21.txt | UK_debates2024-05-21_chunk_33] In the last 12 months, one in five households, or one in four young households, in energy debt have turned to illegal money lenders to help pay for bills and everyday essentials. The End Fuel Poverty Coalition has stated that the crisis could mean that young households spend years at the mercy of th
[UK_debates2025-09-02.txt | UK_debates2025-09-02_chunk_30] We need to recognise that, due to climate change, conflict and population growth, forced and economic migration is only going to increase. My Committee will shortly publish a report on displaced people, covering both the drivers and possible solutions. I note with concern that Jordan—a country that
[UK_debates2024-11-26.txt | UK_debates2024-11-26_chunk_47] Let me pick out a couple of the points she made. First, the point about the devastating effects of the climate crisis already being apparent is important. Part of the danger is that those effects will end up being the new normal, and we will just think of them as part of life. They are part of life
[UK_debates2024-03-13.txt | UK_debates2024-03-13_chunk_35] The Minister said earlier that we faced a climate challenge, after struggling for words to describe what we are facing. Why can the Government not join the global consensus and admit that what we are facing is a climate emergency? As the Secretary-General of the United Nations has said, the year of","The rhetoric on climate change varies, with speakers emphasizing both the existential crisis and the economic opportunities presented by the transition.

**Emphasis on Existential Crisis and Emergency:**

*   Several speakers refer to the situation as the ""climate crisis"" (UK_debates2024-11-26.txt). One speaker specifically noted that the crisis is also a ""nature crisis"" and a ""biodiversity crisis"" (UK_debates2024-11-26.txt).
*   One speaker challenged the Government to ""admit that what we are facing is a climate emergency,"" quoting the Secretary-General of the United Nations who stated that the world is in an ""era of climate burning"" (UK_debates2024-03-13.txt).
*   A Minister responded that they do treat the situation as an ""emergency"" and see the ""negative impacts of climate change"" (UK_debates2024-03-13.txt).
*   One speaker warned about the ""devastating effects of the climate crisis"" and stated that if action is not taken, future generations will ""hold us in infamy"" for ignoring the scale of the devastation (UK_debates2024-11-26.txt).
*   It is also noted that ""climate change, conflict and population growth"" are expected to increase forced and economic migration, as climate often drives migration routes (UK_debates2025-09-02.txt).

**Emphasis on Economic Opportunity:**

*   One speaker noted that while the transition is unstoppable, countries know that acting on climate change is ""massively in their economic interests"" (UK_debates2024-11-26.txt).
*   This speaker also highlighted that ""There is a race on for the good jobs of the future, and the clean energy transition can provide them"" (UK_debates2024-11-26.txt)."
2025-12-23 13:35:03,How does the rhetoric on climate change vary between different speakers; is the emphasis on economic opportunity or existential crisis?,hierarchical,dense,10,10,"UK_debates2023-11-08.txt, UK_debates2023-11-28.txt, UK_debates2024-03-13.txt, UK_debates2024-05-21.txt, UK_debates2024-11-26.txt, UK_debates2025-02-10.txt, UK_debates2025-07-08.txt, UK_debates2025-09-02.txt","hierarchical_chunks\UK_debates2023-11-08.txt_chunks\UK_debates2023-11-08_chunk_1.txt, hierarchical_chunks\UK_debates2023-11-28.txt_chunks\UK_debates2023-11-28_chunk_32.txt, hierarchical_chunks\UK_debates2024-03-13.txt_chunks\UK_debates2024-03-13_chunk_35.txt, hierarchical_chunks\UK_debates2024-05-21.txt_chunks\UK_debates2024-05-21_chunk_33.txt, hierarchical_chunks\UK_debates2024-11-26.txt_chunks\UK_debates2024-11-26_chunk_43.txt, hierarchical_chunks\UK_debates2024-11-26.txt_chunks\UK_debates2024-11-26_chunk_47.txt, hierarchical_chunks\UK_debates2025-02-10.txt_chunks\UK_debates2025-02-10_chunk_45.txt, hierarchical_chunks\UK_debates2025-02-10.txt_chunks\UK_debates2025-02-10_chunk_51.txt, hierarchical_chunks\UK_debates2025-07-08.txt_chunks\UK_debates2025-07-08_chunk_70.txt, hierarchical_chunks\UK_debates2025-09-02.txt_chunks\UK_debates2025-09-02_chunk_30.txt","[UK_debates2024-11-26.txt | UK_debates2024-11-26_chunk_43] May I gently say to the shadow Secretary of State that she really should not believe dodgy headlines in The Daily Telegraph? In fact, I am not sure whether headlines in The Daily Telegraph are ever not dodgy, based on what she was quoting. More importantly, though, let me congratulate the Prime Mini
[UK_debates2024-05-21.txt | UK_debates2024-05-21_chunk_33] In the last 12 months, one in five households, or one in four young households, in energy debt have turned to illegal money lenders to help pay for bills and everyday essentials. The End Fuel Poverty Coalition has stated that the crisis could mean that young households spend years at the mercy of th
[UK_debates2025-09-02.txt | UK_debates2025-09-02_chunk_30] We need to recognise that, due to climate change, conflict and population growth, forced and economic migration is only going to increase. My Committee will shortly publish a report on displaced people, covering both the drivers and possible solutions. I note with concern that Jordan—a country that
[UK_debates2024-11-26.txt | UK_debates2024-11-26_chunk_47] Let me pick out a couple of the points she made. First, the point about the devastating effects of the climate crisis already being apparent is important. Part of the danger is that those effects will end up being the new normal, and we will just think of them as part of life. They are part of life
[UK_debates2024-03-13.txt | UK_debates2024-03-13_chunk_35] The Minister said earlier that we faced a climate challenge, after struggling for words to describe what we are facing. Why can the Government not join the global consensus and admit that what we are facing is a climate emergency? As the Secretary-General of the United Nations has said, the year of
[UK_debates2023-11-08.txt | UK_debates2023-11-08_chunk_1] I have been contacted by multiple constituents who arrived in the UK via the ARAP scheme. They are extremely worried about their relatives, the hardship they have experienced and the threat of danger with the recent events in Pakistan. These cases range from somebody who worked for the British armed
[UK_debates2025-02-10.txt | UK_debates2025-02-10_chunk_51] “We will not issue new licences to explore new fields,” but I remind him that there was another part to that paragraph. It says: “because” —there was a reason for it— “they will not take a penny off bills, cannot make us energy secure, and will only accelerate the worsening climate crisis.” Can he c
[UK_debates2025-07-08.txt | UK_debates2025-07-08_chunk_70] That is a good and important question. As I said, resilience has to be for all, not just for some. This is taken very seriously at the National Situation Centre. As data gets better—as, for example, energy companies get a better map of their vulnerable customers—we are getting to a better place when
[UK_debates2023-11-28.txt | UK_debates2023-11-28_chunk_32] The Secretary of State has no response to Lord Stern. The problem is that he sees a Government preaching one thing and doing another. Her negotiators at COP will argue to phase out fossil fuels, but she wants to drill every last drop at home and open new coalmines. She will tell developing countries
[UK_debates2025-02-10.txt | UK_debates2025-02-10_chunk_45] On the point at issue, there must be balance in the necessary transition from carbon to renewables. It is not an either/or. We have been in the North sea for two generations, and we will be there for two generations more as we wind down the basin. Politics is often about symbols, and the renewed con","The rhetoric used by speakers in the provided documents emphasizes both the existential threat (crisis/emergency) and the economic opportunities associated with the transition.

**Emphasis on Existential Crisis and Threat:**

*   **Terminology:** Speakers frequently use strong language, referring to the situation as a ""climate crisis"" (UK_debates2024-11-26, UK_debates2023-11-08, UK_debates2025-02-10), a ""nature and climate crisis"" (UK_debates2023-11-08), and a ""climate and biodiversity crisis"" (UK_debates2024-11-26).
*   **Severity:** One speaker noted that the ""devastating effects of the climate crisis [are] already being apparent"" and warned that these effects ""will get significantly worse if we do not act"" (UK_debates2024-11-26).
*   **Consequences:** Climate breakdown is described as having the potential to threaten core infrastructure and pose risks to support systems like food and water (UK_debates2025-07-08). Climate change is also noted as a driver of increasing forced and economic migration (UK_debates2025-09-02).
*   **Official Recognition:** One Minister, while stating they are primarily concerned with action over words, confirmed they treat the issue as an ""emergency"" and see the ""negative impacts of climate change"" (UK_debates2024-03-13). The UN Secretary-General was quoted as saying the world is in an ""era of climate burning"" (UK_debates2024-03-13).

**Emphasis on Economic Opportunity:**

*   **Economic Interest:** One speaker noted that every country knows that acting on climate change is ""massively in their economic interests"" (UK_debates2024-11-26).
*   **Jobs and Transition:** The rhetoric highlights that ""There is a race on for the good jobs of the future, and the clean energy transition can provide them"" (UK_debates2024-11-26).
*   **Skills and Careers:** Speakers mention the ""opportunities that would arise from a green transition"" and suggest that a nature or climate GCSE could ""grow the careers and skills we need to tackle the climate emergency"" (UK_debates2023-11-08). There is also a call for more Government action to ""capitalise on green jobs and technology"" (UK_debates2023-11-08)."
2025-12-23 13:35:10,What is the central tension that emerges from the speeches between the need for national security and the protection of citizens’ privacy in the digital age?,fixed_660,bm25,3,3,"uk_2023-09-12.txt, uk_2024-05-24.txt, us_2023-09-12.txt","chunks_660_output\uk_2023-09-12.txt_chunks\uk_2023-09-12_chunk_4.txt, chunks_660_output\uk_2024-05-24.txt_chunks\uk_2024-05-24_chunk_3.txt, chunks_660_output\us_2023-09-12.txt_chunks\us_2023-09-12_chunk_4.txt","[uk_2024-05-24.txt | uk_2024-05-24_chunk_3] The president recently announced he would stop military aid  to Israel at a time when this aid is needed to target Hamas  terrorists and avoid more civilian casualties in what  looks like an attempt to appease the growing pro-Hamas  sentiment among the left. In light of this administration's misguid
[us_2023-09-12.txt | us_2023-09-12_chunk_4] Mr. Speaker, today, I introduce the United States Commission on an Open Society with Security Act of 2023, which would create a commission to investigate how we can maintain our democratic traditions while actively responding to the real and substantial threats posed by foreign and domestic terroris
[uk_2023-09-12.txt | uk_2023-09-12_chunk_4] I ask my colleagues to join me in honoring the profound impact of  Latino Health Access and its Promoter Model. From the Congressional Record Online through the Government Publishing Office [<a href='https://www.gpo.gov'>www.gpo.gov</a>]  INTRODUCTION OF THE UNITED STATES COMMISSION ON AN OPEN SOCIE","The central tension between the need for national security and the protection of citizens' privacy and freedoms, particularly in the digital age, is described in two main ways:

1.  **General Security Infrastructure vs. Open Society:** The succession of tragic events (such as the Oklahoma City bombing, 9/11, and the January 6th insurrection) has led to ""sweeping security increases"" that create lasting infrastructure difficult to dismantle, which ""infringes on our open, democratic society"" (us_2023-09-12.txt, uk_2023-09-12.txt). Security decisions, often dictated by emergencies, have deferred essential discussions on the ""proper balance between security, individual rights and the freedoms enjoyed in an open society"" (us_2023-09-12.txt, uk_2023-09-12.txt). Furthermore, security strategies have relied on ""intrusive new technologies that treat privacy like a privilege instead of a right"" (us_2023-09-12.txt, uk_2023-09-12.txt).

2.  **Financial Surveillance via Digital Currency:** A specific digital threat is the potential establishment of a central bank digital currency (CBDC), which is viewed as a tool that ""can be used as a surveillance tool and weaponized against the American people"" (uk_2024-05-24.txt). This concern is based on the observation that in China, the Communist Party uses a CBDC ""to track the spending habits of its citizens,"" raising fears of allowing this level of ""financial surveillance in America"" (uk_2024-05-24.txt). Legislative efforts, such as the CBDC Anti-Surveillance State Act, were introduced specifically to protect Americans' right to ""financial privacy"" (uk_2024-05-24.txt)."
2025-12-23 13:35:19,What is the central tension that emerges from the speeches between the need for national security and the protection of citizens’ privacy in the digital age?,fixed_660,bm25,5,5,"uk_2023-09-12.txt, uk_2024-05-24.txt, uk_2024-09-12.txt, uk_2025-07-25.txt, us_2023-09-12.txt","chunks_660_output\uk_2023-09-12.txt_chunks\uk_2023-09-12_chunk_4.txt, chunks_660_output\uk_2024-05-24.txt_chunks\uk_2024-05-24_chunk_3.txt, chunks_660_output\uk_2024-09-12.txt_chunks\uk_2024-09-12_chunk_5.txt, chunks_660_output\uk_2025-07-25.txt_chunks\uk_2025-07-25_chunk_9.txt, chunks_660_output\us_2023-09-12.txt_chunks\us_2023-09-12_chunk_4.txt","[uk_2024-05-24.txt | uk_2024-05-24_chunk_3] The president recently announced he would stop military aid  to Israel at a time when this aid is needed to target Hamas  terrorists and avoid more civilian casualties in what  looks like an attempt to appease the growing pro-Hamas  sentiment among the left. In light of this administration's misguid
[us_2023-09-12.txt | us_2023-09-12_chunk_4] Mr. Speaker, today, I introduce the United States Commission on an Open Society with Security Act of 2023, which would create a commission to investigate how we can maintain our democratic traditions while actively responding to the real and substantial threats posed by foreign and domestic terroris
[uk_2023-09-12.txt | uk_2023-09-12_chunk_4] I ask my colleagues to join me in honoring the profound impact of  Latino Health Access and its Promoter Model. From the Congressional Record Online through the Government Publishing Office [<a href='https://www.gpo.gov'>www.gpo.gov</a>]  INTRODUCTION OF THE UNITED STATES COMMISSION ON AN OPEN SOCIE
[uk_2024-09-12.txt | uk_2024-09-12_chunk_5] As the primary liaison between Members  of Congress, our staffs, committees, and U.S. Transportation Command,  Colonel Foy communicated the commander's legislative priorities and  ensured appropriations for three sealift vessels valued at $300 million  into the Ready Reserve Force and enrollment of
[uk_2025-07-25.txt | uk_2025-07-25_chunk_9] May God Bless him unselfishly and continually. From the Congressional Record Online through the Government Publishing Office [<a href='https://www.gpo.gov'>www.gpo.gov</a>]  OPPOSING H.R. 3633, S. 1582, and H.R. 1919  HON. BETTY McCOLLUM  Ms. McCOLLUM. Mr. Speaker, I rise in opposition to H.R. 3633,","The central tension between the need for national security and the protection of citizens’ privacy in the digital age manifests in two primary ways, according to the documents:

**1. Lasting Security Infrastructure vs. Open Society and Personal Liberty:**

The nation has entered an era of constant internal and external threats, requiring ever-higher levels of security (us_2023-09-12.txt, uk_2023-09-12.txt). However, the resulting ""sweeping security increases"" create lasting security infrastructure that is difficult to dismantle and infringes on an open, democratic society (us_2023-09-12.txt, uk_2023-09-12.txt).

Security strategies have often relied on ""intrusive new technologies that treat privacy like a privilege instead of a right,"" rather than developing strategies that safeguard personal liberty (us_2023-09-12.txt, uk_2023-09-12.txt). The goal of the proposed United States Commission on an Open Society with Security Act of 2023 is to ensure discussions take place regarding the proper balance between security, individual rights, and freedoms (us_2023-09-12.txt, uk_2023-09-12.txt).

**2. Financial Innovation (CBDC) vs. Surveillance:**

The debate over a central bank digital currency (CBDC) highlights the tension between digital innovation and financial privacy:

*   **Threat to Privacy:** The framework released by President Biden to evaluate the establishment of a CBDC is viewed by some as a potential ""surveillance tool and weaponized against the American people"" (uk_2024-05-24.txt). This concern is based on the example of China, where the Communist Party uses a CBDC to track the spending habits of its citizens (uk_2024-05-24.txt). The CBDC Anti-Surveillance State Act (H.R. 1919) was introduced to protect Americans' right to financial privacy by halting the issuance of a CBDC (uk_2024-05-24.txt).
*   **Stifling Innovation:** Conversely, opponents of H.R. 1919 (the Anti-CBDC Surveillance State Act) argue that the bill should be rejected because it would ""immediately halt and prohibit the United States from exploring the potential benefits of a central bank digital currency"" (uk_2025-07-25.txt). This action would ""stifle innovation at the Federal Reserve"" as they research ways to meet the evolving money and payments landscape, potentially leaving the U.S. behind other countries developing and implementing CBDCs (uk_2025-07-25.txt)."
2025-12-23 13:35:30,What is the central tension that emerges from the speeches between the need for national security and the protection of citizens’ privacy in the digital age?,fixed_660,bm25,10,10,"uk_2023-07-19.txt, uk_2023-09-12.txt, uk_2024-03-15.txt, uk_2024-05-24.txt, uk_2024-09-12.txt, uk_2025-07-25.txt, uk_2025-08-26.txt, uk_2025-09-26.txt, us_2023-09-12.txt","chunks_660_output\uk_2023-07-19.txt_chunks\uk_2023-07-19_chunk_7.txt, chunks_660_output\uk_2023-09-12.txt_chunks\uk_2023-09-12_chunk_4.txt, chunks_660_output\uk_2024-03-15.txt_chunks\uk_2024-03-15_chunk_5.txt, chunks_660_output\uk_2024-05-24.txt_chunks\uk_2024-05-24_chunk_2.txt, chunks_660_output\uk_2024-05-24.txt_chunks\uk_2024-05-24_chunk_3.txt, chunks_660_output\uk_2024-09-12.txt_chunks\uk_2024-09-12_chunk_5.txt, chunks_660_output\uk_2025-07-25.txt_chunks\uk_2025-07-25_chunk_9.txt, chunks_660_output\uk_2025-08-26.txt_chunks\uk_2025-08-26_chunk_7.txt, chunks_660_output\uk_2025-09-26.txt_chunks\uk_2025-09-26_chunk_4.txt, chunks_660_output\us_2023-09-12.txt_chunks\us_2023-09-12_chunk_4.txt","[uk_2024-05-24.txt | uk_2024-05-24_chunk_3] The president recently announced he would stop military aid  to Israel at a time when this aid is needed to target Hamas  terrorists and avoid more civilian casualties in what  looks like an attempt to appease the growing pro-Hamas  sentiment among the left. In light of this administration's misguid
[us_2023-09-12.txt | us_2023-09-12_chunk_4] Mr. Speaker, today, I introduce the United States Commission on an Open Society with Security Act of 2023, which would create a commission to investigate how we can maintain our democratic traditions while actively responding to the real and substantial threats posed by foreign and domestic terroris
[uk_2023-09-12.txt | uk_2023-09-12_chunk_4] I ask my colleagues to join me in honoring the profound impact of  Latino Health Access and its Promoter Model. From the Congressional Record Online through the Government Publishing Office [<a href='https://www.gpo.gov'>www.gpo.gov</a>]  INTRODUCTION OF THE UNITED STATES COMMISSION ON AN OPEN SOCIE
[uk_2024-09-12.txt | uk_2024-09-12_chunk_5] As the primary liaison between Members  of Congress, our staffs, committees, and U.S. Transportation Command,  Colonel Foy communicated the commander's legislative priorities and  ensured appropriations for three sealift vessels valued at $300 million  into the Ready Reserve Force and enrollment of
[uk_2025-07-25.txt | uk_2025-07-25_chunk_9] May God Bless him unselfishly and continually. From the Congressional Record Online through the Government Publishing Office [<a href='https://www.gpo.gov'>www.gpo.gov</a>]  OPPOSING H.R. 3633, S. 1582, and H.R. 1919  HON. BETTY McCOLLUM  Ms. McCOLLUM. Mr. Speaker, I rise in opposition to H.R. 3633,
[uk_2024-05-24.txt | uk_2024-05-24_chunk_2] This bill will only exacerbate this issue. We must reject  H.R. 4763 and work to create a regulatory framework that will protect  everyday investors and consumers. Crypto is the currency of choice for our foreign adversaries,  terrorist groups, drug and human traffickers, child sex abusers, and  ran
[uk_2025-08-26.txt | uk_2025-08-26_chunk_7] AUGUST PFLUGER  Mr. PFLUGER. Mr. Speaker, I rise today to include in the Record an  opinion column from the Odessa American titled ``Campbell: The Nature  of Truth,'' published May 1, 2025. In it, the author reflects on how  society grapples with competing claims of truth and encourages readers  to
[uk_2024-03-15.txt | uk_2024-03-15_chunk_5] Instead of addressing one company,  as the bill we are considering today does, we could instead consider  that bill or a related proposal that would improve how Americans access  and control their data across all apps. The limited data safeguards in  the Protecting Americans from Foreign Adversary C
[uk_2023-07-19.txt | uk_2023-07-19_chunk_7] Ms. Pemberton's faith  in the power of community service has led her to work relentlessly  across the city of Dallas to reach communities in need and to never  back down from doing what's right. She's won numerous awards from  various organizations recognizing her community service--all of which  is
[uk_2025-09-26.txt | uk_2025-09-26_chunk_4] Her direct and empathetic  style, combined with a commitment to truth, led her to excel on  national television, covering topics of social, cultural, and political  significance, earning the respect of both the public and her  colleagues. Motivated by the desire to broaden her horizons, she  immigra","The central tension between the need for national security and the protection of citizens’ privacy in the digital age emerges in several areas:

**1. Financial Surveillance and Central Bank Digital Currency (CBDC):**

*   The tension exists around the potential establishment of a CBDC, which is viewed by some as a ""surveillance tool and weaponized against the American people"" (uk_2024-05-24.txt). This concern is heightened by the observation that the Communist Party in China uses a CBDC to track the spending habits of its citizens, leading to the introduction of the CBDC Anti-Surveillance State Act to protect Americans' right to financial privacy (uk_2024-05-24.txt).
*   Conversely, opposition to the Anti-CBDC Surveillance State Act (H.R. 1919) argues that immediately halting and prohibiting the exploration of a CBDC would ""stifle innovation at the Federal Reserve"" and prevent the U.S. from meeting the needs of the evolving digital age, potentially leaving the country behind as others develop and implement CBDCs (uk_2025-07-25.txt).

**2. Data Security and Foreign Adversary Controlled Applications:**

*   The need for national security drives support for legislation like the Protecting Americans from Foreign Adversary Controlled Applications Act (H.R. 7521), which aims to address the ""clear, emerging threat from foreign adversaries who have alarming access to Americans' data"" (uk_2024-03-15.txt). This access allows foreign governments, such as China's Communist government which regulates TikTok, to track users' location and online activity, and potentially run disinformation and propaganda campaigns (uk_2024-03-15.txt).
*   However, this security measure creates a tension with civil liberties, as opponents of the bill raise concerns about potential constitutional questions, limiting consumer choice and speech, and restricting opportunities for Americans to protect their rights through the legal system (uk_2024-03-15.txt).

**3. General Security Infrastructure and Personal Liberty:**

*   More broadly, the introduction of the United States Commission on an Open Society with Security Act of 2023 acknowledges that security increases, while sometimes deemed necessary, create lasting infrastructure that infringes on an open, democratic society (us_2023-09-12.txt, uk_2023-09-12.txt).
*   The bill's proponents note that security strategies have relied on ""intrusive new technologies that treat privacy like a privilege instead of a right,"" and that essential discussions on the proper balance between security, individual rights, and freedoms have been repeatedly deferred (us_2023-09-12.txt, uk_2023-09-12.txt). The commission is intended to ensure these discussions take place to avert a crisis in basic freedoms before their infringement becomes entrenched (us_2023-09-12.txt, uk_2023-09-12.txt)."
2025-12-23 13:35:40,What is the central tension that emerges from the speeches between the need for national security and the protection of citizens’ privacy in the digital age?,fixed_660,dense,3,3,"uk_2023-09-12.txt, us_2024-03-15.txt","chunks_660_output\uk_2023-09-12.txt_chunks\uk_2023-09-12_chunk_4.txt, chunks_660_output\us_2024-03-15.txt_chunks\us_2024-03-15_chunk_5.txt, chunks_660_output\us_2024-03-15.txt_chunks\us_2024-03-15_chunk_6.txt","[us_2024-03-15.txt | us_2024-03-15_chunk_6] It is not clear the full extent to which users' data is being used. Just last week, users were targeted and tracked, and received difficult-to-dismiss pop-up alerts. They were tracked based on their geo-location information, and pushed to call their Member of Congress, sharing a misleading message c
[uk_2023-09-12.txt | uk_2023-09-12_chunk_4] I ask my colleagues to join me in honoring the profound impact of  Latino Health Access and its Promoter Model. From the Congressional Record Online through the Government Publishing Office [<a href='https://www.gpo.gov'>www.gpo.gov</a>]  INTRODUCTION OF THE UNITED STATES COMMISSION ON AN OPEN SOCIE
[us_2024-03-15.txt | us_2024-03-15_chunk_5] I also have serious concerns with the scope of the legislation and open constitutional questions about the path forward for its implementation. Targeting only one foreign adversary-controlled application will not fully protect consumers' data in our nation. Energy & Commerce Committee Chairwoman McM","The central tension that emerges from the speeches is the conflict between the necessity of protecting national security from foreign adversaries who exploit digital platforms, and the risk that security measures will permanently infringe upon citizens' constitutional rights, privacy, and democratic freedoms (uk_2023-09-12.txt, us_2024-03-15.txt).

**The Security Imperative and Data Risk:**
Proponents of legislation like H.R. 7521 argue that foreign adversaries—namely China, Iran, North Korea, or Russia—have alarming access to Americans' data through communications applications (us_2024-03-15.txt). This control allows them to track users' geo-location and online activity, and push disinformation and propaganda campaigns to millions of Americans (us_2024-03-15.txt). To protect national security and the integrity of democracy, legislative action requiring divestment or banning these applications is deemed necessary (us_2024-03-15.txt).

**The Infringement on Rights and Privacy:**
Conversely, critics raise concerns that security measures, particularly H.R. 7521, create significant uncertainty and infringe upon fundamental rights (us_2024-03-15.txt). Specific points of tension include:

1.  **Constitutional Questions:** The bill raises open constitutional questions regarding potential violations of the First Amendment, which protects free speech and a press free from government retribution (us_2024-03-15.txt). Similar previous attempts to ban TikTok were struck down by courts (us_2024-03-15.txt).
2.  **Privacy vs. Privilege:** Security increases, generally, are described as creating lasting infrastructure that infringes on an open, democratic society (uk_2023-09-12.txt). Furthermore, security strategies often rely on ""intrusive new technologies that treat privacy like a privilege instead of a right"" (uk_2023-09-12.txt).
3.  **Scope and Consumer Choice:** Targeting only one foreign adversary-controlled application is seen as insufficient to fully protect consumers' data nationwide, while simultaneously limiting consumer choice (us_2024-03-15.txt)."
2025-12-23 13:35:49,What is the central tension that emerges from the speeches between the need for national security and the protection of citizens’ privacy in the digital age?,fixed_660,dense,5,5,"uk_2023-09-12.txt, uk_2024-03-15.txt, uk_2024-06-12.txt, us_2024-03-15.txt","chunks_660_output\uk_2023-09-12.txt_chunks\uk_2023-09-12_chunk_4.txt, chunks_660_output\uk_2024-03-15.txt_chunks\uk_2024-03-15_chunk_5.txt, chunks_660_output\uk_2024-06-12.txt_chunks\uk_2024-06-12_chunk_12.txt, chunks_660_output\us_2024-03-15.txt_chunks\us_2024-03-15_chunk_5.txt, chunks_660_output\us_2024-03-15.txt_chunks\us_2024-03-15_chunk_6.txt","[us_2024-03-15.txt | us_2024-03-15_chunk_6] It is not clear the full extent to which users' data is being used. Just last week, users were targeted and tracked, and received difficult-to-dismiss pop-up alerts. They were tracked based on their geo-location information, and pushed to call their Member of Congress, sharing a misleading message c
[uk_2023-09-12.txt | uk_2023-09-12_chunk_4] I ask my colleagues to join me in honoring the profound impact of  Latino Health Access and its Promoter Model. From the Congressional Record Online through the Government Publishing Office [<a href='https://www.gpo.gov'>www.gpo.gov</a>]  INTRODUCTION OF THE UNITED STATES COMMISSION ON AN OPEN SOCIE
[us_2024-03-15.txt | us_2024-03-15_chunk_5] I also have serious concerns with the scope of the legislation and open constitutional questions about the path forward for its implementation. Targeting only one foreign adversary-controlled application will not fully protect consumers' data in our nation. Energy & Commerce Committee Chairwoman McM
[uk_2024-03-15.txt | uk_2024-03-15_chunk_5] Instead of addressing one company,  as the bill we are considering today does, we could instead consider  that bill or a related proposal that would improve how Americans access  and control their data across all apps. The limited data safeguards in  the Protecting Americans from Foreign Adversary C
[uk_2024-06-12.txt | uk_2024-06-12_chunk_12] The Sentinel ICBM program, now estimated to be $150 billion, breached  the cost escalation limit of the Nunn-McCurdy law. The Pentagon and  Congress must now justify the continuation of the program. Congress and  the American public must not waste this pivotal moment to study the  reality of the nuc","The central tension that emerges is the conflict between implementing necessary security measures against foreign threats and safeguarding fundamental democratic traditions, individual rights, and privacy in the digital sphere.

This tension is highlighted in two main areas:

**1. National Security vs. Constitutional Rights (H.R. 7521):**

*   **Security Imperative:** Proponents of H.R. 7521, the Protecting Americans from Foreign Adversary Controlled Applications Act, argue that the nation faces a ""clear, emerging threat"" from foreign adversaries (namely China, Iran, North Korea, or Russia) who have ""alarming access to Americans' data"" (us_2024-03-15.txt; uk_2024-03-15.txt). The control of communications applications, such as TikTok (which is based in China and regulated by its Communist government), gives these adversaries the ability to push ""disinformation and propaganda campaigns"" (us_2024-03-15.txt; uk_2024-03-15.txt).
*   **Privacy and Rights Concerns:** Opponents raise ""open constitutional questions"" regarding the bill, arguing that the limited data safeguards are ""not sufficient to justify what could amount to a ban on TikTok"" (us_2024-03-15.txt; uk_2024-03-15.txt). They express concern that the bill limits ""consumer choice and speech"" and potentially violates the First Amendment, which enshrines the protection of free speech as a cornerstone of democracy (us_2024-03-15.txt; uk_2024-03-15.txt).

**2. Lasting Security Infrastructure vs. Open Society:**

*   The need to respond to threats (like terrorism) has led to a series of sweeping security increases that, while deemed necessary, create lasting security infrastructure that is difficult to dismantle and ""infringes on our open, democratic society"" (uk_2023-09-12.txt).
*   This requires an essential discussion on the ""proper balance between security, individual rights and the freedoms enjoyed in an open society"" (uk_2023-09-12.txt). Current security strategies often rely on ""intrusive new technologies that treat privacy like a privilege instead of a right"" (uk_2023-09-12.txt)."
2025-12-23 13:35:59,What is the central tension that emerges from the speeches between the need for national security and the protection of citizens’ privacy in the digital age?,fixed_660,dense,10,10,"uk_2023-07-12.txt, uk_2023-09-12.txt, uk_2024-03-15.txt, uk_2024-06-12.txt, uk_2024-07-15.txt, uk_2025-08-29.txt, us_2023-09-12.txt, us_2023-10-30.txt, us_2024-03-15.txt","chunks_660_output\uk_2023-07-12.txt_chunks\uk_2023-07-12_chunk_13.txt, chunks_660_output\uk_2023-09-12.txt_chunks\uk_2023-09-12_chunk_4.txt, chunks_660_output\uk_2024-03-15.txt_chunks\uk_2024-03-15_chunk_5.txt, chunks_660_output\uk_2024-06-12.txt_chunks\uk_2024-06-12_chunk_12.txt, chunks_660_output\uk_2024-07-15.txt_chunks\uk_2024-07-15_chunk_5.txt, chunks_660_output\uk_2025-08-29.txt_chunks\uk_2025-08-29_chunk_5.txt, chunks_660_output\us_2023-09-12.txt_chunks\us_2023-09-12_chunk_5.txt, chunks_660_output\us_2023-10-30.txt_chunks\us_2023-10-30_chunk_6.txt, chunks_660_output\us_2024-03-15.txt_chunks\us_2024-03-15_chunk_5.txt, chunks_660_output\us_2024-03-15.txt_chunks\us_2024-03-15_chunk_6.txt","[us_2024-03-15.txt | us_2024-03-15_chunk_6] It is not clear the full extent to which users' data is being used. Just last week, users were targeted and tracked, and received difficult-to-dismiss pop-up alerts. They were tracked based on their geo-location information, and pushed to call their Member of Congress, sharing a misleading message c
[uk_2023-09-12.txt | uk_2023-09-12_chunk_4] I ask my colleagues to join me in honoring the profound impact of  Latino Health Access and its Promoter Model. From the Congressional Record Online through the Government Publishing Office [<a href='https://www.gpo.gov'>www.gpo.gov</a>]  INTRODUCTION OF THE UNITED STATES COMMISSION ON AN OPEN SOCIE
[us_2024-03-15.txt | us_2024-03-15_chunk_5] I also have serious concerns with the scope of the legislation and open constitutional questions about the path forward for its implementation. Targeting only one foreign adversary-controlled application will not fully protect consumers' data in our nation. Energy & Commerce Committee Chairwoman McM
[uk_2024-03-15.txt | uk_2024-03-15_chunk_5] Instead of addressing one company,  as the bill we are considering today does, we could instead consider  that bill or a related proposal that would improve how Americans access  and control their data across all apps. The limited data safeguards in  the Protecting Americans from Foreign Adversary C
[uk_2024-06-12.txt | uk_2024-06-12_chunk_12] The Sentinel ICBM program, now estimated to be $150 billion, breached  the cost escalation limit of the Nunn-McCurdy law. The Pentagon and  Congress must now justify the continuation of the program. Congress and  the American public must not waste this pivotal moment to study the  reality of the nuc
[us_2023-09-12.txt | us_2023-09-12_chunk_5] Security is not only about reducing lives lost and costs. It is also about safeguarding the institutions, freedoms and values that anchor our country, not only for ourselves but for future generations. The social compact between government and the people should not be the result of a series of hosta
[uk_2025-08-29.txt | uk_2025-08-29_chunk_5] In the 116th and 117th Congresses, the House passed this bill  as part of the George Floyd Justice in Policing Act. Cameras can increase transparency, strengthen public trust and even  deter criminal behavior. With the surge of federal law enforcement  officers in the District of Columbia this month
[uk_2023-07-12.txt | uk_2023-07-12_chunk_13] MEETINGS SCHEDULED  JULY 18  1 p.m.  Commission on Security and Cooperation in Europe  To hold hearings to examine Russia's alpine assets,  focusing on money laundering and sanctions evasion in  Switzerland. JULY 19  9:30 a.m.  Committee on Homeland Security and Governmental Affairs  Business meetin
[us_2023-10-30.txt | us_2023-10-30_chunk_6] must be a part of future bipartisan retirement saving packages. I am hopeful my colleagues will cosponsor the Lifetime Income for Employees Act and help us to enact it into law. In addition to expanding access to lifetime income Congress must do more to help all Americans achieve a financially secur
[uk_2024-07-15.txt | uk_2024-07-15_chunk_5] The leaders in this region talked with me because of their  close proximity to Russia and Belarus about their constant  fear that they could be annihilated within seconds, and might  never see it coming. They know that Putin is ruthless enough  and has the thirst for power and land to do it. We don'","The central tension that emerges from the speeches is the conflict between the need to protect national security from foreign adversaries and the risk of infringing upon Americans' constitutional rights and personal freedoms, particularly concerning the proposed legislation H.R. 7521, the Protecting Americans from Foreign Adversary Controlled Applications Act.

**The National Security and Data Protection Argument:**

Proponents of H.R. 7521 argue that the nation faces a clear, emerging threat from foreign adversaries—namely China, Iran, North Korea, or Russia—who have alarming access to Americans' data (us_2024-03-15.txt; uk_2024-03-15.txt). This control over communications applications, such as TikTok (which is based in China and regulated by its Communist government), gives these adversaries the ability to push disinformation and propaganda campaigns to millions of Americans (us_2024-03-15.txt; uk_2024-03-15.txt). The bill is supported because it requires parent company ByteDance to sell TikTok within six months to continue operating, and it grants the President authority to require divestment of applications that pose significant threats to national security (us_2024-03-15.txt; uk_2024-03-15.txt).

**The Privacy, Rights, and Constitutional Concerns Argument:**

Opponents of the bill raise serious concerns about its scope and open constitutional questions regarding its implementation (us_2024-03-15.txt). They argue that the limited data safeguards in H.R. 7521 are not sufficient to justify what could amount to a ban on TikTok (us_2024-03-15.txt; uk_2024-03-15.txt). Specific concerns include:

*   **First Amendment Violations:** Civil liberties and legal experts have raised concerns that the bill raises constitutional questions about limiting consumer choice and speech, potentially violating the First Amendment, which enshrines the protection of free speech (us_2024-03-15.txt; uk_2024-03-15.txt).
*   **Legal Precedent:** Previous attempts to ban TikTok, such as Executive Orders issued by former President Donald Trump, were struck down by courts, and Montana's legislation to ban the app was put on hold for exceeding state authority and potentially violating the First Amendment (us_2024-03-15.txt; uk_2024-03-15.txt).
*   **Limiting Legal Recourse:** Concerns exist that the bill limits opportunities for Americans to protect their rights through the legal system by restricting legal challenges to specific timeframes (us_2024-03-15.txt; uk_2024-03-15.txt)."
2025-12-23 13:36:08,What is the central tension that emerges from the speeches between the need for national security and the protection of citizens’ privacy in the digital age?,hierarchical,bm25,3,3,"UK_debates2025-02-12.txt, UK_debates2025-02-24.txt, UK_debates2025-09-10.txt","hierarchical_chunks\UK_debates2025-02-12.txt_chunks\UK_debates2025-02-12_chunk_7.txt, hierarchical_chunks\UK_debates2025-02-24.txt_chunks\UK_debates2025-02-24_chunk_19.txt, hierarchical_chunks\UK_debates2025-09-10.txt_chunks\UK_debates2025-09-10_chunk_10.txt","[UK_debates2025-02-24.txt | UK_debates2025-02-24_chunk_19] Strong encryption is vital for everyone’s security, but last week Apple pulled its advanced data protection services in the UK after the Home Office had reportedly demanded back-door access to its UK customers’ encrypted data. Liberal Democrats have long argued that investigatory powers must be prop
[UK_debates2025-02-12.txt | UK_debates2025-02-12_chunk_7] Livingston is a remarkable example of where investment can make a significant difference. I am really pleased that the chief executive of SilviBio recently received a women in innovation award for innovation in science. My hon. Friend is absolutely right that innovation accelerator projects in Glasg
[UK_debates2025-09-10.txt | UK_debates2025-09-10_chunk_10] I, too, thank the previous ministerial team and welcome the new one—I very much look forward to working together. Following the roll-out of the Online Safety Act, there is evidence that harmful content is still being algorithmically shown to young children and that artificial intelligence technologi","The central tension between national security and the protection of citizens’ privacy in the digital age, as discussed in the documents, centers on the issue of government access to encrypted data.

This tension is highlighted by the report that the Home Office demanded ""back-door access"" to UK customers’ encrypted data, which subsequently led to Apple pulling its advanced data protection services in the UK (UK_debates2025-02-24.txt).

The core conflict is defined by two opposing views:

1.  **The Risk to Privacy and Security:** Liberal Democrats argue that strong encryption is vital for everyone’s security, and that any ""way in"" created for security services, even if intended for investigatory powers, risks being exploited by criminal gangs or hostile states to target innocent people (UK_debates2025-02-24.txt).
2.  **The Government Position:** The Minister countered this view, stating that the suggestion that privacy and security are ""at odds is not correct,"" asserting that the country ""can and must have both."" The Minister also noted that the Investigatory Powers Act 2016 contains robust safeguards and independent oversight to ensure data is obtained only when necessary and proportionate (UK_debates2025-02-24.txt)."
2025-12-23 13:36:18,What is the central tension that emerges from the speeches between the need for national security and the protection of citizens’ privacy in the digital age?,hierarchical,bm25,5,5,"UK_debates2025-02-12.txt, UK_debates2025-02-24.txt, UK_debates2025-09-10.txt, us_2023-09-12.txt, us_2024-05-24.txt","hierarchical_chunks\UK_debates2025-02-12.txt_chunks\UK_debates2025-02-12_chunk_7.txt, hierarchical_chunks\UK_debates2025-02-24.txt_chunks\UK_debates2025-02-24_chunk_19.txt, hierarchical_chunks\UK_debates2025-09-10.txt_chunks\UK_debates2025-09-10_chunk_10.txt, hierarchical_chunks\us_2023-09-12.txt_chunks\us_2023-09-12_chunk_17.txt, hierarchical_chunks\us_2024-05-24.txt_chunks\us_2024-05-24_chunk_16.txt","[UK_debates2025-02-24.txt | UK_debates2025-02-24_chunk_19] Strong encryption is vital for everyone’s security, but last week Apple pulled its advanced data protection services in the UK after the Home Office had reportedly demanded back-door access to its UK customers’ encrypted data. Liberal Democrats have long argued that investigatory powers must be prop
[UK_debates2025-02-12.txt | UK_debates2025-02-12_chunk_7] Livingston is a remarkable example of where investment can make a significant difference. I am really pleased that the chief executive of SilviBio recently received a women in innovation award for innovation in science. My hon. Friend is absolutely right that innovation accelerator projects in Glasg
[UK_debates2025-09-10.txt | UK_debates2025-09-10_chunk_10] I, too, thank the previous ministerial team and welcome the new one—I very much look forward to working together. Following the roll-out of the Online Safety Act, there is evidence that harmful content is still being algorithmically shown to young children and that artificial intelligence technologi
[us_2024-05-24.txt | us_2024-05-24_chunk_16] President Biden released a framework to evaluate the establishment of a central bank digital currency (CBDC), which can be used as a surveillance tool and weaponized against the American people. In China, the Communist Party has been using a CBDC to track the spending habits of its citizens and we c
[us_2023-09-12.txt | us_2023-09-12_chunk_17] Ms. NORTON. Mr. Speaker, today, I introduce the United States Commission on an Open Society with Security Act of 2023, which would create a commission to investigate how we can maintain our democratic traditions while actively responding to the real and substantial threats posed by foreign and domes","The central tension between the need for national security and the protection of citizens’ privacy in the digital age, as described in the documents, revolves around government access to encrypted data and the use of new technologies for surveillance:

1.  **Encryption and Back-Door Access:** The tension is highlighted by the reported demand from the Home Office for ""back-door access"" to UK customers’ encrypted data, which led Apple to pull its advanced data protection services in the UK (UK_debates2025-02-24.txt). Critics argue that while investigatory powers are needed, any ""way in"" created for security services can be exploited by criminal gangs or hostile states, thereby targeting innocent people and undermining overall security (UK_debates2025-02-24.txt). This raises the question of why UK customers do not deserve the same privacy rights as customers elsewhere in the world (UK_debates2025-02-24.txt).
2.  **Intrusive Technologies and Surveillance:** Security increases, often implemented in response to threats, can create lasting infrastructure that infringes on an open, democratic society (us_2023-09-12.txt). There is concern that intrusive new technologies treat privacy like a privilege instead of a right (us_2023-09-12.txt). Specifically, the development of a central bank digital currency (CBDC) is viewed as a potential ""surveillance tool"" that could be ""weaponized against the American people,"" similar to how the Communist Party in China reportedly uses a CBDC to track citizens' spending habits (us_2024-05-24.txt).
3.  **Future Threats:** The development of quantum computing also presents a tension, requiring consideration of post-quantum cryptography to prevent the ""Y2Q—year to quantum—end of privacy"" (UK_debates2025-02-12.txt).

Despite these conflicts, one Minister stated that the suggestion that ""privacy and security are at odds is not correct,"" asserting that ""we can and must have both,"" and noting that the Investigatory Powers Act 2016 contains robust safeguards to protect privacy (UK_debates2025-02-24.txt)."
2025-12-23 13:36:29,What is the central tension that emerges from the speeches between the need for national security and the protection of citizens’ privacy in the digital age?,hierarchical,bm25,10,10,"UK_debates2024-04-25.txt, UK_debates2024-05-22.txt, UK_debates2024-12-05.txt, UK_debates2025-02-12.txt, UK_debates2025-02-24.txt, UK_debates2025-03-06.txt, UK_debates2025-05-14.txt, UK_debates2025-09-10.txt, us_2023-09-12.txt, us_2024-05-24.txt","hierarchical_chunks\UK_debates2024-04-25.txt_chunks\UK_debates2024-04-25_chunk_15.txt, hierarchical_chunks\UK_debates2024-05-22.txt_chunks\UK_debates2024-05-22_chunk_12.txt, hierarchical_chunks\UK_debates2024-12-05.txt_chunks\UK_debates2024-12-05_chunk_14.txt, hierarchical_chunks\UK_debates2025-02-12.txt_chunks\UK_debates2025-02-12_chunk_7.txt, hierarchical_chunks\UK_debates2025-02-24.txt_chunks\UK_debates2025-02-24_chunk_19.txt, hierarchical_chunks\UK_debates2025-03-06.txt_chunks\UK_debates2025-03-06_chunk_6.txt, hierarchical_chunks\UK_debates2025-05-14.txt_chunks\UK_debates2025-05-14_chunk_18.txt, hierarchical_chunks\UK_debates2025-09-10.txt_chunks\UK_debates2025-09-10_chunk_10.txt, hierarchical_chunks\us_2023-09-12.txt_chunks\us_2023-09-12_chunk_17.txt, hierarchical_chunks\us_2024-05-24.txt_chunks\us_2024-05-24_chunk_16.txt","[UK_debates2025-02-24.txt | UK_debates2025-02-24_chunk_19] Strong encryption is vital for everyone’s security, but last week Apple pulled its advanced data protection services in the UK after the Home Office had reportedly demanded back-door access to its UK customers’ encrypted data. Liberal Democrats have long argued that investigatory powers must be prop
[UK_debates2025-02-12.txt | UK_debates2025-02-12_chunk_7] Livingston is a remarkable example of where investment can make a significant difference. I am really pleased that the chief executive of SilviBio recently received a women in innovation award for innovation in science. My hon. Friend is absolutely right that innovation accelerator projects in Glasg
[UK_debates2025-09-10.txt | UK_debates2025-09-10_chunk_10] I, too, thank the previous ministerial team and welcome the new one—I very much look forward to working together. Following the roll-out of the Online Safety Act, there is evidence that harmful content is still being algorithmically shown to young children and that artificial intelligence technologi
[us_2024-05-24.txt | us_2024-05-24_chunk_16] President Biden released a framework to evaluate the establishment of a central bank digital currency (CBDC), which can be used as a surveillance tool and weaponized against the American people. In China, the Communist Party has been using a CBDC to track the spending habits of its citizens and we c
[us_2023-09-12.txt | us_2023-09-12_chunk_17] Ms. NORTON. Mr. Speaker, today, I introduce the United States Commission on an Open Society with Security Act of 2023, which would create a commission to investigate how we can maintain our democratic traditions while actively responding to the real and substantial threats posed by foreign and domes
[UK_debates2024-04-25.txt | UK_debates2024-04-25_chunk_15] I will be laying a wreath on behalf of the House. What recent assessment he has made of the adequacy of public sector procurement of digital goods and services. The Government recognise how vital digital products and services are for delivering public services. The digital, data and technology playb
[UK_debates2025-05-14.txt | UK_debates2025-05-14_chunk_18] Labour has cancelled Britain’s new national supercomputer at the University of Edinburgh, damaging our research capability and economic growth. That project was fully funded by the Conservatives, and the university says that it will be a disaster if the cancellation is not reversed, so will the Gove
[UK_debates2024-12-05.txt | UK_debates2024-12-05_chunk_14] Order. We have to get through the list. Give me a chance to get through it—we are only on question 6. What recent discussions he has had with the Secretary of State for Science, Innovation and Technology on the potential merits of designating genomics databases as critical national infrastructure. G
[UK_debates2025-03-06.txt | UK_debates2025-03-06_chunk_6] What steps his Department is taking to help ensure the resilience of local government digital infrastructure against cyber-attacks. The Government are working hard to improve the cyber resilience of the public sector, because cyber-attacks can be against central Government institutions, local author
[UK_debates2024-05-22.txt | UK_debates2024-05-22_chunk_12] What steps her Department is taking to help tackle digital exclusion. The Government have been absolutely clear that no one should be left behind in the digital age. Digital inclusion is a cross-cutting issue spanning many different areas. I chair the cross-Whitehall ministerial group for digital in","The central tension that emerges from the speeches is the conflict between government efforts to ensure national security and the protection of citizens' fundamental rights to privacy and civil liberties, particularly concerning encrypted data and new technologies.

Key aspects of this tension include:

1.  **Government Demands for Access vs. Encryption:** The tension is highlighted by the report that the UK Home Office demanded ""back-door access"" to UK customers’ encrypted data, leading Apple to pull its advanced data protection services in the UK (UK_debates2025-02-24.txt).
2.  **Risk of Exploitation:** Critics argue that creating a ""way in"" for security services, even with robust safeguards, compromises security because such access can be exploited by criminal gangs or hostile states to target innocent people (UK_debates2025-02-24.txt).
3.  **Intrusive Technologies and Permanent Restrictions:** In the US context, security increases, often implemented during emergencies, are criticized for creating lasting security infrastructure that results in a ""permanent restriction"" on how citizens interact with democratic institutions (us_2023-09-12.txt). Furthermore, intrusive new technologies are accused of treating privacy ""like a privilege instead of a right"" (us_2023-09-12.txt).
4.  **Financial Surveillance:** The development of tools like a central bank digital currency (CBDC) is viewed as a potential ""surveillance tool"" that could be ""weaponized against the American people"" by tracking spending habits, thus infringing on financial privacy (us_2024-05-24.txt).
5.  **Conflicting Views on Compatibility:** While the need to strike a balance between security and individual rights is emphasized (us_2023-09-12.txt), the UK Government explicitly denies the existence of a conflict, stating that ""the suggestion that privacy and security are at odds is not correct; we can and must have both"" (UK_debates2025-02-24.txt). The government asserts that the Investigatory Powers Act 2016 contains robust safeguards to protect privacy (UK_debates2025-02-24.txt)."
2025-12-23 13:36:33,What is the central tension that emerges from the speeches between the need for national security and the protection of citizens’ privacy in the digital age?,hierarchical,dense,3,3,"UK_debates2024-04-17.txt, UK_debates2024-12-05.txt, us_2024-05-10.txt","hierarchical_chunks\UK_debates2024-04-17.txt_chunks\UK_debates2024-04-17_chunk_10.txt, hierarchical_chunks\UK_debates2024-12-05.txt_chunks\UK_debates2024-12-05_chunk_30.txt, hierarchical_chunks\us_2024-05-10.txt_chunks\us_2024-05-10_chunk_5.txt","[UK_debates2024-04-17.txt | UK_debates2024-04-17_chunk_10] I thank my hon. Friend for highlighting that case. I regret what has happened to the GLA candidate, which highlights some of the risks in relation to technology. That is why we have high data protection standards, but there is a range of ways in which we need to tackle this problem. We have the nati
[UK_debates2024-12-05.txt | UK_debates2024-12-05_chunk_30] In relation to my hon. Friend’s second point, it is right that the Church of England looks very carefully now at its procedures in the light of what has happened and been brought forward. In relation to the duty of candour, I have no idea why the Opposition Front Benchers were laughing about that. I
[us_2024-05-10.txt | us_2024-05-10_chunk_5] four more, giving these states a greater influence in determining the direction of our country. We need guardrails to protect our democracy, and that includes making sure that American citizens--and American citizens only--are accurately represented in their federal government. It's time to stop dil",Error: All API keys in the pool have been exhausted.
2025-12-23 13:36:35,What is the central tension that emerges from the speeches between the need for national security and the protection of citizens’ privacy in the digital age?,hierarchical,dense,5,5,"UK_debates2023-07-19.txt, UK_debates2024-01-11.txt, UK_debates2024-04-17.txt, UK_debates2024-12-05.txt, us_2024-05-10.txt","hierarchical_chunks\UK_debates2023-07-19.txt_chunks\UK_debates2023-07-19_chunk_45.txt, hierarchical_chunks\UK_debates2024-01-11.txt_chunks\UK_debates2024-01-11_chunk_31.txt, hierarchical_chunks\UK_debates2024-04-17.txt_chunks\UK_debates2024-04-17_chunk_10.txt, hierarchical_chunks\UK_debates2024-12-05.txt_chunks\UK_debates2024-12-05_chunk_30.txt, hierarchical_chunks\us_2024-05-10.txt_chunks\us_2024-05-10_chunk_5.txt","[UK_debates2024-04-17.txt | UK_debates2024-04-17_chunk_10] I thank my hon. Friend for highlighting that case. I regret what has happened to the GLA candidate, which highlights some of the risks in relation to technology. That is why we have high data protection standards, but there is a range of ways in which we need to tackle this problem. We have the nati
[UK_debates2024-12-05.txt | UK_debates2024-12-05_chunk_30] In relation to my hon. Friend’s second point, it is right that the Church of England looks very carefully now at its procedures in the light of what has happened and been brought forward. In relation to the duty of candour, I have no idea why the Opposition Front Benchers were laughing about that. I
[us_2024-05-10.txt | us_2024-05-10_chunk_5] four more, giving these states a greater influence in determining the direction of our country. We need guardrails to protect our democracy, and that includes making sure that American citizens--and American citizens only--are accurately represented in their federal government. It's time to stop dil
[UK_debates2023-07-19.txt | UK_debates2023-07-19_chunk_45] I made some reference to the specific nature of the threat posed by Northern Ireland-related terrorism. It is clear that it is primarily concentrated and directed against targets in Northern Ireland. I regularly discuss with UK Government colleagues how we can ensure robust defences across the whole
[UK_debates2024-01-11.txt | UK_debates2024-01-11_chunk_31] I thank the hon. Lady for her answer. The imprints are going to be important, but we have already seen an attack on our system through cyber-attacks at the last general election. At this general election, we face the increased, insidious threat to our democracy from artificial intelligence and fake",Error: All API keys in the pool have been exhausted.
2025-12-23 13:36:37,What is the central tension that emerges from the speeches between the need for national security and the protection of citizens’ privacy in the digital age?,hierarchical,dense,10,10,"UK_debates2023-07-19.txt, UK_debates2024-01-11.txt, UK_debates2024-01-15.txt, UK_debates2024-04-17.txt, UK_debates2024-12-05.txt, UK_debates2025-05-06.txt, UK_debates2025-07-08.txt, UK_debates2025-07-17.txt, us_2024-05-10.txt","hierarchical_chunks\UK_debates2023-07-19.txt_chunks\UK_debates2023-07-19_chunk_45.txt, hierarchical_chunks\UK_debates2024-01-11.txt_chunks\UK_debates2024-01-11_chunk_31.txt, hierarchical_chunks\UK_debates2024-01-15.txt_chunks\UK_debates2024-01-15_chunk_28.txt, hierarchical_chunks\UK_debates2024-04-17.txt_chunks\UK_debates2024-04-17_chunk_10.txt, hierarchical_chunks\UK_debates2024-04-17.txt_chunks\UK_debates2024-04-17_chunk_12.txt, hierarchical_chunks\UK_debates2024-12-05.txt_chunks\UK_debates2024-12-05_chunk_30.txt, hierarchical_chunks\UK_debates2025-05-06.txt_chunks\UK_debates2025-05-06_chunk_33.txt, hierarchical_chunks\UK_debates2025-07-08.txt_chunks\UK_debates2025-07-08_chunk_53.txt, hierarchical_chunks\UK_debates2025-07-17.txt_chunks\UK_debates2025-07-17_chunk_41.txt, hierarchical_chunks\us_2024-05-10.txt_chunks\us_2024-05-10_chunk_5.txt","[UK_debates2024-04-17.txt | UK_debates2024-04-17_chunk_10] I thank my hon. Friend for highlighting that case. I regret what has happened to the GLA candidate, which highlights some of the risks in relation to technology. That is why we have high data protection standards, but there is a range of ways in which we need to tackle this problem. We have the nati
[UK_debates2024-12-05.txt | UK_debates2024-12-05_chunk_30] In relation to my hon. Friend’s second point, it is right that the Church of England looks very carefully now at its procedures in the light of what has happened and been brought forward. In relation to the duty of candour, I have no idea why the Opposition Front Benchers were laughing about that. I
[us_2024-05-10.txt | us_2024-05-10_chunk_5] four more, giving these states a greater influence in determining the direction of our country. We need guardrails to protect our democracy, and that includes making sure that American citizens--and American citizens only--are accurately represented in their federal government. It's time to stop dil
[UK_debates2023-07-19.txt | UK_debates2023-07-19_chunk_45] I made some reference to the specific nature of the threat posed by Northern Ireland-related terrorism. It is clear that it is primarily concentrated and directed against targets in Northern Ireland. I regularly discuss with UK Government colleagues how we can ensure robust defences across the whole
[UK_debates2024-01-11.txt | UK_debates2024-01-11_chunk_31] I thank the hon. Lady for her answer. The imprints are going to be important, but we have already seen an attack on our system through cyber-attacks at the last general election. At this general election, we face the increased, insidious threat to our democracy from artificial intelligence and fake
[UK_debates2025-07-08.txt | UK_debates2025-07-08_chunk_53] I thank the Chancellor of the Duchy of Lancaster for advance sight of the statement. The world is now less stable and more insecure than at any time since the cold war. Consequently, the Government must ensure that the British people and the United Kingdom are prepared in the event that our country
[UK_debates2024-01-15.txt | UK_debates2024-01-15_chunk_28] In conclusion, the confluence of these two events over the same 24 hours serves to highlight the increasing threats we face as a country. The global environment is becoming more challenging and more unstable. It is incumbent on us to respond to those challenges with increased investment in defence,
[UK_debates2025-07-17.txt | UK_debates2025-07-17_chunk_41] I thank the hon. Gentleman for that important question. He will be aware that the defending democracy taskforce is leading the work on a range of issues—including, of course, in relation to the points that he has made. We are taking action to bear down on those issues, with a cross-Government approa
[UK_debates2025-05-06.txt | UK_debates2025-05-06_chunk_33] With permission, Mr Speaker, I will make a statement on the series of national security-related arrests that took place on  Saturday 3 May . Protecting our national security is the first duty of Government, and it is a testament to our world-leading law enforcement and intelligence services that, th
[UK_debates2024-04-17.txt | UK_debates2024-04-17_chunk_12] We are told that this is the general election year. In other countries, we already see those who want to manipulate democracy using AI to scrape together personal details, including someone’s face and voice, allowing them to falsify candidates’ views. What  the hon. Member for Harrow East (Bob Black",Error: All API keys in the pool have been exhausted.
2025-12-23 13:36:38,"How is the state’s moral responsibility towards refugees and asylum seekers described, and what are the ethical (rather than economic) arguments given for and against their absorption?",fixed_660,bm25,3,3,"uk_2023-09-12.txt, us_2023-09-12.txt, us_2023-10-20.txt","chunks_660_output\uk_2023-09-12.txt_chunks\uk_2023-09-12_chunk_3.txt, chunks_660_output\us_2023-09-12.txt_chunks\us_2023-09-12_chunk_3.txt, chunks_660_output\us_2023-10-20.txt_chunks\us_2023-10-20_chunk_1.txt","[uk_2023-09-12.txt | uk_2023-09-12_chunk_3] Mr. Speaker, it is evident that Mrs. LeBaron has dedicated her life  to the people of Sonoma County through her writing, teaching and  service. From the Congressional Record Online through the Government Publishing Office [<a href='https://www.gpo.gov'>www.gpo.gov</a>]  HONORING HAITIAN BOAT PEOPLE
[us_2023-09-12.txt | us_2023-09-12_chunk_3] The Little Haiti Cultural Center has become the mecca for the global Haitian Diaspora, a destination for arts, culture, and entertainment. And the Manno Sannon Stadium is home to the championship-winning Little Haiti Supreme Football Team. December 12, 2022, marked the 50th anniversary of the first
[us_2023-10-20.txt | us_2023-10-20_chunk_1] DEMOCRATIC SOCIALISTS ARE INDOCTRINATING YOUNG AMERICANS WITH ANTI- ISRAEL HATE IN MORAL MONSTROSITY; Congressional Record Vol. 169, No. 173    Date: 2023-10-20 Volume: 169, Issue: 173 Pages: E1002 - E1002 ================================================================================ [Extensions o",Error: All API keys in the pool have been exhausted.
2025-12-23 13:36:39,"How is the state’s moral responsibility towards refugees and asylum seekers described, and what are the ethical (rather than economic) arguments given for and against their absorption?",fixed_660,bm25,5,5,"uk_2023-09-12.txt, uk_2024-11-05.txt, uk_2025-06-26.txt, us_2023-09-12.txt, us_2023-10-20.txt","chunks_660_output\uk_2023-09-12.txt_chunks\uk_2023-09-12_chunk_3.txt, chunks_660_output\uk_2024-11-05.txt_chunks\uk_2024-11-05_chunk_9.txt, chunks_660_output\uk_2025-06-26.txt_chunks\uk_2025-06-26_chunk_2.txt, chunks_660_output\us_2023-09-12.txt_chunks\us_2023-09-12_chunk_3.txt, chunks_660_output\us_2023-10-20.txt_chunks\us_2023-10-20_chunk_1.txt","[uk_2023-09-12.txt | uk_2023-09-12_chunk_3] Mr. Speaker, it is evident that Mrs. LeBaron has dedicated her life  to the people of Sonoma County through her writing, teaching and  service. From the Congressional Record Online through the Government Publishing Office [<a href='https://www.gpo.gov'>www.gpo.gov</a>]  HONORING HAITIAN BOAT PEOPLE
[us_2023-09-12.txt | us_2023-09-12_chunk_3] The Little Haiti Cultural Center has become the mecca for the global Haitian Diaspora, a destination for arts, culture, and entertainment. And the Manno Sannon Stadium is home to the championship-winning Little Haiti Supreme Football Team. December 12, 2022, marked the 50th anniversary of the first
[us_2023-10-20.txt | us_2023-10-20_chunk_1] DEMOCRATIC SOCIALISTS ARE INDOCTRINATING YOUNG AMERICANS WITH ANTI- ISRAEL HATE IN MORAL MONSTROSITY; Congressional Record Vol. 169, No. 173    Date: 2023-10-20 Volume: 169, Issue: 173 Pages: E1002 - E1002 ================================================================================ [Extensions o
[uk_2025-06-26.txt | uk_2025-06-26_chunk_2] Mr. Speaker, I ask that you and my colleagues join me in celebrating  Ms. Alana Karam for her remarkable accomplishments and meaningful  impact on our community. From the Congressional Record Online through the Government Publishing Office [<a href='https://www.gpo.gov'>www.gpo.gov</a>]  CELEBRATING
[uk_2024-11-05.txt | uk_2024-11-05_chunk_9] These include: (1) service delivery, (2)  promoting participant protections, (3) engagement of  communities, (4) safeguarding equitable access, and (5) best  practices for data standards. Service Delivery  What is the spectrum of interdisciplinary practitioners who  will be held accountable as sessi",Error: All API keys in the pool have been exhausted.
2025-12-23 13:36:39,"How is the state’s moral responsibility towards refugees and asylum seekers described, and what are the ethical (rather than economic) arguments given for and against their absorption?",fixed_660,bm25,10,10,"uk_2023-09-12.txt, uk_2023-10-20.txt, uk_2024-04-16.txt, uk_2024-08-27.txt, uk_2024-11-05.txt, uk_2025-06-26.txt, us_2023-09-12.txt, us_2023-10-20.txt, us_2024-02-13.txt, us_2024-02-20.txt","chunks_660_output\uk_2023-09-12.txt_chunks\uk_2023-09-12_chunk_3.txt, chunks_660_output\uk_2023-10-20.txt_chunks\uk_2023-10-20_chunk_2.txt, chunks_660_output\uk_2024-04-16.txt_chunks\uk_2024-04-16_chunk_1.txt, chunks_660_output\uk_2024-08-27.txt_chunks\uk_2024-08-27_chunk_11.txt, chunks_660_output\uk_2024-11-05.txt_chunks\uk_2024-11-05_chunk_9.txt, chunks_660_output\uk_2025-06-26.txt_chunks\uk_2025-06-26_chunk_2.txt, chunks_660_output\us_2023-09-12.txt_chunks\us_2023-09-12_chunk_3.txt, chunks_660_output\us_2023-10-20.txt_chunks\us_2023-10-20_chunk_1.txt, chunks_660_output\us_2024-02-13.txt_chunks\us_2024-02-13_chunk_10.txt, chunks_660_output\us_2024-02-20.txt_chunks\us_2024-02-20_chunk_2.txt","[uk_2023-09-12.txt | uk_2023-09-12_chunk_3] Mr. Speaker, it is evident that Mrs. LeBaron has dedicated her life  to the people of Sonoma County through her writing, teaching and  service. From the Congressional Record Online through the Government Publishing Office [<a href='https://www.gpo.gov'>www.gpo.gov</a>]  HONORING HAITIAN BOAT PEOPLE
[us_2023-09-12.txt | us_2023-09-12_chunk_3] The Little Haiti Cultural Center has become the mecca for the global Haitian Diaspora, a destination for arts, culture, and entertainment. And the Manno Sannon Stadium is home to the championship-winning Little Haiti Supreme Football Team. December 12, 2022, marked the 50th anniversary of the first
[us_2023-10-20.txt | us_2023-10-20_chunk_1] DEMOCRATIC SOCIALISTS ARE INDOCTRINATING YOUNG AMERICANS WITH ANTI- ISRAEL HATE IN MORAL MONSTROSITY; Congressional Record Vol. 169, No. 173    Date: 2023-10-20 Volume: 169, Issue: 173 Pages: E1002 - E1002 ================================================================================ [Extensions o
[uk_2025-06-26.txt | uk_2025-06-26_chunk_2] Mr. Speaker, I ask that you and my colleagues join me in celebrating  Ms. Alana Karam for her remarkable accomplishments and meaningful  impact on our community. From the Congressional Record Online through the Government Publishing Office [<a href='https://www.gpo.gov'>www.gpo.gov</a>]  CELEBRATING
[uk_2024-11-05.txt | uk_2024-11-05_chunk_9] These include: (1) service delivery, (2)  promoting participant protections, (3) engagement of  communities, (4) safeguarding equitable access, and (5) best  practices for data standards. Service Delivery  What is the spectrum of interdisciplinary practitioners who  will be held accountable as sessi
[uk_2023-10-20.txt | uk_2023-10-20_chunk_2] In fact, his son, Eric, was my siblings' best friend and my  third little brother. Everywhere Andrew and Anthony went, Eric went  too. They are best friends and truly brothers. The Sewells are blessed  to have grown up with the Benns, and we remain good friends and family  for a lifetime. Mr. Benn w
[us_2024-02-20.txt | us_2024-02-20_chunk_2] Her story is an inspiration that should be read by all as a reminder that in our democracy, one person truly can make a difference. That Lady from New England Who Shamed Us All (Ralph Nader) The mass media is reluctant to recognize civic heroes unless they display physical bravely such as rushing in
[uk_2024-04-16.txt | uk_2024-04-16_chunk_1] ﻿Title: CELEBRATING EDUCATION AND SHARING DAY IN HONOR OF THE REBBE; Congressional Record Vol. 170, No. 66  From the Congressional Record Online through the Government Publishing Office [<a href='https://www.gpo.gov'>www.gpo.gov</a>]  CELEBRATING EDUCATION AND SHARING DAY IN HONOR OF THE REBBE  HON.
[us_2024-02-13.txt | us_2024-02-13_chunk_10] The two were participating in a NATO Partnership for Peace exercise at the time in Hungary. In 2012, Safarov was sent home to Azerbaijan, purportedly to serve out the remainder of his sentence. Instead, he was pardoned, promoted, and paraded through the streets of Baku as a returning hero. There is
[uk_2024-08-27.txt | uk_2024-08-27_chunk_11] I know full well that we face a hostile world with numerous  aggressive adversaries. We also know that we are now engaged in a  nuclear arms race with China and Russia. Other nations are also known  to have nuclear weapons, and others seek them. In this dangerous  environment, deterrence must consid",Error: All API keys in the pool have been exhausted.
2025-12-23 13:36:40,"How is the state’s moral responsibility towards refugees and asylum seekers described, and what are the ethical (rather than economic) arguments given for and against their absorption?",fixed_660,dense,3,3,"uk_2024-05-10.txt, uk_2024-11-05.txt, uk_2025-05-21.txt","chunks_660_output\uk_2024-05-10.txt_chunks\uk_2024-05-10_chunk_1.txt, chunks_660_output\uk_2024-11-05.txt_chunks\uk_2024-11-05_chunk_9.txt, chunks_660_output\uk_2025-05-21.txt_chunks\uk_2025-05-21_chunk_1.txt","[uk_2024-11-05.txt | uk_2024-11-05_chunk_9] These include: (1) service delivery, (2)  promoting participant protections, (3) engagement of  communities, (4) safeguarding equitable access, and (5) best  practices for data standards. Service Delivery  What is the spectrum of interdisciplinary practitioners who  will be held accountable as sessi
[uk_2024-05-10.txt | uk_2024-05-10_chunk_1] ﻿Title: BRINGING AWARENESS TO THE EQUAL REPRESENTATION ACT, ISSUES SURROUNDING THE BORDER CRISIS, ANTISEMITISM AND ENERGY COSTS; Congressional Record Vol. 170, No. 82  From the Congressional Record Online through the Government Publishing Office [<a href='https://www.gpo.gov'>www.gpo.gov</a>]  BRING
[uk_2025-05-21.txt | uk_2025-05-21_chunk_1] ﻿Title: PERSONAL EXPLANATION; Congressional Record Vol. 171, No. 86  From the Congressional Record Online through the Government Publishing Office [<a href='https://www.gpo.gov'>www.gpo.gov</a>]  PERSONAL EXPLANATION  HON. ADRIAN SMITH  Mr. SMITH of Nebraska. Mr. Speaker, I was unavoidably detained.",Error: All API keys in the pool have been exhausted.
2025-12-23 13:36:41,"How is the state’s moral responsibility towards refugees and asylum seekers described, and what are the ethical (rather than economic) arguments given for and against their absorption?",fixed_660,dense,5,5,"uk_2024-05-10.txt, uk_2024-11-05.txt, uk_2025-05-21.txt, us_2024-02-06.txt","chunks_660_output\uk_2024-05-10.txt_chunks\uk_2024-05-10_chunk_1.txt, chunks_660_output\uk_2024-05-10.txt_chunks\uk_2024-05-10_chunk_2.txt, chunks_660_output\uk_2024-11-05.txt_chunks\uk_2024-11-05_chunk_9.txt, chunks_660_output\uk_2025-05-21.txt_chunks\uk_2025-05-21_chunk_1.txt, chunks_660_output\us_2024-02-06.txt_chunks\us_2024-02-06_chunk_7.txt","[uk_2024-11-05.txt | uk_2024-11-05_chunk_9] These include: (1) service delivery, (2)  promoting participant protections, (3) engagement of  communities, (4) safeguarding equitable access, and (5) best  practices for data standards. Service Delivery  What is the spectrum of interdisciplinary practitioners who  will be held accountable as sessi
[uk_2024-05-10.txt | uk_2024-05-10_chunk_1] ﻿Title: BRINGING AWARENESS TO THE EQUAL REPRESENTATION ACT, ISSUES SURROUNDING THE BORDER CRISIS, ANTISEMITISM AND ENERGY COSTS; Congressional Record Vol. 170, No. 82  From the Congressional Record Online through the Government Publishing Office [<a href='https://www.gpo.gov'>www.gpo.gov</a>]  BRING
[uk_2025-05-21.txt | uk_2025-05-21_chunk_1] ﻿Title: PERSONAL EXPLANATION; Congressional Record Vol. 171, No. 86  From the Congressional Record Online through the Government Publishing Office [<a href='https://www.gpo.gov'>www.gpo.gov</a>]  PERSONAL EXPLANATION  HON. ADRIAN SMITH  Mr. SMITH of Nebraska. Mr. Speaker, I was unavoidably detained.
[us_2024-02-06.txt | us_2024-02-06_chunk_7] At a time when Americans are dying from fentanyl and other drug overdoses at catastrophic rates, we must do everything in our power to slow the stem of trafficking. Moreover, with surges in violent crime across our country, we need to ensure that our federal immigration authorities have the resource
[uk_2024-05-10.txt | uk_2024-05-10_chunk_2] The House has launched a probe to crack down on campus  antisemitism, and we will not stop until Jewish students feel  safe on their campuses, and until universities that fail to  do their part are held accountable. Colleges and universities need leadership with a moral  backbone to stand up against",Error: All API keys in the pool have been exhausted.
2025-12-23 13:36:42,"How is the state’s moral responsibility towards refugees and asylum seekers described, and what are the ethical (rather than economic) arguments given for and against their absorption?",fixed_660,dense,10,10,"uk_2024-05-10.txt, uk_2024-11-01.txt, uk_2024-11-05.txt, uk_2025-04-29.txt, uk_2025-05-21.txt, uk_2025-06-10.txt, uk_2025-07-25.txt, us_2024-02-06.txt, us_2024-02-07.txt","chunks_660_output\uk_2024-05-10.txt_chunks\uk_2024-05-10_chunk_1.txt, chunks_660_output\uk_2024-05-10.txt_chunks\uk_2024-05-10_chunk_2.txt, chunks_660_output\uk_2024-11-01.txt_chunks\uk_2024-11-01_chunk_2.txt, chunks_660_output\uk_2024-11-05.txt_chunks\uk_2024-11-05_chunk_9.txt, chunks_660_output\uk_2025-04-29.txt_chunks\uk_2025-04-29_chunk_5.txt, chunks_660_output\uk_2025-05-21.txt_chunks\uk_2025-05-21_chunk_1.txt, chunks_660_output\uk_2025-06-10.txt_chunks\uk_2025-06-10_chunk_4.txt, chunks_660_output\uk_2025-07-25.txt_chunks\uk_2025-07-25_chunk_1.txt, chunks_660_output\us_2024-02-06.txt_chunks\us_2024-02-06_chunk_7.txt, chunks_660_output\us_2024-02-07.txt_chunks\us_2024-02-07_chunk_7.txt","[uk_2024-11-05.txt | uk_2024-11-05_chunk_9] These include: (1) service delivery, (2)  promoting participant protections, (3) engagement of  communities, (4) safeguarding equitable access, and (5) best  practices for data standards. Service Delivery  What is the spectrum of interdisciplinary practitioners who  will be held accountable as sessi
[uk_2024-05-10.txt | uk_2024-05-10_chunk_1] ﻿Title: BRINGING AWARENESS TO THE EQUAL REPRESENTATION ACT, ISSUES SURROUNDING THE BORDER CRISIS, ANTISEMITISM AND ENERGY COSTS; Congressional Record Vol. 170, No. 82  From the Congressional Record Online through the Government Publishing Office [<a href='https://www.gpo.gov'>www.gpo.gov</a>]  BRING
[uk_2025-05-21.txt | uk_2025-05-21_chunk_1] ﻿Title: PERSONAL EXPLANATION; Congressional Record Vol. 171, No. 86  From the Congressional Record Online through the Government Publishing Office [<a href='https://www.gpo.gov'>www.gpo.gov</a>]  PERSONAL EXPLANATION  HON. ADRIAN SMITH  Mr. SMITH of Nebraska. Mr. Speaker, I was unavoidably detained.
[us_2024-02-06.txt | us_2024-02-06_chunk_7] At a time when Americans are dying from fentanyl and other drug overdoses at catastrophic rates, we must do everything in our power to slow the stem of trafficking. Moreover, with surges in violent crime across our country, we need to ensure that our federal immigration authorities have the resource
[uk_2024-05-10.txt | uk_2024-05-10_chunk_2] The House has launched a probe to crack down on campus  antisemitism, and we will not stop until Jewish students feel  safe on their campuses, and until universities that fail to  do their part are held accountable. Colleges and universities need leadership with a moral  backbone to stand up against
[us_2024-02-07.txt | us_2024-02-07_chunk_7] That is why I reintroduced legislation calling for the establishment of the first U.S. Commission on Truth, Racial Healing, and Transformation. This Commission will examine the effects of slavery, institutional racism, and discrimination against people of color, and how our history impacts laws and
[uk_2025-04-29.txt | uk_2025-04-29_chunk_5] From the Congressional Record Online through the Government Publishing Office [<a href='https://www.gpo.gov'>www.gpo.gov</a>]  PROCLAIMING THIS AND EVERY APRIL 29TH AS #ENDJEWHATRED DAY  HON. FREDERICA S. WILSON  Ms. WILSON of Florida. Mr. Speaker, I rise to include in the Record  the following Proc
[uk_2025-06-10.txt | uk_2025-06-10_chunk_4] That  is why I have requested that the Tennessee Valley Authority  (TVA) provide the risk analysis and data behind their  decision to move forward with repairs and improvements. The people of Western North Carolina deserve to know why  repairs are needed if we are going to come to an educated  opini
[uk_2025-07-25.txt | uk_2025-07-25_chunk_1] ﻿Title: CONDEMNING CHAOTIC AND HARMFUL FAILINGS OF THIS CONGRESS; Congressional Record Vol. 171, No. 128  From the Congressional Record Online through the Government Publishing Office [<a href='https://www.gpo.gov'>www.gpo.gov</a>]  CONDEMNING CHAOTIC AND HARMFUL FAILINGS OF THIS CONGRESS  HON. STEV
[uk_2024-11-01.txt | uk_2024-11-01_chunk_2] Their commitment has been  instrumental in ensuring the prosperity of countless families. The  extensive volunteer hours contributed over the years have allowed  Loaves & Fishes to scale its operations, enabling efficient and cost-  effective service at facilities such as the Frank J. Rus & Donald S",Error: All API keys in the pool have been exhausted.
2025-12-23 13:36:45,"How is the state’s moral responsibility towards refugees and asylum seekers described, and what are the ethical (rather than economic) arguments given for and against their absorption?",hierarchical,bm25,3,3,"UK_debates2023-07-03.txt, UK_debates2024-04-15.txt","hierarchical_chunks\UK_debates2023-07-03.txt_chunks\UK_debates2023-07-03_chunk_7.txt, hierarchical_chunks\UK_debates2023-07-03.txt_chunks\UK_debates2023-07-03_chunk_8.txt, hierarchical_chunks\UK_debates2024-04-15.txt_chunks\UK_debates2024-04-15_chunk_6.txt","[UK_debates2023-07-03.txt | UK_debates2023-07-03_chunk_8] The Minister clearly thinks that that is a very clever line, but he knows well that Glasgow takes more refugees per head of population than any other local authority in the United Kingdom. The line he is trotting out is simply wrong and it is insulting to all those in Scotland who have opened their
[UK_debates2024-04-15.txt | UK_debates2024-04-15_chunk_6] My hon. Friend makes an important point. Birth rates are driven by myriad social and economic factors, which I have to concede are beyond my control, but I have spoken with my right hon. Friend the Chancellor of the Exchequer about related issues and recognise that GDP per capita is an important met
[UK_debates2023-07-03.txt | UK_debates2023-07-03_chunk_7] The Government’s destruction of their own asylum system can best be described as an act of arson and their plans to fix it are utterly farcical. They have sent more Home Secretaries than asylum seekers to Rwanda. They sent the Prime Minister on a victory lap in Dover, apparently failing to notice th",Error: All API keys in the pool have been exhausted.
2025-12-23 13:36:47,"How is the state’s moral responsibility towards refugees and asylum seekers described, and what are the ethical (rather than economic) arguments given for and against their absorption?",hierarchical,bm25,5,5,"UK_debates2023-07-03.txt, UK_debates2023-09-18.txt, UK_debates2024-04-15.txt","hierarchical_chunks\UK_debates2023-07-03.txt_chunks\UK_debates2023-07-03_chunk_7.txt, hierarchical_chunks\UK_debates2023-07-03.txt_chunks\UK_debates2023-07-03_chunk_8.txt, hierarchical_chunks\UK_debates2023-09-18.txt_chunks\UK_debates2023-09-18_chunk_2.txt, hierarchical_chunks\UK_debates2024-04-15.txt_chunks\UK_debates2024-04-15_chunk_17.txt, hierarchical_chunks\UK_debates2024-04-15.txt_chunks\UK_debates2024-04-15_chunk_6.txt","[UK_debates2023-07-03.txt | UK_debates2023-07-03_chunk_8] The Minister clearly thinks that that is a very clever line, but he knows well that Glasgow takes more refugees per head of population than any other local authority in the United Kingdom. The line he is trotting out is simply wrong and it is insulting to all those in Scotland who have opened their
[UK_debates2024-04-15.txt | UK_debates2024-04-15_chunk_6] My hon. Friend makes an important point. Birth rates are driven by myriad social and economic factors, which I have to concede are beyond my control, but I have spoken with my right hon. Friend the Chancellor of the Exchequer about related issues and recognise that GDP per capita is an important met
[UK_debates2023-07-03.txt | UK_debates2023-07-03_chunk_7] The Government’s destruction of their own asylum system can best be described as an act of arson and their plans to fix it are utterly farcical. They have sent more Home Secretaries than asylum seekers to Rwanda. They sent the Prime Minister on a victory lap in Dover, apparently failing to notice th
[UK_debates2023-09-18.txt | UK_debates2023-09-18_chunk_2] The Secretary of State was asked— What steps she is taking with Cabinet colleagues to ensure an adequate standard of accommodation for refugees and asylum seekers. The asylum accommodation support contracts ensure the provision of safe, habitable, fit-for-purpose and correctly equipped accommodation
[UK_debates2024-04-15.txt | UK_debates2024-04-15_chunk_17] Gaza Families Reunited’s petition for a Palestinian family visa scheme has garnered 100,000 signatures, and I hope it will soon be debated in Parliament. Gazans are stuck in a cruel and irrational Catch-22 situation: they cannot cross the border to Egypt because they do not have visas, as they canno",Error: All API keys in the pool have been exhausted.
2025-12-23 13:36:49,"How is the state’s moral responsibility towards refugees and asylum seekers described, and what are the ethical (rather than economic) arguments given for and against their absorption?",hierarchical,bm25,10,10,"UK_debates2023-07-03.txt, UK_debates2023-07-06.txt, UK_debates2023-09-18.txt, UK_debates2024-02-22.txt, UK_debates2024-04-15.txt, UK_debates2025-03-07.txt, UK_debates2025-09-04.txt, UK_debates2025-10-29.txt","hierarchical_chunks\UK_debates2023-07-03.txt_chunks\UK_debates2023-07-03_chunk_7.txt, hierarchical_chunks\UK_debates2023-07-03.txt_chunks\UK_debates2023-07-03_chunk_8.txt, hierarchical_chunks\UK_debates2023-07-06.txt_chunks\UK_debates2023-07-06_chunk_11.txt, hierarchical_chunks\UK_debates2023-09-18.txt_chunks\UK_debates2023-09-18_chunk_2.txt, hierarchical_chunks\UK_debates2024-02-22.txt_chunks\UK_debates2024-02-22_chunk_32.txt, hierarchical_chunks\UK_debates2024-04-15.txt_chunks\UK_debates2024-04-15_chunk_17.txt, hierarchical_chunks\UK_debates2024-04-15.txt_chunks\UK_debates2024-04-15_chunk_6.txt, hierarchical_chunks\UK_debates2025-03-07.txt_chunks\UK_debates2025-03-07_chunk_9.txt, hierarchical_chunks\UK_debates2025-09-04.txt_chunks\UK_debates2025-09-04_chunk_19.txt, hierarchical_chunks\UK_debates2025-10-29.txt_chunks\UK_debates2025-10-29_chunk_18.txt","[UK_debates2023-07-03.txt | UK_debates2023-07-03_chunk_8] The Minister clearly thinks that that is a very clever line, but he knows well that Glasgow takes more refugees per head of population than any other local authority in the United Kingdom. The line he is trotting out is simply wrong and it is insulting to all those in Scotland who have opened their
[UK_debates2024-04-15.txt | UK_debates2024-04-15_chunk_6] My hon. Friend makes an important point. Birth rates are driven by myriad social and economic factors, which I have to concede are beyond my control, but I have spoken with my right hon. Friend the Chancellor of the Exchequer about related issues and recognise that GDP per capita is an important met
[UK_debates2023-07-03.txt | UK_debates2023-07-03_chunk_7] The Government’s destruction of their own asylum system can best be described as an act of arson and their plans to fix it are utterly farcical. They have sent more Home Secretaries than asylum seekers to Rwanda. They sent the Prime Minister on a victory lap in Dover, apparently failing to notice th
[UK_debates2023-09-18.txt | UK_debates2023-09-18_chunk_2] The Secretary of State was asked— What steps she is taking with Cabinet colleagues to ensure an adequate standard of accommodation for refugees and asylum seekers. The asylum accommodation support contracts ensure the provision of safe, habitable, fit-for-purpose and correctly equipped accommodation
[UK_debates2024-04-15.txt | UK_debates2024-04-15_chunk_17] Gaza Families Reunited’s petition for a Palestinian family visa scheme has garnered 100,000 signatures, and I hope it will soon be debated in Parliament. Gazans are stuck in a cruel and irrational Catch-22 situation: they cannot cross the border to Egypt because they do not have visas, as they canno
[UK_debates2025-09-04.txt | UK_debates2025-09-04_chunk_19] I welcome the Government’s steps to deter people smuggling and end the exploitation of vulnerable people. I also want to highlight the work that Wolverhampton City of Sanctuary does in my constituency to help refugees rebuild their lives. As the Home Secretary confirmed only this week, one of the Go
[UK_debates2023-07-06.txt | UK_debates2023-07-06_chunk_11] The Rwanda asylum plan was declared so poor that it threatened the rights of asylum seekers not to be tortured or subjected to inhumane treatment, and it was found incompatible with a host of international conventions. Those were the findings of the Court of Appeal, and the Supreme Court will inevit
[UK_debates2025-03-07.txt | UK_debates2025-03-07_chunk_9] Finally, the Bill calls on Government to conduct more research and further develop the evidence and guidance that is so important for future action. Given how rapidly these devices and services are developing, it is vital that parents and carers are given up-to-date advice on the harm their children
[UK_debates2025-10-29.txt | UK_debates2025-10-29_chunk_18] During the second world war, over 200 people were forced to leave their homes and give up their land in the Epynt when more than half of the community was taken for use by the Ministry of Defence. The people of the Epynt understood why that sacrifice had to be made, but now, Bute Energy and its weal
[UK_debates2024-02-22.txt | UK_debates2024-02-22_chunk_32] I am sorry to tell the hon. Gentleman that, as far as I am aware, this area is not covered by Barnett consequentials. Again, I direct him to the advice on the Church of England website, which can be seen by churches in Northern Ireland. If there are particular issues, I am happy to have a quiet conv",Error: All API keys in the pool have been exhausted.
2025-12-23 13:36:51,"How is the state’s moral responsibility towards refugees and asylum seekers described, and what are the ethical (rather than economic) arguments given for and against their absorption?",hierarchical,dense,3,3,"UK_debates2024-05-01.txt, UK_debates2025-09-01.txt, UK_debates2025-10-13.txt","hierarchical_chunks\UK_debates2024-05-01.txt_chunks\UK_debates2024-05-01_chunk_27.txt, hierarchical_chunks\UK_debates2025-09-01.txt_chunks\UK_debates2025-09-01_chunk_39.txt, hierarchical_chunks\UK_debates2025-10-13.txt_chunks\UK_debates2025-10-13_chunk_14.txt","[UK_debates2024-05-01.txt | UK_debates2024-05-01_chunk_27] I thank the Minister for advance sight of his statement, but I have to say that this really is getting quite difficult to watch. Not for the first time, the Minister has come to the Dispatch Box desperately fishing for compliments, when it is his Government, his Home Secretary and his Prime Minister
[UK_debates2025-09-01.txt | UK_debates2025-09-01_chunk_39] I thank the Home Secretary for everything that she has revealed today—it will make a difference. As we move from hotels into community distribution, how can we ensure sufficient vetting and transparency in asylum dispersal—especially for groups known to be high risk—in order to safeguard our residen
[UK_debates2025-10-13.txt | UK_debates2025-10-13_chunk_14] What information his Department holds on the proportion of people granted asylum status living in the private rented sector. My Department does not hold data on the proportion of people who have been granted asylum status living in the private rented sector in England. It is extraordinary that the M",Error: All API keys in the pool have been exhausted.
2025-12-23 13:36:53,"How is the state’s moral responsibility towards refugees and asylum seekers described, and what are the ethical (rather than economic) arguments given for and against their absorption?",hierarchical,dense,5,5,"UK_debates2023-11-27.txt, UK_debates2024-04-15.txt, UK_debates2024-05-01.txt, UK_debates2025-09-01.txt, UK_debates2025-10-13.txt","hierarchical_chunks\UK_debates2023-11-27.txt_chunks\UK_debates2023-11-27_chunk_14.txt, hierarchical_chunks\UK_debates2024-04-15.txt_chunks\UK_debates2024-04-15_chunk_6.txt, hierarchical_chunks\UK_debates2024-05-01.txt_chunks\UK_debates2024-05-01_chunk_27.txt, hierarchical_chunks\UK_debates2025-09-01.txt_chunks\UK_debates2025-09-01_chunk_39.txt, hierarchical_chunks\UK_debates2025-10-13.txt_chunks\UK_debates2025-10-13_chunk_14.txt","[UK_debates2024-05-01.txt | UK_debates2024-05-01_chunk_27] I thank the Minister for advance sight of his statement, but I have to say that this really is getting quite difficult to watch. Not for the first time, the Minister has come to the Dispatch Box desperately fishing for compliments, when it is his Government, his Home Secretary and his Prime Minister
[UK_debates2025-09-01.txt | UK_debates2025-09-01_chunk_39] I thank the Home Secretary for everything that she has revealed today—it will make a difference. As we move from hotels into community distribution, how can we ensure sufficient vetting and transparency in asylum dispersal—especially for groups known to be high risk—in order to safeguard our residen
[UK_debates2025-10-13.txt | UK_debates2025-10-13_chunk_14] What information his Department holds on the proportion of people granted asylum status living in the private rented sector. My Department does not hold data on the proportion of people who have been granted asylum status living in the private rented sector in England. It is extraordinary that the M
[UK_debates2024-04-15.txt | UK_debates2024-04-15_chunk_6] My hon. Friend makes an important point. Birth rates are driven by myriad social and economic factors, which I have to concede are beyond my control, but I have spoken with my right hon. Friend the Chancellor of the Exchequer about related issues and recognise that GDP per capita is an important met
[UK_debates2023-11-27.txt | UK_debates2023-11-27_chunk_14] The Secretary of State is well aware that under international law an asylum seeker cannot be described as an illegal immigrant. They are here legally unless and until they are found to have no valid claim to asylum after due process. Is it the policy of the Home Office and this Government to act wit",Error: All API keys in the pool have been exhausted.
2025-12-23 13:36:55,"How is the state’s moral responsibility towards refugees and asylum seekers described, and what are the ethical (rather than economic) arguments given for and against their absorption?",hierarchical,dense,10,10,"UK_debates2023-11-27.txt, UK_debates2024-04-15.txt, UK_debates2024-05-01.txt, UK_debates2024-10-22.txt, UK_debates2025-01-13.txt, UK_debates2025-05-14.txt, UK_debates2025-07-21.txt, UK_debates2025-09-01.txt, UK_debates2025-10-13.txt","hierarchical_chunks\UK_debates2023-11-27.txt_chunks\UK_debates2023-11-27_chunk_14.txt, hierarchical_chunks\UK_debates2024-04-15.txt_chunks\UK_debates2024-04-15_chunk_6.txt, hierarchical_chunks\UK_debates2024-05-01.txt_chunks\UK_debates2024-05-01_chunk_27.txt, hierarchical_chunks\UK_debates2024-05-01.txt_chunks\UK_debates2024-05-01_chunk_30.txt, hierarchical_chunks\UK_debates2024-10-22.txt_chunks\UK_debates2024-10-22_chunk_11.txt, hierarchical_chunks\UK_debates2025-01-13.txt_chunks\UK_debates2025-01-13_chunk_26.txt, hierarchical_chunks\UK_debates2025-05-14.txt_chunks\UK_debates2025-05-14_chunk_46.txt, hierarchical_chunks\UK_debates2025-07-21.txt_chunks\UK_debates2025-07-21_chunk_59.txt, hierarchical_chunks\UK_debates2025-09-01.txt_chunks\UK_debates2025-09-01_chunk_39.txt, hierarchical_chunks\UK_debates2025-10-13.txt_chunks\UK_debates2025-10-13_chunk_14.txt","[UK_debates2024-05-01.txt | UK_debates2024-05-01_chunk_27] I thank the Minister for advance sight of his statement, but I have to say that this really is getting quite difficult to watch. Not for the first time, the Minister has come to the Dispatch Box desperately fishing for compliments, when it is his Government, his Home Secretary and his Prime Minister
[UK_debates2025-09-01.txt | UK_debates2025-09-01_chunk_39] I thank the Home Secretary for everything that she has revealed today—it will make a difference. As we move from hotels into community distribution, how can we ensure sufficient vetting and transparency in asylum dispersal—especially for groups known to be high risk—in order to safeguard our residen
[UK_debates2025-10-13.txt | UK_debates2025-10-13_chunk_14] What information his Department holds on the proportion of people granted asylum status living in the private rented sector. My Department does not hold data on the proportion of people who have been granted asylum status living in the private rented sector in England. It is extraordinary that the M
[UK_debates2024-04-15.txt | UK_debates2024-04-15_chunk_6] My hon. Friend makes an important point. Birth rates are driven by myriad social and economic factors, which I have to concede are beyond my control, but I have spoken with my right hon. Friend the Chancellor of the Exchequer about related issues and recognise that GDP per capita is an important met
[UK_debates2023-11-27.txt | UK_debates2023-11-27_chunk_14] The Secretary of State is well aware that under international law an asylum seeker cannot be described as an illegal immigrant. They are here legally unless and until they are found to have no valid claim to asylum after due process. Is it the policy of the Home Office and this Government to act wit
[UK_debates2025-01-13.txt | UK_debates2025-01-13_chunk_26] Housing asylum seekers in hotels—of which there were 6,000 more cases in just the first three months of this Government—is spectacularly expensive. The Home Secretary’s policy is  to make asylum decisions quickly, so that any costs of the migrants she accepts can be hidden in the welfare system. The
[UK_debates2025-07-21.txt | UK_debates2025-07-21_chunk_59] I welcome the shadow Home Secretary’s concern about crimes linked to the asylum system—that is a concern held across the House. Why does the Minister think the Conservatives and Reform voted against the Border Security, Asylum and Immigration Bill, which allows the tagging of asylum seekers who pose
[UK_debates2024-05-01.txt | UK_debates2024-05-01_chunk_30] It is hard to know where to start with this complete and utter drivel. The Minister comes here today proud of this tawdry, pathetic, self-defeating piece of fascist nonsense—[Interruption.] The Tories—[Interruption.] They do not like it, but it is true and I will explain to them why. The Home Office
[UK_debates2025-05-14.txt | UK_debates2025-05-14_chunk_46] The situation in Gaza is clearly intolerable, and Israel has to find a way of getting aid in safely and without diversion. But does the Minister agree that we need to be very careful about the use of the word “genocide” and that we do not devalue the word? It is used to describe the systematic and d
[UK_debates2024-10-22.txt | UK_debates2024-10-22_chunk_11] I thank the Minister for that response. Legal immigration is very important, and people should have that opportunity if they have been persecuted or there are human rights issues, but   economic migrants have to be stopped in their countries. France also has a very clear part to play, and we sometim",Error: All API keys in the pool have been exhausted.
2025-12-23 13:36:56,"In what ways did speakers link investment in education to reducing future crime, and was there consensus on this issue?",fixed_660,bm25,3,3,"uk_2023-07-18.txt, us_2023-11-30.txt, us_2024-02-15.txt","chunks_660_output\uk_2023-07-18.txt_chunks\uk_2023-07-18_chunk_7.txt, chunks_660_output\us_2023-11-30.txt_chunks\us_2023-11-30_chunk_5.txt, chunks_660_output\us_2024-02-15.txt_chunks\us_2024-02-15_chunk_7.txt","[us_2024-02-15.txt | us_2024-02-15_chunk_7] Throughout his life Chaplain Grant worked tirelessly in his service to others. He filled his time working to help those in need and to make his community a better place. This is seen in the countless hours he spent serving the members of his community although he did more than just serve. Rather, ch
[uk_2023-07-18.txt | uk_2023-07-18_chunk_7] The Jackson Lee Amendment No. 1051 would have ensured that the  legacies of Black American servicemembers are duly recognized and  honored. The Jackson Lee Amendment No. 1104 requires a report to be submitted  to Congress within 240 days of NDAA enactment on the risks posed by  debris in low Earth o
[us_2023-11-30.txt | us_2023-11-30_chunk_5] I ask my colleagues to join me in celebrating and commemorating Jordan Morris Brandman's great career and contributions to our community. ____________________ MARIELLE LINK; Congressional Record Vol. 169, No. 197    Date: 2023-11-30 Volume: 169, Issue: 197 Pages: E1147 - E1147 ======================",Error: All API keys in the pool have been exhausted.
2025-12-23 13:36:57,"In what ways did speakers link investment in education to reducing future crime, and was there consensus on this issue?",fixed_660,bm25,5,5,"uk_2023-07-12.txt, uk_2023-07-18.txt, uk_2024-02-15.txt, us_2023-11-30.txt, us_2024-02-15.txt","chunks_660_output\uk_2023-07-12.txt_chunks\uk_2023-07-12_chunk_6.txt, chunks_660_output\uk_2023-07-18.txt_chunks\uk_2023-07-18_chunk_7.txt, chunks_660_output\uk_2024-02-15.txt_chunks\uk_2024-02-15_chunk_3.txt, chunks_660_output\us_2023-11-30.txt_chunks\us_2023-11-30_chunk_5.txt, chunks_660_output\us_2024-02-15.txt_chunks\us_2024-02-15_chunk_7.txt","[us_2024-02-15.txt | us_2024-02-15_chunk_7] Throughout his life Chaplain Grant worked tirelessly in his service to others. He filled his time working to help those in need and to make his community a better place. This is seen in the countless hours he spent serving the members of his community although he did more than just serve. Rather, ch
[uk_2023-07-18.txt | uk_2023-07-18_chunk_7] The Jackson Lee Amendment No. 1051 would have ensured that the  legacies of Black American servicemembers are duly recognized and  honored. The Jackson Lee Amendment No. 1104 requires a report to be submitted  to Congress within 240 days of NDAA enactment on the risks posed by  debris in low Earth o
[us_2023-11-30.txt | us_2023-11-30_chunk_5] I ask my colleagues to join me in celebrating and commemorating Jordan Morris Brandman's great career and contributions to our community. ____________________ MARIELLE LINK; Congressional Record Vol. 169, No. 197    Date: 2023-11-30 Volume: 169, Issue: 197 Pages: E1147 - E1147 ======================
[uk_2024-02-15.txt | uk_2024-02-15_chunk_3] 49. From the Congressional Record Online through the Government Publishing Office [<a href='https://www.gpo.gov'>www.gpo.gov</a>]  RECOGNIZING GARRETT, INDIANA'S FFA CHAPTER  HON. JIM BANKS  Mr. BANKS. Mr. Speaker, I rise today to recognize Garrett, Indiana's  FFA Chapter as they celebrate 90 years
[uk_2023-07-12.txt | uk_2023-07-12_chunk_6] Educational researcher Tom Loveless (retired from  the Brookings lnstitution) says: ``The previous framework was  very clear that math fluency involves speed and accuracy. The  proposed framework rejects speed as being even part of  fluency, and that's a problem.'' The newly revised framework delays",Error: All API keys in the pool have been exhausted.
2025-12-23 13:36:58,"In what ways did speakers link investment in education to reducing future crime, and was there consensus on this issue?",fixed_660,bm25,10,10,"uk_2023-07-12.txt, uk_2023-07-18.txt, uk_2023-09-20.txt, uk_2024-02-15.txt, uk_2024-03-08.txt, us_2023-07-12.txt, us_2023-07-18.txt, us_2023-11-30.txt, us_2024-02-15.txt","chunks_660_output\uk_2023-07-12.txt_chunks\uk_2023-07-12_chunk_6.txt, chunks_660_output\uk_2023-07-18.txt_chunks\uk_2023-07-18_chunk_7.txt, chunks_660_output\uk_2023-09-20.txt_chunks\uk_2023-09-20_chunk_1.txt, chunks_660_output\uk_2024-02-15.txt_chunks\uk_2024-02-15_chunk_3.txt, chunks_660_output\uk_2024-03-08.txt_chunks\uk_2024-03-08_chunk_3.txt, chunks_660_output\us_2023-07-12.txt_chunks\us_2023-07-12_chunk_6.txt, chunks_660_output\us_2023-07-18.txt_chunks\us_2023-07-18_chunk_8.txt, chunks_660_output\us_2023-11-30.txt_chunks\us_2023-11-30_chunk_5.txt, chunks_660_output\us_2024-02-15.txt_chunks\us_2024-02-15_chunk_3.txt, chunks_660_output\us_2024-02-15.txt_chunks\us_2024-02-15_chunk_7.txt","[us_2024-02-15.txt | us_2024-02-15_chunk_7] Throughout his life Chaplain Grant worked tirelessly in his service to others. He filled his time working to help those in need and to make his community a better place. This is seen in the countless hours he spent serving the members of his community although he did more than just serve. Rather, ch
[uk_2023-07-18.txt | uk_2023-07-18_chunk_7] The Jackson Lee Amendment No. 1051 would have ensured that the  legacies of Black American servicemembers are duly recognized and  honored. The Jackson Lee Amendment No. 1104 requires a report to be submitted  to Congress within 240 days of NDAA enactment on the risks posed by  debris in low Earth o
[us_2023-11-30.txt | us_2023-11-30_chunk_5] I ask my colleagues to join me in celebrating and commemorating Jordan Morris Brandman's great career and contributions to our community. ____________________ MARIELLE LINK; Congressional Record Vol. 169, No. 197    Date: 2023-11-30 Volume: 169, Issue: 197 Pages: E1147 - E1147 ======================
[uk_2024-02-15.txt | uk_2024-02-15_chunk_3] 49. From the Congressional Record Online through the Government Publishing Office [<a href='https://www.gpo.gov'>www.gpo.gov</a>]  RECOGNIZING GARRETT, INDIANA'S FFA CHAPTER  HON. JIM BANKS  Mr. BANKS. Mr. Speaker, I rise today to recognize Garrett, Indiana's  FFA Chapter as they celebrate 90 years
[uk_2023-07-12.txt | uk_2023-07-12_chunk_6] Educational researcher Tom Loveless (retired from  the Brookings lnstitution) says: ``The previous framework was  very clear that math fluency involves speed and accuracy. The  proposed framework rejects speed as being even part of  fluency, and that's a problem.'' The newly revised framework delays
[us_2023-07-12.txt | us_2023-07-12_chunk_6] This delay will spill over into subsequent math learning, and Loveless believes that many students will be unprepared for Algebra I even by ninth grade. As I have written before (with my co-author, the late Ze'ev Wurman): The framework promotes only the progressive-education approach to teaching mat
[us_2024-02-15.txt | us_2024-02-15_chunk_3] The Garrett Chapter of the FFA is an excellent example of this service on display. The students spend many of their days in Northeast Indiana giving back, showing up to community events, and advocating for farmers at every level of government. The Garrett FFA Chapter has experienced nine decades of
[uk_2024-03-08.txt | uk_2024-03-08_chunk_3] Now, most here assembled know Ray was the master of the  power nap. From which virtually in any environment he could  fall into a deep sleep, and awake and rally. Danny Delmastro, of course, cites the best example of his  capability at the annual Aero Med Christmas Party, when about  three-quarters
[us_2023-07-18.txt | us_2023-07-18_chunk_8] I offered this amendment to help entrants into military academies find the right career fit for their military service after graduation. I learned about the issue of stuttering and its implications for a successful military career through the experiences of a Legislative Fellow who once served in my
[uk_2023-09-20.txt | uk_2023-09-20_chunk_1] ﻿Title: HONORING CINNAIRE FOR 30 YEARS OF SERVICE; Congressional Record Vol. 169, No. 152  From the Congressional Record Online through the Government Publishing Office [<a href='https://www.gpo.gov'>www.gpo.gov</a>]  HONORING CINNAIRE FOR 30 YEARS OF SERVICE  HON. ELISSA SLOTKIN  Ms. SLOTKIN. Mr. S",Error: All API keys in the pool have been exhausted.
2025-12-23 13:36:59,"In what ways did speakers link investment in education to reducing future crime, and was there consensus on this issue?",fixed_660,dense,3,3,"uk_2024-04-20.txt, uk_2024-09-27.txt, us_2024-04-20.txt","chunks_660_output\uk_2024-04-20.txt_chunks\uk_2024-04-20_chunk_3.txt, chunks_660_output\uk_2024-09-27.txt_chunks\uk_2024-09-27_chunk_13.txt, chunks_660_output\us_2024-04-20.txt_chunks\us_2024-04-20_chunk_2.txt","[uk_2024-09-27.txt | uk_2024-09-27_chunk_13] Through partnerships with the San Diego District  Attorney's office, he developed county-wide school safety protocols and  training to prevent human trafficking. Additionally, he spearheaded  initiatives to support foster, homeless, and adjudicated youth,  including the creation of innovative progra
[us_2024-04-20.txt | us_2024-04-20_chunk_2] The REAL (Restoring Education and Learning) Act restored Pell grant eligibility to the incarcerated. According to the Vera Institute study, states can save an average of $7.6 million in incarceration costs each year for which people in prison have access to Pell Grants. The FAFSA act removed the pro
[uk_2024-04-20.txt | uk_2024-04-20_chunk_3] Just this week, I joined with colleagues from both sides of  the aisle and in both chambers to reintroduce the Second Chance  Reauthorization Act to keep these programs running. Research demonstrates that postsecondary correctional education is  greatly needed, has tremendous effectiveness, increase",Error: All API keys in the pool have been exhausted.
2025-12-23 13:37:00,"In what ways did speakers link investment in education to reducing future crime, and was there consensus on this issue?",fixed_660,dense,5,5,"uk_2024-04-20.txt, uk_2024-09-27.txt, us_2023-07-14.txt, us_2023-07-26.txt, us_2024-04-20.txt","chunks_660_output\uk_2024-04-20.txt_chunks\uk_2024-04-20_chunk_3.txt, chunks_660_output\uk_2024-09-27.txt_chunks\uk_2024-09-27_chunk_13.txt, chunks_660_output\us_2023-07-14.txt_chunks\us_2023-07-14_chunk_2.txt, chunks_660_output\us_2023-07-26.txt_chunks\us_2023-07-26_chunk_3.txt, chunks_660_output\us_2024-04-20.txt_chunks\us_2024-04-20_chunk_2.txt","[uk_2024-09-27.txt | uk_2024-09-27_chunk_13] Through partnerships with the San Diego District  Attorney's office, he developed county-wide school safety protocols and  training to prevent human trafficking. Additionally, he spearheaded  initiatives to support foster, homeless, and adjudicated youth,  including the creation of innovative progra
[us_2024-04-20.txt | us_2024-04-20_chunk_2] The REAL (Restoring Education and Learning) Act restored Pell grant eligibility to the incarcerated. According to the Vera Institute study, states can save an average of $7.6 million in incarceration costs each year for which people in prison have access to Pell Grants. The FAFSA act removed the pro
[uk_2024-04-20.txt | uk_2024-04-20_chunk_3] Just this week, I joined with colleagues from both sides of  the aisle and in both chambers to reintroduce the Second Chance  Reauthorization Act to keep these programs running. Research demonstrates that postsecondary correctional education is  greatly needed, has tremendous effectiveness, increase
[us_2023-07-14.txt | us_2023-07-14_chunk_2] Mr. Speaker, I rise today to honor and recognize the National Association of Blacks in Criminal Justice (NABCJ) on their 50th Anniversary. The mission of the National Association of Blacks in Criminal Justice is to act upon the needs, concerns, and contributions of African Americans and other people
[us_2023-07-26.txt | us_2023-07-26_chunk_3] She immediately got to work developing ideas to help students in dual-enrollment programs, drafting legislation in various areas of education, and assisting in the introduction of the LOAN and American Teacher Acts. Her dedication has been powerful as we have fought for the minds of underserved and",Error: All API keys in the pool have been exhausted.
2025-12-23 13:37:02,"In what ways did speakers link investment in education to reducing future crime, and was there consensus on this issue?",fixed_660,dense,10,10,"uk_2023-07-26.txt, uk_2024-04-20.txt, uk_2024-09-27.txt, uk_2025-05-06.txt, us_2023-07-14.txt, us_2023-07-26.txt, us_2024-02-07.txt, us_2024-02-20.txt, us_2024-03-12.txt, us_2024-04-20.txt","chunks_660_output\uk_2023-07-26.txt_chunks\uk_2023-07-26_chunk_3.txt, chunks_660_output\uk_2024-04-20.txt_chunks\uk_2024-04-20_chunk_3.txt, chunks_660_output\uk_2024-09-27.txt_chunks\uk_2024-09-27_chunk_13.txt, chunks_660_output\uk_2025-05-06.txt_chunks\uk_2025-05-06_chunk_6.txt, chunks_660_output\us_2023-07-14.txt_chunks\us_2023-07-14_chunk_2.txt, chunks_660_output\us_2023-07-26.txt_chunks\us_2023-07-26_chunk_3.txt, chunks_660_output\us_2024-02-07.txt_chunks\us_2024-02-07_chunk_7.txt, chunks_660_output\us_2024-02-20.txt_chunks\us_2024-02-20_chunk_8.txt, chunks_660_output\us_2024-03-12.txt_chunks\us_2024-03-12_chunk_2.txt, chunks_660_output\us_2024-04-20.txt_chunks\us_2024-04-20_chunk_2.txt","[uk_2024-09-27.txt | uk_2024-09-27_chunk_13] Through partnerships with the San Diego District  Attorney's office, he developed county-wide school safety protocols and  training to prevent human trafficking. Additionally, he spearheaded  initiatives to support foster, homeless, and adjudicated youth,  including the creation of innovative progra
[us_2024-04-20.txt | us_2024-04-20_chunk_2] The REAL (Restoring Education and Learning) Act restored Pell grant eligibility to the incarcerated. According to the Vera Institute study, states can save an average of $7.6 million in incarceration costs each year for which people in prison have access to Pell Grants. The FAFSA act removed the pro
[uk_2024-04-20.txt | uk_2024-04-20_chunk_3] Just this week, I joined with colleagues from both sides of  the aisle and in both chambers to reintroduce the Second Chance  Reauthorization Act to keep these programs running. Research demonstrates that postsecondary correctional education is  greatly needed, has tremendous effectiveness, increase
[us_2023-07-14.txt | us_2023-07-14_chunk_2] Mr. Speaker, I rise today to honor and recognize the National Association of Blacks in Criminal Justice (NABCJ) on their 50th Anniversary. The mission of the National Association of Blacks in Criminal Justice is to act upon the needs, concerns, and contributions of African Americans and other people
[us_2023-07-26.txt | us_2023-07-26_chunk_3] She immediately got to work developing ideas to help students in dual-enrollment programs, drafting legislation in various areas of education, and assisting in the introduction of the LOAN and American Teacher Acts. Her dedication has been powerful as we have fought for the minds of underserved and
[us_2024-02-20.txt | us_2024-02-20_chunk_8] A devoted husband and Christian, Keith embodied 1 Corinthians 16:13-14 in every way that he lived his life, especially in the public square as a legislator: ``Be on your guard; stand firm in the faith, be courageous; be strong. Do everything in love.'' Education remains one of the most important pil
[uk_2023-07-26.txt | uk_2023-07-26_chunk_3] She immediately got to work developing ideas to help students  in dual-enrollment programs, drafting legislation in various areas of  education, and assisting in the introduction of the LOAN and American  Teacher Acts. Her dedication has been powerful as we have fought for the minds of  underserved
[us_2024-02-07.txt | us_2024-02-07_chunk_7] That is why I reintroduced legislation calling for the establishment of the first U.S. Commission on Truth, Racial Healing, and Transformation. This Commission will examine the effects of slavery, institutional racism, and discrimination against people of color, and how our history impacts laws and
[us_2024-03-12.txt | us_2024-03-12_chunk_2] Each grade wrote and illustrated a book documenting their recent visit to the National Mall right here in the heart of our Nation's capital. I thank their librarian Melaney Sanchez, Mt. Harmony PTA Treasurer Jennifer Franco, National Mall Education Specialist Ranger Jen Epstein, and everyone else wh
[uk_2025-05-06.txt | uk_2025-05-06_chunk_6] It is an honor to bestow Walter with the Patriot Award for his  exceptional service to the people of North Texas. From the Congressional Record Online through the Government Publishing Office [<a href='https://www.gpo.gov'>www.gpo.gov</a>]  RECOGNIZING SUE ABDERHOLDEN FOR HER WORK ON BEHALF OF THOSE",Error: All API keys in the pool have been exhausted.
2025-12-23 13:37:04,"In what ways did speakers link investment in education to reducing future crime, and was there consensus on this issue?",hierarchical,bm25,3,3,"UK_debates2023-09-14.txt, UK_debates2024-10-15.txt, UK_debates2025-10-16.txt","hierarchical_chunks\UK_debates2023-09-14.txt_chunks\UK_debates2023-09-14_chunk_9.txt, hierarchical_chunks\UK_debates2024-10-15.txt_chunks\UK_debates2024-10-15_chunk_8.txt, hierarchical_chunks\UK_debates2025-10-16.txt_chunks\UK_debates2025-10-16_chunk_10.txt","[UK_debates2024-10-15.txt | UK_debates2024-10-15_chunk_8] The Labour manifesto spoke of the need for a consensus on social care, and the Secretary of State has said that he wants to reach out across the political divide—although the message does not seem quite to have reached the Minister yet. During Health and Social Care questions in July, the Minister s
[UK_debates2025-10-16.txt | UK_debates2025-10-16_chunk_10] I am grateful to my hon. Friend for all her work. In our youth strategy, we will set out the next steps to invest in the future of our young people. We want to better co-ordinate youth services and move away from a one-size-fits-all approach from central Government. In short, we want to put power ba
[UK_debates2023-09-14.txt | UK_debates2023-09-14_chunk_9] Thank you, Mr Speaker. Business investment is lower in the UK than in any other G7 country and we rank 27th out of 30 OECD countries, ahead of only Poland, Luxembourg and Greece. More than half a trillion pounds-worth of  under-investment by Government and business has left our economy trapped in a",Error: All API keys in the pool have been exhausted.
2025-12-23 13:37:06,"In what ways did speakers link investment in education to reducing future crime, and was there consensus on this issue?",hierarchical,bm25,5,5,"UK_debates2023-09-14.txt, UK_debates2024-01-29.txt, UK_debates2024-02-20.txt, UK_debates2024-10-15.txt, UK_debates2025-10-16.txt","hierarchical_chunks\UK_debates2023-09-14.txt_chunks\UK_debates2023-09-14_chunk_9.txt, hierarchical_chunks\UK_debates2024-01-29.txt_chunks\UK_debates2024-01-29_chunk_3.txt, hierarchical_chunks\UK_debates2024-02-20.txt_chunks\UK_debates2024-02-20_chunk_16.txt, hierarchical_chunks\UK_debates2024-10-15.txt_chunks\UK_debates2024-10-15_chunk_8.txt, hierarchical_chunks\UK_debates2025-10-16.txt_chunks\UK_debates2025-10-16_chunk_10.txt","[UK_debates2024-10-15.txt | UK_debates2024-10-15_chunk_8] The Labour manifesto spoke of the need for a consensus on social care, and the Secretary of State has said that he wants to reach out across the political divide—although the message does not seem quite to have reached the Minister yet. During Health and Social Care questions in July, the Minister s
[UK_debates2025-10-16.txt | UK_debates2025-10-16_chunk_10] I am grateful to my hon. Friend for all her work. In our youth strategy, we will set out the next steps to invest in the future of our young people. We want to better co-ordinate youth services and move away from a one-size-fits-all approach from central Government. In short, we want to put power ba
[UK_debates2023-09-14.txt | UK_debates2023-09-14_chunk_9] Thank you, Mr Speaker. Business investment is lower in the UK than in any other G7 country and we rank 27th out of 30 OECD countries, ahead of only Poland, Luxembourg and Greece. More than half a trillion pounds-worth of  under-investment by Government and business has left our economy trapped in a
[UK_debates2024-01-29.txt | UK_debates2024-01-29_chunk_3] As I said in answer to the earlier question, there is a golden thread of high-quality teacher training reforms. We will be looking at a revised framework and working with providers so that they can ensure that the contracts deliver the very best support for teachers. What will be vital, and somethin
[UK_debates2024-02-20.txt | UK_debates2024-02-20_chunk_16] I welcome the Minister’s acknow-ledgement that more education in prisons means cutting the reoffending rate and that clear link to crime. I welcome the national regime model and will be interested to see how it plays out, because I have seen chronic staff shortages and sickness absence, in particula",Error: All API keys in the pool have been exhausted.
2025-12-23 13:37:09,"In what ways did speakers link investment in education to reducing future crime, and was there consensus on this issue?",hierarchical,bm25,10,10,"UK_debates2023-09-14.txt, UK_debates2024-01-29.txt, UK_debates2024-02-20.txt, UK_debates2024-10-15.txt, UK_debates2024-12-19.txt, UK_debates2025-04-23.txt, UK_debates2025-06-02.txt, UK_debates2025-10-16.txt, UK_debates2025-10-29.txt, us_2025-04-02.txt","hierarchical_chunks\UK_debates2023-09-14.txt_chunks\UK_debates2023-09-14_chunk_9.txt, hierarchical_chunks\UK_debates2024-01-29.txt_chunks\UK_debates2024-01-29_chunk_3.txt, hierarchical_chunks\UK_debates2024-02-20.txt_chunks\UK_debates2024-02-20_chunk_16.txt, hierarchical_chunks\UK_debates2024-10-15.txt_chunks\UK_debates2024-10-15_chunk_8.txt, hierarchical_chunks\UK_debates2024-12-19.txt_chunks\UK_debates2024-12-19_chunk_31.txt, hierarchical_chunks\UK_debates2025-04-23.txt_chunks\UK_debates2025-04-23_chunk_10.txt, hierarchical_chunks\UK_debates2025-06-02.txt_chunks\UK_debates2025-06-02_chunk_19.txt, hierarchical_chunks\UK_debates2025-10-16.txt_chunks\UK_debates2025-10-16_chunk_10.txt, hierarchical_chunks\UK_debates2025-10-29.txt_chunks\UK_debates2025-10-29_chunk_40.txt, hierarchical_chunks\us_2025-04-02.txt_chunks\us_2025-04-02_chunk_23.txt","[UK_debates2024-10-15.txt | UK_debates2024-10-15_chunk_8] The Labour manifesto spoke of the need for a consensus on social care, and the Secretary of State has said that he wants to reach out across the political divide—although the message does not seem quite to have reached the Minister yet. During Health and Social Care questions in July, the Minister s
[UK_debates2025-10-16.txt | UK_debates2025-10-16_chunk_10] I am grateful to my hon. Friend for all her work. In our youth strategy, we will set out the next steps to invest in the future of our young people. We want to better co-ordinate youth services and move away from a one-size-fits-all approach from central Government. In short, we want to put power ba
[UK_debates2023-09-14.txt | UK_debates2023-09-14_chunk_9] Thank you, Mr Speaker. Business investment is lower in the UK than in any other G7 country and we rank 27th out of 30 OECD countries, ahead of only Poland, Luxembourg and Greece. More than half a trillion pounds-worth of  under-investment by Government and business has left our economy trapped in a
[UK_debates2024-01-29.txt | UK_debates2024-01-29_chunk_3] As I said in answer to the earlier question, there is a golden thread of high-quality teacher training reforms. We will be looking at a revised framework and working with providers so that they can ensure that the contracts deliver the very best support for teachers. What will be vital, and somethin
[UK_debates2024-02-20.txt | UK_debates2024-02-20_chunk_16] I welcome the Minister’s acknow-ledgement that more education in prisons means cutting the reoffending rate and that clear link to crime. I welcome the national regime model and will be interested to see how it plays out, because I have seen chronic staff shortages and sickness absence, in particula
[us_2025-04-02.txt | us_2025-04-02_chunk_23] Committee on Health, Education, Labor, and Pensions Business meeting to consider S. 558, to provide for the consideration of a definition of antisemitism set forth by the International Holocaust Remembrance Alliance for the enforcement of Federal antidiscrimination laws concerning education programs
[UK_debates2025-10-29.txt | UK_debates2025-10-29_chunk_40] I recently had the privilege of visiting Fitzwaryn school, the only special school in my Oxfordshire constituency, to see the excellent care and education it provides. Given the urgent need for more funding for additional special schools and to enable special schools   to spread their expertise to m
[UK_debates2024-12-19.txt | UK_debates2024-12-19_chunk_31] Merry Christmas, Mr Speaker. I have had reports of people carrying machetes in Livingstone Walk, an area in Grovehill, Hemel Hempstead, with the Dacorum local crime unit investigating one incident of alleged robbery at knifepoint. Knife crime is not our only issue in Hemel; we have the highest rate
[UK_debates2025-06-02.txt | UK_debates2025-06-02_chunk_19] Can I pass on my thanks, through my hon. Friend, to the team who are doing such good work in his community? We are certainly keen to know more about that, because he is right about local work preventing young people from being drawn into knife crime. That is why we are setting up the Young Futures p
[UK_debates2025-04-23.txt | UK_debates2025-04-23_chunk_10] I associate myself with the Secretary of State’s comments about the death of Pope Francis. In a rare consensus, I agree with much of what has been said by both the Secretary of State and the shadow Secretary of State. Many universities are extremely concerned about the funding situation. Many of my",Error: All API keys in the pool have been exhausted.
2025-12-23 13:37:11,"In what ways did speakers link investment in education to reducing future crime, and was there consensus on this issue?",hierarchical,dense,3,3,"UK_debates2024-10-21.txt, UK_debates2024-11-04.txt, UK_debates2024-11-21.txt","hierarchical_chunks\UK_debates2024-10-21.txt_chunks\UK_debates2024-10-21_chunk_22.txt, hierarchical_chunks\UK_debates2024-11-04.txt_chunks\UK_debates2024-11-04_chunk_12.txt, hierarchical_chunks\UK_debates2024-11-21.txt_chunks\UK_debates2024-11-21_chunk_2.txt","[UK_debates2024-11-04.txt | UK_debates2024-11-04_chunk_12] I thank my hon. Friend for raising such an important topic and highlighting the good work of the Greater Manchester violence reduction unit. As well as the work on the RSHE curriculum, the Government will create a new young futures programme, intervening early to stop young people being drawn into c
[UK_debates2024-11-21.txt | UK_debates2024-11-21_chunk_2] I thank all Members who have taken part in the debate. We have certainly had a very thoughtful array of contributions. In particular, my hon. Friend the Member for Bishop Auckland, who opened the discussion today, was man enough and brave enough to open up about his own issues and how he shared thos
[UK_debates2024-10-21.txt | UK_debates2024-10-21_chunk_22] I thank the Home Secretary for that reply on knife crime. I welcome the Government’s commitment in the Young Futures programme to preventing young people from being drawn into crime. A number of gang-associated girls are drawn into crime, and although rape and sexual exploitation is such a traumatis",Error: All API keys in the pool have been exhausted.
2025-12-23 13:37:13,"In what ways did speakers link investment in education to reducing future crime, and was there consensus on this issue?",hierarchical,dense,5,5,"UK_debates2024-10-21.txt, UK_debates2024-11-04.txt, UK_debates2024-11-21.txt, UK_debates2025-06-02.txt","hierarchical_chunks\UK_debates2024-10-21.txt_chunks\UK_debates2024-10-21_chunk_10.txt, hierarchical_chunks\UK_debates2024-10-21.txt_chunks\UK_debates2024-10-21_chunk_22.txt, hierarchical_chunks\UK_debates2024-11-04.txt_chunks\UK_debates2024-11-04_chunk_12.txt, hierarchical_chunks\UK_debates2024-11-21.txt_chunks\UK_debates2024-11-21_chunk_2.txt, hierarchical_chunks\UK_debates2025-06-02.txt_chunks\UK_debates2025-06-02_chunk_18.txt","[UK_debates2024-11-04.txt | UK_debates2024-11-04_chunk_12] I thank my hon. Friend for raising such an important topic and highlighting the good work of the Greater Manchester violence reduction unit. As well as the work on the RSHE curriculum, the Government will create a new young futures programme, intervening early to stop young people being drawn into c
[UK_debates2024-11-21.txt | UK_debates2024-11-21_chunk_2] I thank all Members who have taken part in the debate. We have certainly had a very thoughtful array of contributions. In particular, my hon. Friend the Member for Bishop Auckland, who opened the discussion today, was man enough and brave enough to open up about his own issues and how he shared thos
[UK_debates2024-10-21.txt | UK_debates2024-10-21_chunk_22] I thank the Home Secretary for that reply on knife crime. I welcome the Government’s commitment in the Young Futures programme to preventing young people from being drawn into crime. A number of gang-associated girls are drawn into crime, and although rape and sexual exploitation is such a traumatis
[UK_debates2025-06-02.txt | UK_debates2025-06-02_chunk_18] I thank the Secretary of State for her answer, and for the seriousness with which this Government are tackling the scourge of knife crime in constituencies like mine. In Redditch, the anti-knife-crime campaigner Pete Martin is making a real difference by educating young people in schools about the d
[UK_debates2024-10-21.txt | UK_debates2024-10-21_chunk_10] I welcome the points the hon. Member makes. To tackle shoplifting, we need to ensure that strong enough laws and policing partnerships are in place, and that we do prevention and follow-up work with young people. As she may know, we are setting up a new Young Futures programme, which is all about th",Error: All API keys in the pool have been exhausted.
2025-12-23 13:37:16,"In what ways did speakers link investment in education to reducing future crime, and was there consensus on this issue?",hierarchical,dense,10,10,"UK_debates2023-07-05.txt, UK_debates2023-09-06.txt, UK_debates2024-04-29.txt, UK_debates2024-10-21.txt, UK_debates2024-11-04.txt, UK_debates2024-11-21.txt, UK_debates2025-06-02.txt, UK_debates2025-07-21.txt, UK_debates2025-09-09.txt","hierarchical_chunks\UK_debates2023-07-05.txt_chunks\UK_debates2023-07-05_chunk_1.txt, hierarchical_chunks\UK_debates2023-09-06.txt_chunks\UK_debates2023-09-06_chunk_30.txt, hierarchical_chunks\UK_debates2024-04-29.txt_chunks\UK_debates2024-04-29_chunk_9.txt, hierarchical_chunks\UK_debates2024-10-21.txt_chunks\UK_debates2024-10-21_chunk_10.txt, hierarchical_chunks\UK_debates2024-10-21.txt_chunks\UK_debates2024-10-21_chunk_22.txt, hierarchical_chunks\UK_debates2024-11-04.txt_chunks\UK_debates2024-11-04_chunk_12.txt, hierarchical_chunks\UK_debates2024-11-21.txt_chunks\UK_debates2024-11-21_chunk_2.txt, hierarchical_chunks\UK_debates2025-06-02.txt_chunks\UK_debates2025-06-02_chunk_18.txt, hierarchical_chunks\UK_debates2025-07-21.txt_chunks\UK_debates2025-07-21_chunk_42.txt, hierarchical_chunks\UK_debates2025-09-09.txt_chunks\UK_debates2025-09-09_chunk_23.txt","[UK_debates2024-11-04.txt | UK_debates2024-11-04_chunk_12] I thank my hon. Friend for raising such an important topic and highlighting the good work of the Greater Manchester violence reduction unit. As well as the work on the RSHE curriculum, the Government will create a new young futures programme, intervening early to stop young people being drawn into c
[UK_debates2024-11-21.txt | UK_debates2024-11-21_chunk_2] I thank all Members who have taken part in the debate. We have certainly had a very thoughtful array of contributions. In particular, my hon. Friend the Member for Bishop Auckland, who opened the discussion today, was man enough and brave enough to open up about his own issues and how he shared thos
[UK_debates2024-10-21.txt | UK_debates2024-10-21_chunk_22] I thank the Home Secretary for that reply on knife crime. I welcome the Government’s commitment in the Young Futures programme to preventing young people from being drawn into crime. A number of gang-associated girls are drawn into crime, and although rape and sexual exploitation is such a traumatis
[UK_debates2025-06-02.txt | UK_debates2025-06-02_chunk_18] I thank the Secretary of State for her answer, and for the seriousness with which this Government are tackling the scourge of knife crime in constituencies like mine. In Redditch, the anti-knife-crime campaigner Pete Martin is making a real difference by educating young people in schools about the d
[UK_debates2024-10-21.txt | UK_debates2024-10-21_chunk_10] I welcome the points the hon. Member makes. To tackle shoplifting, we need to ensure that strong enough laws and policing partnerships are in place, and that we do prevention and follow-up work with young people. As she may know, we are setting up a new Young Futures programme, which is all about th
[UK_debates2025-07-21.txt | UK_debates2025-07-21_chunk_42] I thank my hon. Friend for our meeting last week. As I explained to him then, the Department for Education publishes the protective security and preparedness guidance, which sets out how schools should respond to bomb threats and how to embed a security culture. Action Counters Terrorism for Educati
[UK_debates2023-07-05.txt | UK_debates2023-07-05_chunk_1] I am pleased to respond to the debate. When my hon. Friend  the Member for Worcester (Mr Walker) , the former Schools Minister and now the Chair of the Education Committee, said that he had applied for the debate, I welcomed it because I wanted a good debate on further education. Despite the kind wo
[UK_debates2023-09-06.txt | UK_debates2023-09-06_chunk_30] The Prime Minister is aware of how the RAAC issue has affected schools in Essex. We have a high number of schools that have been impacted. He has rightly said today that the Government are doing everything they can to get children back to school. I know there is a debate on this later today, but wil
[UK_debates2024-04-29.txt | UK_debates2024-04-29_chunk_9] I thank the Minister for his positive and helpful response. What discussions has he had with counterparts in the devolved nations, in particular in Northern Ireland, where the two different groups—the nationalists and the Unionists; the Protestants and the Catholics—have been able to develop an unde
[UK_debates2025-09-09.txt | UK_debates2025-09-09_chunk_23] I thank the Minister for a very positive answer and for that commitment. What steps are being taken and what discussions have taken place to ensure that vulnerable young people in Northern Ireland can benefit fully from the better futures fund, particularly in the areas most affected by educational",Error: All API keys in the pool have been exhausted.
